2025-09-04 11:01:43,841 [Worker-5: Loading available Gradle versions] INFO  o.e.b.c.i.u.g.PublishedGradleVersions - Gradle version information cache is not available. Remote download required.
2025-09-04 11:04:49,660 [Worker-6: Importing Maven projects] INFO  o.e.m.c.i.e.AbstractTransferListenerAdapter - Downloading https://repo.maven.apache.org/maven2/org/springframework/boot/spring-boot-starter-parent/3.5.5/spring-boot-starter-parent-3.5.5.pom
2025-09-04 11:04:49,765 [Worker-6: Importing Maven projects] INFO  o.e.m.c.i.e.AbstractTransferListenerAdapter - Downloaded https://repo.maven.apache.org/maven2/org/springframework/boot/spring-boot-starter-parent/3.5.5/spring-boot-starter-parent-3.5.5.pom
2025-09-04 11:04:49,961 [Worker-6: Importing Maven projects] INFO  o.e.m.c.i.e.AbstractTransferListenerAdapter - Downloading https://repo.maven.apache.org/maven2/org/springframework/boot/spring-boot-dependencies/3.5.5/spring-boot-dependencies-3.5.5.pom
2025-09-04 11:04:50,264 [Worker-6: Importing Maven projects] INFO  o.e.m.c.i.e.AbstractTransferListenerAdapter - Downloaded https://repo.maven.apache.org/maven2/org/springframework/boot/spring-boot-dependencies/3.5.5/spring-boot-dependencies-3.5.5.pom
2025-09-04 11:04:50,655 [Worker-6: Importing Maven projects] INFO  o.e.m.c.i.e.AbstractTransferListenerAdapter - Downloading https://repo.maven.apache.org/maven2/org/apache/activemq/activemq-bom/6.1.7/activemq-bom-6.1.7.pom
2025-09-04 11:04:50,658 [Worker-6: Importing Maven projects] INFO  o.e.m.c.i.e.AbstractTransferListenerAdapter - Downloaded https://repo.maven.apache.org/maven2/org/apache/activemq/activemq-bom/6.1.7/activemq-bom-6.1.7.pom
2025-09-04 11:04:50,780 [Worker-6: Importing Maven projects] INFO  o.e.m.c.i.e.AbstractTransferListenerAdapter - Downloading https://repo.maven.apache.org/maven2/org/apache/activemq/artemis-bom/2.40.0/artemis-bom-2.40.0.pom
2025-09-04 11:04:50,783 [Worker-6: Importing Maven projects] INFO  o.e.m.c.i.e.AbstractTransferListenerAdapter - Downloaded https://repo.maven.apache.org/maven2/org/apache/activemq/artemis-bom/2.40.0/artemis-bom-2.40.0.pom
2025-09-04 11:04:50,876 [Worker-6: Importing Maven projects] INFO  o.e.m.c.i.e.AbstractTransferListenerAdapter - Downloading https://repo.maven.apache.org/maven2/org/apache/activemq/artemis-project/2.40.0/artemis-project-2.40.0.pom
2025-09-04 11:04:50,882 [Worker-6: Importing Maven projects] INFO  o.e.m.c.i.e.AbstractTransferListenerAdapter - Downloaded https://repo.maven.apache.org/maven2/org/apache/activemq/artemis-project/2.40.0/artemis-project-2.40.0.pom
2025-09-04 11:04:50,938 [Worker-6: Importing Maven projects] INFO  o.e.m.c.i.e.AbstractTransferListenerAdapter - Downloading https://repo.maven.apache.org/maven2/org/apache/apache/33/apache-33.pom
2025-09-04 11:04:50,942 [Worker-6: Importing Maven projects] INFO  o.e.m.c.i.e.AbstractTransferListenerAdapter - Downloaded https://repo.maven.apache.org/maven2/org/apache/apache/33/apache-33.pom
2025-09-04 11:04:51,488 [Worker-6: Importing Maven projects] INFO  o.e.m.c.i.e.AbstractTransferListenerAdapter - Downloading https://repo.maven.apache.org/maven2/org/assertj/assertj-bom/3.27.4/assertj-bom-3.27.4.pom
2025-09-04 11:04:51,491 [Worker-6: Importing Maven projects] INFO  o.e.m.c.i.e.AbstractTransferListenerAdapter - Downloaded https://repo.maven.apache.org/maven2/org/assertj/assertj-bom/3.27.4/assertj-bom-3.27.4.pom
2025-09-04 11:04:51,664 [Worker-6: Importing Maven projects] INFO  o.e.m.c.i.e.AbstractTransferListenerAdapter - Downloading https://repo.maven.apache.org/maven2/io/zipkin/reporter2/zipkin-reporter-bom/3.5.1/zipkin-reporter-bom-3.5.1.pom
2025-09-04 11:04:51,668 [Worker-6: Importing Maven projects] INFO  o.e.m.c.i.e.AbstractTransferListenerAdapter - Downloaded https://repo.maven.apache.org/maven2/io/zipkin/reporter2/zipkin-reporter-bom/3.5.1/zipkin-reporter-bom-3.5.1.pom
2025-09-04 11:04:51,715 [Worker-6: Importing Maven projects] INFO  o.e.m.c.i.e.AbstractTransferListenerAdapter - Downloading https://repo.maven.apache.org/maven2/io/zipkin/brave/brave-bom/6.1.0/brave-bom-6.1.0.pom
2025-09-04 11:04:51,717 [Worker-6: Importing Maven projects] INFO  o.e.m.c.i.e.AbstractTransferListenerAdapter - Downloaded https://repo.maven.apache.org/maven2/io/zipkin/brave/brave-bom/6.1.0/brave-bom-6.1.0.pom
2025-09-04 11:04:51,759 [Worker-6: Importing Maven projects] INFO  o.e.m.c.i.e.AbstractTransferListenerAdapter - Downloading https://repo.maven.apache.org/maven2/org/apache/cassandra/java-driver-bom/4.19.0/java-driver-bom-4.19.0.pom
2025-09-04 11:04:51,761 [Worker-6: Importing Maven projects] INFO  o.e.m.c.i.e.AbstractTransferListenerAdapter - Downloaded https://repo.maven.apache.org/maven2/org/apache/cassandra/java-driver-bom/4.19.0/java-driver-bom-4.19.0.pom
2025-09-04 11:04:51,804 [Worker-6: Importing Maven projects] INFO  o.e.m.c.i.e.AbstractTransferListenerAdapter - Downloading https://repo.maven.apache.org/maven2/org/glassfish/jaxb/jaxb-bom/4.0.5/jaxb-bom-4.0.5.pom
2025-09-04 11:04:51,806 [Worker-6: Importing Maven projects] INFO  o.e.m.c.i.e.AbstractTransferListenerAdapter - Downloaded https://repo.maven.apache.org/maven2/org/glassfish/jaxb/jaxb-bom/4.0.5/jaxb-bom-4.0.5.pom
2025-09-04 11:04:51,849 [Worker-6: Importing Maven projects] INFO  o.e.m.c.i.e.AbstractTransferListenerAdapter - Downloading https://repo.maven.apache.org/maven2/org/eclipse/ee4j/project/1.0.9/project-1.0.9.pom
2025-09-04 11:04:51,851 [Worker-6: Importing Maven projects] INFO  o.e.m.c.i.e.AbstractTransferListenerAdapter - Downloaded https://repo.maven.apache.org/maven2/org/eclipse/ee4j/project/1.0.9/project-1.0.9.pom
2025-09-04 11:04:51,907 [Worker-6: Importing Maven projects] INFO  o.e.m.c.i.e.AbstractTransferListenerAdapter - Downloading https://repo.maven.apache.org/maven2/org/apache/groovy/groovy-bom/4.0.28/groovy-bom-4.0.28.pom
2025-09-04 11:04:51,910 [Worker-6: Importing Maven projects] INFO  o.e.m.c.i.e.AbstractTransferListenerAdapter - Downloaded https://repo.maven.apache.org/maven2/org/apache/groovy/groovy-bom/4.0.28/groovy-bom-4.0.28.pom
2025-09-04 11:04:51,966 [Worker-6: Importing Maven projects] INFO  o.e.m.c.i.e.AbstractTransferListenerAdapter - Downloading https://repo.maven.apache.org/maven2/org/infinispan/infinispan-bom/15.2.5.Final/infinispan-bom-15.2.5.Final.pom
2025-09-04 11:04:51,969 [Worker-6: Importing Maven projects] INFO  o.e.m.c.i.e.AbstractTransferListenerAdapter - Downloaded https://repo.maven.apache.org/maven2/org/infinispan/infinispan-bom/15.2.5.Final/infinispan-bom-15.2.5.Final.pom
2025-09-04 11:04:52,014 [Worker-6: Importing Maven projects] INFO  o.e.m.c.i.e.AbstractTransferListenerAdapter - Downloading https://repo.maven.apache.org/maven2/org/infinispan/infinispan-build-configuration-parent/15.2.5.Final/infinispan-build-configuration-parent-15.2.5.Final.pom
2025-09-04 11:04:52,017 [Worker-6: Importing Maven projects] INFO  o.e.m.c.i.e.AbstractTransferListenerAdapter - Downloaded https://repo.maven.apache.org/maven2/org/infinispan/infinispan-build-configuration-parent/15.2.5.Final/infinispan-build-configuration-parent-15.2.5.Final.pom
2025-09-04 11:04:52,069 [Worker-6: Importing Maven projects] INFO  o.e.m.c.i.e.AbstractTransferListenerAdapter - Downloading https://repo.maven.apache.org/maven2/com/fasterxml/jackson/jackson-bom/2.19.2/jackson-bom-2.19.2.pom
2025-09-04 11:04:52,071 [Worker-6: Importing Maven projects] INFO  o.e.m.c.i.e.AbstractTransferListenerAdapter - Downloaded https://repo.maven.apache.org/maven2/com/fasterxml/jackson/jackson-bom/2.19.2/jackson-bom-2.19.2.pom
2025-09-04 11:04:52,111 [Worker-6: Importing Maven projects] INFO  o.e.m.c.i.e.AbstractTransferListenerAdapter - Downloading https://repo.maven.apache.org/maven2/com/fasterxml/jackson/jackson-parent/2.19.3/jackson-parent-2.19.3.pom
2025-09-04 11:04:52,114 [Worker-6: Importing Maven projects] INFO  o.e.m.c.i.e.AbstractTransferListenerAdapter - Downloaded https://repo.maven.apache.org/maven2/com/fasterxml/jackson/jackson-parent/2.19.3/jackson-parent-2.19.3.pom
2025-09-04 11:04:52,163 [Worker-6: Importing Maven projects] INFO  o.e.m.c.i.e.AbstractTransferListenerAdapter - Downloading https://repo.maven.apache.org/maven2/com/fasterxml/oss-parent/69/oss-parent-69.pom
2025-09-04 11:04:52,168 [Worker-6: Importing Maven projects] INFO  o.e.m.c.i.e.AbstractTransferListenerAdapter - Downloaded https://repo.maven.apache.org/maven2/com/fasterxml/oss-parent/69/oss-parent-69.pom
2025-09-04 11:04:52,219 [Worker-6: Importing Maven projects] INFO  o.e.m.c.i.e.AbstractTransferListenerAdapter - Downloading https://repo.maven.apache.org/maven2/org/glassfish/jersey/jersey-bom/3.1.11/jersey-bom-3.1.11.pom
2025-09-04 11:04:52,222 [Worker-6: Importing Maven projects] INFO  o.e.m.c.i.e.AbstractTransferListenerAdapter - Downloaded https://repo.maven.apache.org/maven2/org/glassfish/jersey/jersey-bom/3.1.11/jersey-bom-3.1.11.pom
2025-09-04 11:04:52,269 [Worker-6: Importing Maven projects] INFO  o.e.m.c.i.e.AbstractTransferListenerAdapter - Downloading https://repo.maven.apache.org/maven2/org/eclipse/jetty/ee10/jetty-ee10-bom/12.0.25/jetty-ee10-bom-12.0.25.pom
2025-09-04 11:04:52,271 [Worker-6: Importing Maven projects] INFO  o.e.m.c.i.e.AbstractTransferListenerAdapter - Downloaded https://repo.maven.apache.org/maven2/org/eclipse/jetty/ee10/jetty-ee10-bom/12.0.25/jetty-ee10-bom-12.0.25.pom
2025-09-04 11:04:52,316 [Worker-6: Importing Maven projects] INFO  o.e.m.c.i.e.AbstractTransferListenerAdapter - Downloading https://repo.maven.apache.org/maven2/org/eclipse/jetty/jetty-bom/12.0.25/jetty-bom-12.0.25.pom
2025-09-04 11:04:52,319 [Worker-6: Importing Maven projects] INFO  o.e.m.c.i.e.AbstractTransferListenerAdapter - Downloaded https://repo.maven.apache.org/maven2/org/eclipse/jetty/jetty-bom/12.0.25/jetty-bom-12.0.25.pom
2025-09-04 11:04:52,359 [Worker-6: Importing Maven projects] INFO  o.e.m.c.i.e.AbstractTransferListenerAdapter - Downloading https://repo.maven.apache.org/maven2/org/junit/junit-bom/5.12.2/junit-bom-5.12.2.pom
2025-09-04 11:04:52,362 [Worker-6: Importing Maven projects] INFO  o.e.m.c.i.e.AbstractTransferListenerAdapter - Downloaded https://repo.maven.apache.org/maven2/org/junit/junit-bom/5.12.2/junit-bom-5.12.2.pom
2025-09-04 11:04:52,408 [Worker-6: Importing Maven projects] INFO  o.e.m.c.i.e.AbstractTransferListenerAdapter - Downloading https://repo.maven.apache.org/maven2/org/jetbrains/kotlin/kotlin-bom/1.9.25/kotlin-bom-1.9.25.pom
2025-09-04 11:04:52,410 [Worker-6: Importing Maven projects] INFO  o.e.m.c.i.e.AbstractTransferListenerAdapter - Downloaded https://repo.maven.apache.org/maven2/org/jetbrains/kotlin/kotlin-bom/1.9.25/kotlin-bom-1.9.25.pom
2025-09-04 11:04:52,455 [Worker-6: Importing Maven projects] INFO  o.e.m.c.i.e.AbstractTransferListenerAdapter - Downloading https://repo.maven.apache.org/maven2/org/jetbrains/kotlinx/kotlinx-coroutines-bom/1.8.1/kotlinx-coroutines-bom-1.8.1.pom
2025-09-04 11:04:52,458 [Worker-6: Importing Maven projects] INFO  o.e.m.c.i.e.AbstractTransferListenerAdapter - Downloaded https://repo.maven.apache.org/maven2/org/jetbrains/kotlinx/kotlinx-coroutines-bom/1.8.1/kotlinx-coroutines-bom-1.8.1.pom
2025-09-04 11:04:52,492 [Worker-6: Importing Maven projects] INFO  o.e.m.c.i.e.AbstractTransferListenerAdapter - Downloading https://repo.maven.apache.org/maven2/org/jetbrains/kotlinx/kotlinx-serialization-bom/1.6.3/kotlinx-serialization-bom-1.6.3.pom
2025-09-04 11:04:52,494 [Worker-6: Importing Maven projects] INFO  o.e.m.c.i.e.AbstractTransferListenerAdapter - Downloaded https://repo.maven.apache.org/maven2/org/jetbrains/kotlinx/kotlinx-serialization-bom/1.6.3/kotlinx-serialization-bom-1.6.3.pom
2025-09-04 11:04:52,546 [Worker-6: Importing Maven projects] INFO  o.e.m.c.i.e.AbstractTransferListenerAdapter - Downloading https://repo.maven.apache.org/maven2/org/apache/logging/log4j/log4j-bom/2.24.3/log4j-bom-2.24.3.pom
2025-09-04 11:04:52,547 [Worker-6: Importing Maven projects] INFO  o.e.m.c.i.e.AbstractTransferListenerAdapter - Downloaded https://repo.maven.apache.org/maven2/org/apache/logging/log4j/log4j-bom/2.24.3/log4j-bom-2.24.3.pom
2025-09-04 11:04:52,595 [Worker-6: Importing Maven projects] INFO  o.e.m.c.i.e.AbstractTransferListenerAdapter - Downloading https://repo.maven.apache.org/maven2/org/apache/logging/logging-parent/11.3.0/logging-parent-11.3.0.pom
2025-09-04 11:04:52,610 [Worker-6: Importing Maven projects] INFO  o.e.m.c.i.e.AbstractTransferListenerAdapter - Downloaded https://repo.maven.apache.org/maven2/org/apache/logging/logging-parent/11.3.0/logging-parent-11.3.0.pom
2025-09-04 11:04:52,654 [Worker-6: Importing Maven projects] INFO  o.e.m.c.i.e.AbstractTransferListenerAdapter - Downloading https://repo.maven.apache.org/maven2/io/micrometer/micrometer-bom/1.15.3/micrometer-bom-1.15.3.pom
2025-09-04 11:04:52,655 [Worker-6: Importing Maven projects] INFO  o.e.m.c.i.e.AbstractTransferListenerAdapter - Downloaded https://repo.maven.apache.org/maven2/io/micrometer/micrometer-bom/1.15.3/micrometer-bom-1.15.3.pom
2025-09-04 11:04:52,699 [Worker-6: Importing Maven projects] INFO  o.e.m.c.i.e.AbstractTransferListenerAdapter - Downloading https://repo.maven.apache.org/maven2/io/micrometer/micrometer-tracing-bom/1.5.3/micrometer-tracing-bom-1.5.3.pom
2025-09-04 11:04:52,702 [Worker-6: Importing Maven projects] INFO  o.e.m.c.i.e.AbstractTransferListenerAdapter - Downloaded https://repo.maven.apache.org/maven2/io/micrometer/micrometer-tracing-bom/1.5.3/micrometer-tracing-bom-1.5.3.pom
2025-09-04 11:04:52,738 [Worker-6: Importing Maven projects] INFO  o.e.m.c.i.e.AbstractTransferListenerAdapter - Downloading https://repo.maven.apache.org/maven2/org/mockito/mockito-bom/5.17.0/mockito-bom-5.17.0.pom
2025-09-04 11:04:52,740 [Worker-6: Importing Maven projects] INFO  o.e.m.c.i.e.AbstractTransferListenerAdapter - Downloaded https://repo.maven.apache.org/maven2/org/mockito/mockito-bom/5.17.0/mockito-bom-5.17.0.pom
2025-09-04 11:04:52,781 [Worker-6: Importing Maven projects] INFO  o.e.m.c.i.e.AbstractTransferListenerAdapter - Downloading https://repo.maven.apache.org/maven2/org/mongodb/mongodb-driver-bom/5.5.1/mongodb-driver-bom-5.5.1.pom
2025-09-04 11:04:52,784 [Worker-6: Importing Maven projects] INFO  o.e.m.c.i.e.AbstractTransferListenerAdapter - Downloaded https://repo.maven.apache.org/maven2/org/mongodb/mongodb-driver-bom/5.5.1/mongodb-driver-bom-5.5.1.pom
2025-09-04 11:04:52,840 [Worker-6: Importing Maven projects] INFO  o.e.m.c.i.e.AbstractTransferListenerAdapter - Downloading https://repo.maven.apache.org/maven2/io/netty/netty-bom/4.1.124.Final/netty-bom-4.1.124.Final.pom
2025-09-04 11:04:52,844 [Worker-6: Importing Maven projects] INFO  o.e.m.c.i.e.AbstractTransferListenerAdapter - Downloaded https://repo.maven.apache.org/maven2/io/netty/netty-bom/4.1.124.Final/netty-bom-4.1.124.Final.pom
2025-09-04 11:04:52,891 [Worker-6: Importing Maven projects] INFO  o.e.m.c.i.e.AbstractTransferListenerAdapter - Downloading https://repo.maven.apache.org/maven2/org/sonatype/oss/oss-parent/7/oss-parent-7.pom
2025-09-04 11:04:52,893 [Worker-6: Importing Maven projects] INFO  o.e.m.c.i.e.AbstractTransferListenerAdapter - Downloaded https://repo.maven.apache.org/maven2/org/sonatype/oss/oss-parent/7/oss-parent-7.pom
2025-09-04 11:04:52,953 [Worker-6: Importing Maven projects] INFO  o.e.m.c.i.e.AbstractTransferListenerAdapter - Downloading https://repo.maven.apache.org/maven2/io/opentelemetry/opentelemetry-bom/1.49.0/opentelemetry-bom-1.49.0.pom
2025-09-04 11:04:52,955 [Worker-6: Importing Maven projects] INFO  o.e.m.c.i.e.AbstractTransferListenerAdapter - Downloaded https://repo.maven.apache.org/maven2/io/opentelemetry/opentelemetry-bom/1.49.0/opentelemetry-bom-1.49.0.pom
2025-09-04 11:04:53,007 [Worker-6: Importing Maven projects] INFO  o.e.m.c.i.e.AbstractTransferListenerAdapter - Downloading https://repo.maven.apache.org/maven2/io/prometheus/prometheus-metrics-bom/1.3.10/prometheus-metrics-bom-1.3.10.pom
2025-09-04 11:04:53,009 [Worker-6: Importing Maven projects] INFO  o.e.m.c.i.e.AbstractTransferListenerAdapter - Downloaded https://repo.maven.apache.org/maven2/io/prometheus/prometheus-metrics-bom/1.3.10/prometheus-metrics-bom-1.3.10.pom
2025-09-04 11:04:53,047 [Worker-6: Importing Maven projects] INFO  o.e.m.c.i.e.AbstractTransferListenerAdapter - Downloading https://repo.maven.apache.org/maven2/io/prometheus/client_java_parent/1.3.10/client_java_parent-1.3.10.pom
2025-09-04 11:04:53,049 [Worker-6: Importing Maven projects] INFO  o.e.m.c.i.e.AbstractTransferListenerAdapter - Downloaded https://repo.maven.apache.org/maven2/io/prometheus/client_java_parent/1.3.10/client_java_parent-1.3.10.pom
2025-09-04 11:04:53,094 [Worker-6: Importing Maven projects] INFO  o.e.m.c.i.e.AbstractTransferListenerAdapter - Downloading https://repo.maven.apache.org/maven2/io/prometheus/simpleclient_bom/0.16.0/simpleclient_bom-0.16.0.pom
2025-09-04 11:04:53,096 [Worker-6: Importing Maven projects] INFO  o.e.m.c.i.e.AbstractTransferListenerAdapter - Downloaded https://repo.maven.apache.org/maven2/io/prometheus/simpleclient_bom/0.16.0/simpleclient_bom-0.16.0.pom
2025-09-04 11:04:53,139 [Worker-6: Importing Maven projects] INFO  o.e.m.c.i.e.AbstractTransferListenerAdapter - Downloading https://repo.maven.apache.org/maven2/io/prometheus/parent/0.16.0/parent-0.16.0.pom
2025-09-04 11:04:53,145 [Worker-6: Importing Maven projects] INFO  o.e.m.c.i.e.AbstractTransferListenerAdapter - Downloaded https://repo.maven.apache.org/maven2/io/prometheus/parent/0.16.0/parent-0.16.0.pom
2025-09-04 11:04:53,191 [Worker-6: Importing Maven projects] INFO  o.e.m.c.i.e.AbstractTransferListenerAdapter - Downloading https://repo.maven.apache.org/maven2/org/apache/pulsar/pulsar-bom/4.0.6/pulsar-bom-4.0.6.pom
2025-09-04 11:04:53,193 [Worker-6: Importing Maven projects] INFO  o.e.m.c.i.e.AbstractTransferListenerAdapter - Downloaded https://repo.maven.apache.org/maven2/org/apache/pulsar/pulsar-bom/4.0.6/pulsar-bom-4.0.6.pom
2025-09-04 11:04:53,252 [Worker-6: Importing Maven projects] INFO  o.e.m.c.i.e.AbstractTransferListenerAdapter - Downloading https://repo.maven.apache.org/maven2/org/apache/apache/29/apache-29.pom
2025-09-04 11:04:53,254 [Worker-6: Importing Maven projects] INFO  o.e.m.c.i.e.AbstractTransferListenerAdapter - Downloaded https://repo.maven.apache.org/maven2/org/apache/apache/29/apache-29.pom
2025-09-04 11:04:53,307 [Worker-6: Importing Maven projects] INFO  o.e.m.c.i.e.AbstractTransferListenerAdapter - Downloading https://repo.maven.apache.org/maven2/org/apache/pulsar/pulsar-client-reactive-bom/0.6.0/pulsar-client-reactive-bom-0.6.0.pom
2025-09-04 11:04:53,309 [Worker-6: Importing Maven projects] INFO  o.e.m.c.i.e.AbstractTransferListenerAdapter - Downloaded https://repo.maven.apache.org/maven2/org/apache/pulsar/pulsar-client-reactive-bom/0.6.0/pulsar-client-reactive-bom-0.6.0.pom
2025-09-04 11:04:53,347 [Worker-6: Importing Maven projects] INFO  o.e.m.c.i.e.AbstractTransferListenerAdapter - Downloading https://repo.maven.apache.org/maven2/com/querydsl/querydsl-bom/5.1.0/querydsl-bom-5.1.0.pom
2025-09-04 11:04:53,350 [Worker-6: Importing Maven projects] INFO  o.e.m.c.i.e.AbstractTransferListenerAdapter - Downloaded https://repo.maven.apache.org/maven2/com/querydsl/querydsl-bom/5.1.0/querydsl-bom-5.1.0.pom
2025-09-04 11:04:53,405 [Worker-6: Importing Maven projects] INFO  o.e.m.c.i.e.AbstractTransferListenerAdapter - Downloading https://repo.maven.apache.org/maven2/io/projectreactor/reactor-bom/2024.0.9/reactor-bom-2024.0.9.pom
2025-09-04 11:04:53,407 [Worker-6: Importing Maven projects] INFO  o.e.m.c.i.e.AbstractTransferListenerAdapter - Downloaded https://repo.maven.apache.org/maven2/io/projectreactor/reactor-bom/2024.0.9/reactor-bom-2024.0.9.pom
2025-09-04 11:04:53,458 [Worker-6: Importing Maven projects] INFO  o.e.m.c.i.e.AbstractTransferListenerAdapter - Downloading https://repo.maven.apache.org/maven2/io/rest-assured/rest-assured-bom/5.5.6/rest-assured-bom-5.5.6.pom
2025-09-04 11:04:53,460 [Worker-6: Importing Maven projects] INFO  o.e.m.c.i.e.AbstractTransferListenerAdapter - Downloaded https://repo.maven.apache.org/maven2/io/rest-assured/rest-assured-bom/5.5.6/rest-assured-bom-5.5.6.pom
2025-09-04 11:04:53,500 [Worker-6: Importing Maven projects] INFO  o.e.m.c.i.e.AbstractTransferListenerAdapter - Downloading https://repo.maven.apache.org/maven2/io/rsocket/rsocket-bom/1.1.5/rsocket-bom-1.1.5.pom
2025-09-04 11:04:53,502 [Worker-6: Importing Maven projects] INFO  o.e.m.c.i.e.AbstractTransferListenerAdapter - Downloaded https://repo.maven.apache.org/maven2/io/rsocket/rsocket-bom/1.1.5/rsocket-bom-1.1.5.pom
2025-09-04 11:04:53,543 [Worker-6: Importing Maven projects] INFO  o.e.m.c.i.e.AbstractTransferListenerAdapter - Downloading https://repo.maven.apache.org/maven2/org/seleniumhq/selenium/selenium-bom/4.31.0/selenium-bom-4.31.0.pom
2025-09-04 11:04:53,545 [Worker-6: Importing Maven projects] INFO  o.e.m.c.i.e.AbstractTransferListenerAdapter - Downloaded https://repo.maven.apache.org/maven2/org/seleniumhq/selenium/selenium-bom/4.31.0/selenium-bom-4.31.0.pom
2025-09-04 11:04:53,595 [Worker-6: Importing Maven projects] INFO  o.e.m.c.i.e.AbstractTransferListenerAdapter - Downloading https://repo.maven.apache.org/maven2/org/springframework/amqp/spring-amqp-bom/3.2.6/spring-amqp-bom-3.2.6.pom
2025-09-04 11:04:53,598 [Worker-6: Importing Maven projects] INFO  o.e.m.c.i.e.AbstractTransferListenerAdapter - Downloaded https://repo.maven.apache.org/maven2/org/springframework/amqp/spring-amqp-bom/3.2.6/spring-amqp-bom-3.2.6.pom
2025-09-04 11:04:53,649 [Worker-6: Importing Maven projects] INFO  o.e.m.c.i.e.AbstractTransferListenerAdapter - Downloading https://repo.maven.apache.org/maven2/org/springframework/batch/spring-batch-bom/5.2.2/spring-batch-bom-5.2.2.pom
2025-09-04 11:04:53,653 [Worker-6: Importing Maven projects] INFO  o.e.m.c.i.e.AbstractTransferListenerAdapter - Downloaded https://repo.maven.apache.org/maven2/org/springframework/batch/spring-batch-bom/5.2.2/spring-batch-bom-5.2.2.pom
2025-09-04 11:04:53,701 [Worker-6: Importing Maven projects] INFO  o.e.m.c.i.e.AbstractTransferListenerAdapter - Downloading https://repo.maven.apache.org/maven2/org/springframework/data/spring-data-bom/2025.0.3/spring-data-bom-2025.0.3.pom
2025-09-04 11:04:53,703 [Worker-6: Importing Maven projects] INFO  o.e.m.c.i.e.AbstractTransferListenerAdapter - Downloaded https://repo.maven.apache.org/maven2/org/springframework/data/spring-data-bom/2025.0.3/spring-data-bom-2025.0.3.pom
2025-09-04 11:04:53,748 [Worker-6: Importing Maven projects] INFO  o.e.m.c.i.e.AbstractTransferListenerAdapter - Downloading https://repo.maven.apache.org/maven2/org/springframework/spring-framework-bom/6.2.10/spring-framework-bom-6.2.10.pom
2025-09-04 11:04:53,750 [Worker-6: Importing Maven projects] INFO  o.e.m.c.i.e.AbstractTransferListenerAdapter - Downloaded https://repo.maven.apache.org/maven2/org/springframework/spring-framework-bom/6.2.10/spring-framework-bom-6.2.10.pom
2025-09-04 11:04:53,788 [Worker-6: Importing Maven projects] INFO  o.e.m.c.i.e.AbstractTransferListenerAdapter - Downloading https://repo.maven.apache.org/maven2/org/springframework/integration/spring-integration-bom/6.5.1/spring-integration-bom-6.5.1.pom
2025-09-04 11:04:53,790 [Worker-6: Importing Maven projects] INFO  o.e.m.c.i.e.AbstractTransferListenerAdapter - Downloaded https://repo.maven.apache.org/maven2/org/springframework/integration/spring-integration-bom/6.5.1/spring-integration-bom-6.5.1.pom
2025-09-04 11:04:53,827 [Worker-6: Importing Maven projects] INFO  o.e.m.c.i.e.AbstractTransferListenerAdapter - Downloading https://repo.maven.apache.org/maven2/org/springframework/pulsar/spring-pulsar-bom/1.2.9/spring-pulsar-bom-1.2.9.pom
2025-09-04 11:04:53,829 [Worker-6: Importing Maven projects] INFO  o.e.m.c.i.e.AbstractTransferListenerAdapter - Downloaded https://repo.maven.apache.org/maven2/org/springframework/pulsar/spring-pulsar-bom/1.2.9/spring-pulsar-bom-1.2.9.pom
2025-09-04 11:04:53,870 [Worker-6: Importing Maven projects] INFO  o.e.m.c.i.e.AbstractTransferListenerAdapter - Downloading https://repo.maven.apache.org/maven2/org/springframework/restdocs/spring-restdocs-bom/3.0.5/spring-restdocs-bom-3.0.5.pom
2025-09-04 11:04:53,872 [Worker-6: Importing Maven projects] INFO  o.e.m.c.i.e.AbstractTransferListenerAdapter - Downloaded https://repo.maven.apache.org/maven2/org/springframework/restdocs/spring-restdocs-bom/3.0.5/spring-restdocs-bom-3.0.5.pom
2025-09-04 11:04:53,918 [Worker-6: Importing Maven projects] INFO  o.e.m.c.i.e.AbstractTransferListenerAdapter - Downloading https://repo.maven.apache.org/maven2/org/springframework/security/spring-security-bom/6.5.3/spring-security-bom-6.5.3.pom
2025-09-04 11:04:53,921 [Worker-6: Importing Maven projects] INFO  o.e.m.c.i.e.AbstractTransferListenerAdapter - Downloaded https://repo.maven.apache.org/maven2/org/springframework/security/spring-security-bom/6.5.3/spring-security-bom-6.5.3.pom
2025-09-04 11:04:53,970 [Worker-6: Importing Maven projects] INFO  o.e.m.c.i.e.AbstractTransferListenerAdapter - Downloading https://repo.maven.apache.org/maven2/org/springframework/session/spring-session-bom/3.5.2/spring-session-bom-3.5.2.pom
2025-09-04 11:04:53,972 [Worker-6: Importing Maven projects] INFO  o.e.m.c.i.e.AbstractTransferListenerAdapter - Downloaded https://repo.maven.apache.org/maven2/org/springframework/session/spring-session-bom/3.5.2/spring-session-bom-3.5.2.pom
2025-09-04 11:04:54,025 [Worker-6: Importing Maven projects] INFO  o.e.m.c.i.e.AbstractTransferListenerAdapter - Downloading https://repo.maven.apache.org/maven2/org/springframework/ws/spring-ws-bom/4.1.1/spring-ws-bom-4.1.1.pom
2025-09-04 11:04:54,027 [Worker-6: Importing Maven projects] INFO  o.e.m.c.i.e.AbstractTransferListenerAdapter - Downloaded https://repo.maven.apache.org/maven2/org/springframework/ws/spring-ws-bom/4.1.1/spring-ws-bom-4.1.1.pom
2025-09-04 11:04:54,082 [Worker-6: Importing Maven projects] INFO  o.e.m.c.i.e.AbstractTransferListenerAdapter - Downloading https://repo.maven.apache.org/maven2/org/testcontainers/testcontainers-bom/1.21.3/testcontainers-bom-1.21.3.pom
2025-09-04 11:04:54,089 [Worker-6: Importing Maven projects] INFO  o.e.m.c.i.e.AbstractTransferListenerAdapter - Downloaded https://repo.maven.apache.org/maven2/org/testcontainers/testcontainers-bom/1.21.3/testcontainers-bom-1.21.3.pom
2025-09-04 11:04:54,538 [Worker-6: Importing Maven projects] INFO  o.e.m.c.i.e.AbstractTransferListenerAdapter - Downloading https://repo.maven.apache.org/maven2/org/springframework/boot/spring-boot-maven-plugin/3.5.5/spring-boot-maven-plugin-3.5.5.pom
2025-09-04 11:04:54,539 [Worker-6: Importing Maven projects] INFO  o.e.m.c.i.e.AbstractTransferListenerAdapter - Downloaded https://repo.maven.apache.org/maven2/org/springframework/boot/spring-boot-maven-plugin/3.5.5/spring-boot-maven-plugin-3.5.5.pom
2025-09-04 11:04:54,599 [Worker-6: Importing Maven projects] INFO  o.e.m.c.i.e.AbstractTransferListenerAdapter - Downloading https://repo.maven.apache.org/maven2/org/springframework/boot/spring-boot-maven-plugin/3.5.5/spring-boot-maven-plugin-3.5.5.jar
2025-09-04 11:04:54,615 [Worker-6: Importing Maven projects] INFO  o.e.m.c.i.e.AbstractTransferListenerAdapter - Downloaded https://repo.maven.apache.org/maven2/org/springframework/boot/spring-boot-maven-plugin/3.5.5/spring-boot-maven-plugin-3.5.5.jar
2025-09-04 11:04:54,707 [Worker-6: Importing Maven projects] INFO  o.e.m.c.i.e.AbstractTransferListenerAdapter - Downloading https://repo.maven.apache.org/maven2/org/apache/maven/plugins/maven-clean-plugin/3.4.1/maven-clean-plugin-3.4.1.jar
2025-09-04 11:04:54,712 [Worker-6: Importing Maven projects] INFO  o.e.m.c.i.e.AbstractTransferListenerAdapter - Downloaded https://repo.maven.apache.org/maven2/org/apache/maven/plugins/maven-clean-plugin/3.4.1/maven-clean-plugin-3.4.1.jar
2025-09-04 11:04:54,758 [Worker-6: Importing Maven projects] INFO  o.e.m.c.i.e.AbstractTransferListenerAdapter - Downloading https://repo.maven.apache.org/maven2/org/apache/maven/plugins/maven-resources-plugin/3.3.1/maven-resources-plugin-3.3.1.jar
2025-09-04 11:04:54,763 [Worker-6: Importing Maven projects] INFO  o.e.m.c.i.e.AbstractTransferListenerAdapter - Downloaded https://repo.maven.apache.org/maven2/org/apache/maven/plugins/maven-resources-plugin/3.3.1/maven-resources-plugin-3.3.1.jar
2025-09-04 11:04:54,809 [Worker-6: Importing Maven projects] INFO  o.e.m.c.i.e.AbstractTransferListenerAdapter - Downloading https://repo.maven.apache.org/maven2/org/apache/maven/plugins/maven-compiler-plugin/3.14.0/maven-compiler-plugin-3.14.0.jar
2025-09-04 11:04:54,823 [Worker-6: Importing Maven projects] INFO  o.e.m.c.i.e.AbstractTransferListenerAdapter - Downloaded https://repo.maven.apache.org/maven2/org/apache/maven/plugins/maven-compiler-plugin/3.14.0/maven-compiler-plugin-3.14.0.jar
2025-09-04 11:04:54,868 [Worker-6: Importing Maven projects] INFO  o.e.m.c.i.e.AbstractTransferListenerAdapter - Downloading https://repo.maven.apache.org/maven2/org/apache/maven/plugins/maven-surefire-plugin/3.5.3/maven-surefire-plugin-3.5.3.jar
2025-09-04 11:04:54,876 [Worker-6: Importing Maven projects] INFO  o.e.m.c.i.e.AbstractTransferListenerAdapter - Downloaded https://repo.maven.apache.org/maven2/org/apache/maven/plugins/maven-surefire-plugin/3.5.3/maven-surefire-plugin-3.5.3.jar
2025-09-04 11:04:54,918 [Worker-6: Importing Maven projects] INFO  o.e.m.c.i.e.AbstractTransferListenerAdapter - Downloading https://repo.maven.apache.org/maven2/org/apache/maven/plugins/maven-jar-plugin/3.4.2/maven-jar-plugin-3.4.2.jar
2025-09-04 11:04:54,930 [Worker-6: Importing Maven projects] INFO  o.e.m.c.i.e.AbstractTransferListenerAdapter - Downloaded https://repo.maven.apache.org/maven2/org/apache/maven/plugins/maven-jar-plugin/3.4.2/maven-jar-plugin-3.4.2.jar
2025-09-04 11:04:54,992 [Worker-6: Importing Maven projects] INFO  o.e.m.c.i.e.AbstractTransferListenerAdapter - Downloading https://repo.maven.apache.org/maven2/org/apache/maven/plugins/maven-install-plugin/3.1.4/maven-install-plugin-3.1.4.jar
2025-09-04 11:04:55,005 [Worker-6: Importing Maven projects] INFO  o.e.m.c.i.e.AbstractTransferListenerAdapter - Downloaded https://repo.maven.apache.org/maven2/org/apache/maven/plugins/maven-install-plugin/3.1.4/maven-install-plugin-3.1.4.jar
2025-09-04 11:04:55,056 [Worker-6: Importing Maven projects] INFO  o.e.m.c.i.e.AbstractTransferListenerAdapter - Downloading https://repo.maven.apache.org/maven2/org/apache/maven/plugins/maven-deploy-plugin/3.1.4/maven-deploy-plugin-3.1.4.jar
2025-09-04 11:04:55,072 [Worker-6: Importing Maven projects] INFO  o.e.m.c.i.e.AbstractTransferListenerAdapter - Downloaded https://repo.maven.apache.org/maven2/org/apache/maven/plugins/maven-deploy-plugin/3.1.4/maven-deploy-plugin-3.1.4.jar
2025-09-04 11:04:55,143 [Worker-6: Importing Maven projects] INFO  o.e.m.c.i.e.AbstractTransferListenerAdapter - Downloading https://repo.maven.apache.org/maven2/org/apache/maven/plugins/maven-site-plugin/3.12.1/maven-site-plugin-3.12.1.jar
2025-09-04 11:04:55,167 [Worker-6: Importing Maven projects] INFO  o.e.m.c.i.e.AbstractTransferListenerAdapter - Downloaded https://repo.maven.apache.org/maven2/org/apache/maven/plugins/maven-site-plugin/3.12.1/maven-site-plugin-3.12.1.jar
2025-09-04 11:04:55,251 [Worker-6: Importing Maven projects] INFO  o.e.m.c.i.e.AbstractTransferListenerAdapter - Downloading https://repo.maven.apache.org/maven2/org/apache/maven/plugins/maven-compiler-plugin/3.14.0/maven-compiler-plugin-3.14.0.pom
2025-09-04 11:04:55,252 [Worker-6: Importing Maven projects] INFO  o.e.m.c.i.e.AbstractTransferListenerAdapter - Downloaded https://repo.maven.apache.org/maven2/org/apache/maven/plugins/maven-compiler-plugin/3.14.0/maven-compiler-plugin-3.14.0.pom
2025-09-04 11:04:55,307 [Worker-6: Importing Maven projects] INFO  o.e.m.c.i.e.AbstractTransferListenerAdapter - Downloading https://repo.maven.apache.org/maven2/org/apache/maven/plugins/maven-plugins/43/maven-plugins-43.pom
2025-09-04 11:04:55,312 [Worker-6: Importing Maven projects] INFO  o.e.m.c.i.e.AbstractTransferListenerAdapter - Downloaded https://repo.maven.apache.org/maven2/org/apache/maven/plugins/maven-plugins/43/maven-plugins-43.pom
2025-09-04 11:04:55,349 [Worker-6: Importing Maven projects] INFO  o.e.m.c.i.e.AbstractTransferListenerAdapter - Downloading https://repo.maven.apache.org/maven2/org/apache/maven/maven-parent/43/maven-parent-43.pom
2025-09-04 11:04:55,358 [Worker-6: Importing Maven projects] INFO  o.e.m.c.i.e.AbstractTransferListenerAdapter - Downloaded https://repo.maven.apache.org/maven2/org/apache/maven/maven-parent/43/maven-parent-43.pom
2025-09-04 11:04:55,422 [Worker-6: Importing Maven projects] INFO  o.e.m.c.i.e.AbstractTransferListenerAdapter - Downloading https://repo.maven.apache.org/maven2/org/junit/junit-bom/5.10.3/junit-bom-5.10.3.pom
2025-09-04 11:04:55,423 [Worker-6: Importing Maven projects] INFO  o.e.m.c.i.e.AbstractTransferListenerAdapter - Downloaded https://repo.maven.apache.org/maven2/org/junit/junit-bom/5.10.3/junit-bom-5.10.3.pom
2025-09-04 11:04:55,515 [Worker-6: Importing Maven projects] INFO  o.e.m.c.i.e.AbstractTransferListenerAdapter - Downloading https://repo.maven.apache.org/maven2/org/apache/maven/shared/maven-shared-utils/3.4.2/maven-shared-utils-3.4.2.pom
2025-09-04 11:04:55,516 [Worker-6: Importing Maven projects] INFO  o.e.m.c.i.e.AbstractTransferListenerAdapter - Downloaded https://repo.maven.apache.org/maven2/org/apache/maven/shared/maven-shared-utils/3.4.2/maven-shared-utils-3.4.2.pom
2025-09-04 11:04:55,559 [Worker-6: Importing Maven projects] INFO  o.e.m.c.i.e.AbstractTransferListenerAdapter - Downloading https://repo.maven.apache.org/maven2/org/apache/maven/shared/maven-shared-components/39/maven-shared-components-39.pom
2025-09-04 11:04:55,561 [Worker-6: Importing Maven projects] INFO  o.e.m.c.i.e.AbstractTransferListenerAdapter - Downloaded https://repo.maven.apache.org/maven2/org/apache/maven/shared/maven-shared-components/39/maven-shared-components-39.pom
2025-09-04 11:04:55,611 [Worker-6: Importing Maven projects] INFO  o.e.m.c.i.e.AbstractTransferListenerAdapter - Downloading https://repo.maven.apache.org/maven2/org/apache/maven/maven-parent/39/maven-parent-39.pom
2025-09-04 11:04:55,615 [Worker-6: Importing Maven projects] INFO  o.e.m.c.i.e.AbstractTransferListenerAdapter - Downloaded https://repo.maven.apache.org/maven2/org/apache/maven/maven-parent/39/maven-parent-39.pom
2025-09-04 11:04:55,675 [Worker-6: Importing Maven projects] INFO  o.e.m.c.i.e.AbstractTransferListenerAdapter - Downloading https://repo.maven.apache.org/maven2/org/slf4j/slf4j-api/1.7.36/slf4j-api-1.7.36.pom
2025-09-04 11:04:55,677 [Worker-6: Importing Maven projects] INFO  o.e.m.c.i.e.AbstractTransferListenerAdapter - Downloaded https://repo.maven.apache.org/maven2/org/slf4j/slf4j-api/1.7.36/slf4j-api-1.7.36.pom
2025-09-04 11:04:55,727 [Worker-6: Importing Maven projects] INFO  o.e.m.c.i.e.AbstractTransferListenerAdapter - Downloading https://repo.maven.apache.org/maven2/org/slf4j/slf4j-parent/1.7.36/slf4j-parent-1.7.36.pom
2025-09-04 11:04:55,736 [Worker-6: Importing Maven projects] INFO  o.e.m.c.i.e.AbstractTransferListenerAdapter - Downloaded https://repo.maven.apache.org/maven2/org/slf4j/slf4j-parent/1.7.36/slf4j-parent-1.7.36.pom
2025-09-04 11:04:55,788 [Worker-6: Importing Maven projects] INFO  o.e.m.c.i.e.AbstractTransferListenerAdapter - Downloading https://repo.maven.apache.org/maven2/commons-io/commons-io/2.11.0/commons-io-2.11.0.pom
2025-09-04 11:04:56,172 [Worker-6: Importing Maven projects] INFO  o.e.m.c.i.e.AbstractTransferListenerAdapter - Downloaded https://repo.maven.apache.org/maven2/commons-io/commons-io/2.11.0/commons-io-2.11.0.pom
2025-09-04 11:04:56,209 [Worker-6: Importing Maven projects] INFO  o.e.m.c.i.e.AbstractTransferListenerAdapter - Downloading https://repo.maven.apache.org/maven2/org/apache/commons/commons-parent/52/commons-parent-52.pom
2025-09-04 11:04:56,225 [Worker-6: Importing Maven projects] INFO  o.e.m.c.i.e.AbstractTransferListenerAdapter - Downloaded https://repo.maven.apache.org/maven2/org/apache/commons/commons-parent/52/commons-parent-52.pom
2025-09-04 11:04:56,276 [Worker-6: Importing Maven projects] INFO  o.e.m.c.i.e.AbstractTransferListenerAdapter - Downloading https://repo.maven.apache.org/maven2/org/apache/apache/23/apache-23.pom
2025-09-04 11:04:56,292 [Worker-6: Importing Maven projects] INFO  o.e.m.c.i.e.AbstractTransferListenerAdapter - Downloaded https://repo.maven.apache.org/maven2/org/apache/apache/23/apache-23.pom
2025-09-04 11:04:56,351 [Worker-6: Importing Maven projects] INFO  o.e.m.c.i.e.AbstractTransferListenerAdapter - Downloading https://repo.maven.apache.org/maven2/org/junit/junit-bom/5.7.2/junit-bom-5.7.2.pom
2025-09-04 11:04:56,353 [Worker-6: Importing Maven projects] INFO  o.e.m.c.i.e.AbstractTransferListenerAdapter - Downloaded https://repo.maven.apache.org/maven2/org/junit/junit-bom/5.7.2/junit-bom-5.7.2.pom
2025-09-04 11:04:56,411 [Worker-6: Importing Maven projects] INFO  o.e.m.c.i.e.AbstractTransferListenerAdapter - Downloading https://repo.maven.apache.org/maven2/org/apache/maven/shared/maven-shared-incremental/1.1/maven-shared-incremental-1.1.pom
2025-09-04 11:04:56,413 [Worker-6: Importing Maven projects] INFO  o.e.m.c.i.e.AbstractTransferListenerAdapter - Downloaded https://repo.maven.apache.org/maven2/org/apache/maven/shared/maven-shared-incremental/1.1/maven-shared-incremental-1.1.pom
2025-09-04 11:04:56,459 [Worker-6: Importing Maven projects] INFO  o.e.m.c.i.e.AbstractTransferListenerAdapter - Downloading https://repo.maven.apache.org/maven2/org/apache/maven/shared/maven-shared-components/19/maven-shared-components-19.pom
2025-09-04 11:04:56,461 [Worker-6: Importing Maven projects] INFO  o.e.m.c.i.e.AbstractTransferListenerAdapter - Downloaded https://repo.maven.apache.org/maven2/org/apache/maven/shared/maven-shared-components/19/maven-shared-components-19.pom
2025-09-04 11:04:56,515 [Worker-6: Importing Maven projects] INFO  o.e.m.c.i.e.AbstractTransferListenerAdapter - Downloading https://repo.maven.apache.org/maven2/org/apache/maven/maven-parent/23/maven-parent-23.pom
2025-09-04 11:04:56,534 [Worker-6: Importing Maven projects] INFO  o.e.m.c.i.e.AbstractTransferListenerAdapter - Downloaded https://repo.maven.apache.org/maven2/org/apache/maven/maven-parent/23/maven-parent-23.pom
2025-09-04 11:04:56,595 [Worker-6: Importing Maven projects] INFO  o.e.m.c.i.e.AbstractTransferListenerAdapter - Downloading https://repo.maven.apache.org/maven2/org/apache/apache/13/apache-13.pom
2025-09-04 11:04:56,596 [Worker-6: Importing Maven projects] INFO  o.e.m.c.i.e.AbstractTransferListenerAdapter - Downloaded https://repo.maven.apache.org/maven2/org/apache/apache/13/apache-13.pom
2025-09-04 11:04:56,668 [Worker-6: Importing Maven projects] INFO  o.e.m.c.i.e.AbstractTransferListenerAdapter - Downloading https://repo.maven.apache.org/maven2/org/codehaus/plexus/plexus-java/1.4.0/plexus-java-1.4.0.pom
2025-09-04 11:04:56,670 [Worker-6: Importing Maven projects] INFO  o.e.m.c.i.e.AbstractTransferListenerAdapter - Downloaded https://repo.maven.apache.org/maven2/org/codehaus/plexus/plexus-java/1.4.0/plexus-java-1.4.0.pom
2025-09-04 11:04:56,709 [Worker-6: Importing Maven projects] INFO  o.e.m.c.i.e.AbstractTransferListenerAdapter - Downloading https://repo.maven.apache.org/maven2/org/codehaus/plexus/plexus-languages/1.4.0/plexus-languages-1.4.0.pom
2025-09-04 11:04:56,711 [Worker-6: Importing Maven projects] INFO  o.e.m.c.i.e.AbstractTransferListenerAdapter - Downloaded https://repo.maven.apache.org/maven2/org/codehaus/plexus/plexus-languages/1.4.0/plexus-languages-1.4.0.pom
2025-09-04 11:04:56,750 [Worker-6: Importing Maven projects] INFO  o.e.m.c.i.e.AbstractTransferListenerAdapter - Downloading https://repo.maven.apache.org/maven2/org/codehaus/plexus/plexus/20/plexus-20.pom
2025-09-04 11:04:56,758 [Worker-6: Importing Maven projects] INFO  o.e.m.c.i.e.AbstractTransferListenerAdapter - Downloaded https://repo.maven.apache.org/maven2/org/codehaus/plexus/plexus/20/plexus-20.pom
2025-09-04 11:04:56,815 [Worker-6: Importing Maven projects] INFO  o.e.m.c.i.e.AbstractTransferListenerAdapter - Downloading https://repo.maven.apache.org/maven2/org/junit/junit-bom/5.11.4/junit-bom-5.11.4.pom
2025-09-04 11:04:56,818 [Worker-6: Importing Maven projects] INFO  o.e.m.c.i.e.AbstractTransferListenerAdapter - Downloaded https://repo.maven.apache.org/maven2/org/junit/junit-bom/5.11.4/junit-bom-5.11.4.pom
2025-09-04 11:04:56,873 [Worker-6: Importing Maven projects] INFO  o.e.m.c.i.e.AbstractTransferListenerAdapter - Downloading https://repo.maven.apache.org/maven2/org/ow2/asm/asm/9.7.1/asm-9.7.1.pom
2025-09-04 11:04:56,876 [Worker-6: Importing Maven projects] INFO  o.e.m.c.i.e.AbstractTransferListenerAdapter - Downloaded https://repo.maven.apache.org/maven2/org/ow2/asm/asm/9.7.1/asm-9.7.1.pom
2025-09-04 11:04:56,926 [Worker-6: Importing Maven projects] INFO  o.e.m.c.i.e.AbstractTransferListenerAdapter - Downloading https://repo.maven.apache.org/maven2/org/ow2/ow2/1.5.1/ow2-1.5.1.pom
2025-09-04 11:04:56,928 [Worker-6: Importing Maven projects] INFO  o.e.m.c.i.e.AbstractTransferListenerAdapter - Downloaded https://repo.maven.apache.org/maven2/org/ow2/ow2/1.5.1/ow2-1.5.1.pom
2025-09-04 11:04:56,977 [Worker-6: Importing Maven projects] INFO  o.e.m.c.i.e.AbstractTransferListenerAdapter - Downloading https://repo.maven.apache.org/maven2/com/thoughtworks/qdox/qdox/2.2.0/qdox-2.2.0.pom
2025-09-04 11:04:56,982 [Worker-6: Importing Maven projects] INFO  o.e.m.c.i.e.AbstractTransferListenerAdapter - Downloaded https://repo.maven.apache.org/maven2/com/thoughtworks/qdox/qdox/2.2.0/qdox-2.2.0.pom
2025-09-04 11:04:57,038 [Worker-6: Importing Maven projects] INFO  o.e.m.c.i.e.AbstractTransferListenerAdapter - Downloading https://repo.maven.apache.org/maven2/org/sonatype/oss/oss-parent/9/oss-parent-9.pom
2025-09-04 11:04:57,039 [Worker-6: Importing Maven projects] INFO  o.e.m.c.i.e.AbstractTransferListenerAdapter - Downloaded https://repo.maven.apache.org/maven2/org/sonatype/oss/oss-parent/9/oss-parent-9.pom
2025-09-04 11:04:57,086 [Worker-6: Importing Maven projects] INFO  o.e.m.c.i.e.AbstractTransferListenerAdapter - Downloading https://repo.maven.apache.org/maven2/org/codehaus/plexus/plexus-compiler-api/2.15.0/plexus-compiler-api-2.15.0.pom
2025-09-04 11:04:57,088 [Worker-6: Importing Maven projects] INFO  o.e.m.c.i.e.AbstractTransferListenerAdapter - Downloaded https://repo.maven.apache.org/maven2/org/codehaus/plexus/plexus-compiler-api/2.15.0/plexus-compiler-api-2.15.0.pom
2025-09-04 11:04:57,141 [Worker-6: Importing Maven projects] INFO  o.e.m.c.i.e.AbstractTransferListenerAdapter - Downloading https://repo.maven.apache.org/maven2/org/codehaus/plexus/plexus-compiler/2.15.0/plexus-compiler-2.15.0.pom
2025-09-04 11:04:57,143 [Worker-6: Importing Maven projects] INFO  o.e.m.c.i.e.AbstractTransferListenerAdapter - Downloaded https://repo.maven.apache.org/maven2/org/codehaus/plexus/plexus-compiler/2.15.0/plexus-compiler-2.15.0.pom
2025-09-04 11:04:57,179 [Worker-6: Importing Maven projects] INFO  o.e.m.c.i.e.AbstractTransferListenerAdapter - Downloading https://repo.maven.apache.org/maven2/org/codehaus/plexus/plexus/17/plexus-17.pom
2025-09-04 11:04:57,185 [Worker-6: Importing Maven projects] INFO  o.e.m.c.i.e.AbstractTransferListenerAdapter - Downloaded https://repo.maven.apache.org/maven2/org/codehaus/plexus/plexus/17/plexus-17.pom
2025-09-04 11:04:57,230 [Worker-6: Importing Maven projects] INFO  o.e.m.c.i.e.AbstractTransferListenerAdapter - Downloading https://repo.maven.apache.org/maven2/org/junit/junit-bom/5.10.2/junit-bom-5.10.2.pom
2025-09-04 11:04:57,232 [Worker-6: Importing Maven projects] INFO  o.e.m.c.i.e.AbstractTransferListenerAdapter - Downloaded https://repo.maven.apache.org/maven2/org/junit/junit-bom/5.10.2/junit-bom-5.10.2.pom
2025-09-04 11:04:57,281 [Worker-6: Importing Maven projects] INFO  o.e.m.c.i.e.AbstractTransferListenerAdapter - Downloading https://repo.maven.apache.org/maven2/org/codehaus/plexus/plexus-utils/4.0.1/plexus-utils-4.0.1.pom
2025-09-04 11:04:57,282 [Worker-6: Importing Maven projects] INFO  o.e.m.c.i.e.AbstractTransferListenerAdapter - Downloaded https://repo.maven.apache.org/maven2/org/codehaus/plexus/plexus-utils/4.0.1/plexus-utils-4.0.1.pom
2025-09-04 11:04:57,319 [Worker-6: Importing Maven projects] INFO  o.e.m.c.i.e.AbstractTransferListenerAdapter - Downloading https://repo.maven.apache.org/maven2/org/codehaus/plexus/plexus-compiler-manager/2.15.0/plexus-compiler-manager-2.15.0.pom
2025-09-04 11:04:57,320 [Worker-6: Importing Maven projects] INFO  o.e.m.c.i.e.AbstractTransferListenerAdapter - Downloaded https://repo.maven.apache.org/maven2/org/codehaus/plexus/plexus-compiler-manager/2.15.0/plexus-compiler-manager-2.15.0.pom
2025-09-04 11:04:57,370 [Worker-6: Importing Maven projects] INFO  o.e.m.c.i.e.AbstractTransferListenerAdapter - Downloading https://repo.maven.apache.org/maven2/javax/inject/javax.inject/1/javax.inject-1.pom
2025-09-04 11:04:57,372 [Worker-6: Importing Maven projects] INFO  o.e.m.c.i.e.AbstractTransferListenerAdapter - Downloaded https://repo.maven.apache.org/maven2/javax/inject/javax.inject/1/javax.inject-1.pom
2025-09-04 11:04:57,418 [Worker-6: Importing Maven projects] INFO  o.e.m.c.i.e.AbstractTransferListenerAdapter - Downloading https://repo.maven.apache.org/maven2/org/codehaus/plexus/plexus-xml/3.0.1/plexus-xml-3.0.1.pom
2025-09-04 11:04:57,420 [Worker-6: Importing Maven projects] INFO  o.e.m.c.i.e.AbstractTransferListenerAdapter - Downloaded https://repo.maven.apache.org/maven2/org/codehaus/plexus/plexus-xml/3.0.1/plexus-xml-3.0.1.pom
2025-09-04 11:04:57,458 [Worker-6: Importing Maven projects] INFO  o.e.m.c.i.e.AbstractTransferListenerAdapter - Downloading https://repo.maven.apache.org/maven2/org/codehaus/plexus/plexus/18/plexus-18.pom
2025-09-04 11:04:57,465 [Worker-6: Importing Maven projects] INFO  o.e.m.c.i.e.AbstractTransferListenerAdapter - Downloaded https://repo.maven.apache.org/maven2/org/codehaus/plexus/plexus/18/plexus-18.pom
2025-09-04 11:04:57,508 [Worker-6: Importing Maven projects] INFO  o.e.m.c.i.e.AbstractTransferListenerAdapter - Downloading https://repo.maven.apache.org/maven2/org/codehaus/plexus/plexus-compiler-javac/2.15.0/plexus-compiler-javac-2.15.0.pom
2025-09-04 11:04:57,509 [Worker-6: Importing Maven projects] INFO  o.e.m.c.i.e.AbstractTransferListenerAdapter - Downloaded https://repo.maven.apache.org/maven2/org/codehaus/plexus/plexus-compiler-javac/2.15.0/plexus-compiler-javac-2.15.0.pom
2025-09-04 11:04:57,548 [Worker-6: Importing Maven projects] INFO  o.e.m.c.i.e.AbstractTransferListenerAdapter - Downloading https://repo.maven.apache.org/maven2/org/codehaus/plexus/plexus-compilers/2.15.0/plexus-compilers-2.15.0.pom
2025-09-04 11:04:57,550 [Worker-6: Importing Maven projects] INFO  o.e.m.c.i.e.AbstractTransferListenerAdapter - Downloaded https://repo.maven.apache.org/maven2/org/codehaus/plexus/plexus-compilers/2.15.0/plexus-compilers-2.15.0.pom
2025-09-04 11:04:57,626 [Worker-6: Importing Maven projects] INFO  o.e.m.c.i.e.AbstractTransferListenerAdapter - Downloading https://repo.maven.apache.org/maven2/org/apache/maven/shared/maven-shared-utils/3.4.2/maven-shared-utils-3.4.2.jar
2025-09-04 11:04:57,685 [Worker-6: Importing Maven projects] INFO  o.e.m.c.i.e.AbstractTransferListenerAdapter - Downloaded https://repo.maven.apache.org/maven2/org/apache/maven/shared/maven-shared-utils/3.4.2/maven-shared-utils-3.4.2.jar
2025-09-04 11:04:57,728 [BasicRepositoryConnector-repo.maven.apache.org-0-0] INFO  o.e.m.c.i.e.AbstractTransferListenerAdapter - Downloading https://repo.maven.apache.org/maven2/org/slf4j/slf4j-api/1.7.36/slf4j-api-1.7.36.jar
2025-09-04 11:04:57,733 [BasicRepositoryConnector-repo.maven.apache.org-0-0] INFO  o.e.m.c.i.e.AbstractTransferListenerAdapter - Downloaded https://repo.maven.apache.org/maven2/org/slf4j/slf4j-api/1.7.36/slf4j-api-1.7.36.jar
2025-09-04 11:04:57,785 [BasicRepositoryConnector-repo.maven.apache.org-0-0] INFO  o.e.m.c.i.e.AbstractTransferListenerAdapter - Downloading https://repo.maven.apache.org/maven2/com/thoughtworks/qdox/qdox/2.2.0/qdox-2.2.0.jar
2025-09-04 11:04:57,836 [BasicRepositoryConnector-repo.maven.apache.org-0-3] INFO  o.e.m.c.i.e.AbstractTransferListenerAdapter - Downloading https://repo.maven.apache.org/maven2/org/codehaus/plexus/plexus-java/1.4.0/plexus-java-1.4.0.jar
2025-09-04 11:04:57,837 [BasicRepositoryConnector-repo.maven.apache.org-0-0] INFO  o.e.m.c.i.e.AbstractTransferListenerAdapter - Downloaded https://repo.maven.apache.org/maven2/com/thoughtworks/qdox/qdox/2.2.0/qdox-2.2.0.jar
2025-09-04 11:04:57,840 [BasicRepositoryConnector-repo.maven.apache.org-0-1] INFO  o.e.m.c.i.e.AbstractTransferListenerAdapter - Downloading https://repo.maven.apache.org/maven2/commons-io/commons-io/2.11.0/commons-io-2.11.0.jar
2025-09-04 11:04:57,842 [BasicRepositoryConnector-repo.maven.apache.org-0-3] INFO  o.e.m.c.i.e.AbstractTransferListenerAdapter - Downloaded https://repo.maven.apache.org/maven2/org/codehaus/plexus/plexus-java/1.4.0/plexus-java-1.4.0.jar
2025-09-04 11:04:57,848 [BasicRepositoryConnector-repo.maven.apache.org-0-2] INFO  o.e.m.c.i.e.AbstractTransferListenerAdapter - Downloading https://repo.maven.apache.org/maven2/org/apache/maven/shared/maven-shared-incremental/1.1/maven-shared-incremental-1.1.jar
2025-09-04 11:04:57,848 [BasicRepositoryConnector-repo.maven.apache.org-0-4] INFO  o.e.m.c.i.e.AbstractTransferListenerAdapter - Downloading https://repo.maven.apache.org/maven2/org/ow2/asm/asm/9.7.1/asm-9.7.1.jar
2025-09-04 11:04:57,852 [BasicRepositoryConnector-repo.maven.apache.org-0-2] INFO  o.e.m.c.i.e.AbstractTransferListenerAdapter - Downloaded https://repo.maven.apache.org/maven2/org/apache/maven/shared/maven-shared-incremental/1.1/maven-shared-incremental-1.1.jar
2025-09-04 11:04:57,961 [BasicRepositoryConnector-repo.maven.apache.org-0-0] INFO  o.e.m.c.i.e.AbstractTransferListenerAdapter - Downloading https://repo.maven.apache.org/maven2/org/codehaus/plexus/plexus-compiler-api/2.15.0/plexus-compiler-api-2.15.0.jar
2025-09-04 11:04:57,965 [BasicRepositoryConnector-repo.maven.apache.org-0-0] INFO  o.e.m.c.i.e.AbstractTransferListenerAdapter - Downloaded https://repo.maven.apache.org/maven2/org/codehaus/plexus/plexus-compiler-api/2.15.0/plexus-compiler-api-2.15.0.jar
2025-09-04 11:04:57,970 [BasicRepositoryConnector-repo.maven.apache.org-0-3] INFO  o.e.m.c.i.e.AbstractTransferListenerAdapter - Downloading https://repo.maven.apache.org/maven2/org/codehaus/plexus/plexus-compiler-manager/2.15.0/plexus-compiler-manager-2.15.0.jar
2025-09-04 11:04:57,970 [BasicRepositoryConnector-repo.maven.apache.org-0-2] INFO  o.e.m.c.i.e.AbstractTransferListenerAdapter - Downloading https://repo.maven.apache.org/maven2/javax/inject/javax.inject/1/javax.inject-1.jar
2025-09-04 11:04:57,972 [BasicRepositoryConnector-repo.maven.apache.org-0-3] INFO  o.e.m.c.i.e.AbstractTransferListenerAdapter - Downloaded https://repo.maven.apache.org/maven2/org/codehaus/plexus/plexus-compiler-manager/2.15.0/plexus-compiler-manager-2.15.0.jar
2025-09-04 11:04:57,972 [BasicRepositoryConnector-repo.maven.apache.org-0-2] INFO  o.e.m.c.i.e.AbstractTransferListenerAdapter - Downloaded https://repo.maven.apache.org/maven2/javax/inject/javax.inject/1/javax.inject-1.jar
2025-09-04 11:04:58,024 [BasicRepositoryConnector-repo.maven.apache.org-0-2] INFO  o.e.m.c.i.e.AbstractTransferListenerAdapter - Downloading https://repo.maven.apache.org/maven2/org/codehaus/plexus/plexus-compiler-javac/2.15.0/plexus-compiler-javac-2.15.0.jar
2025-09-04 11:04:58,024 [BasicRepositoryConnector-repo.maven.apache.org-0-0] INFO  o.e.m.c.i.e.AbstractTransferListenerAdapter - Downloading https://repo.maven.apache.org/maven2/org/codehaus/plexus/plexus-xml/3.0.1/plexus-xml-3.0.1.jar
2025-09-04 11:04:58,024 [BasicRepositoryConnector-repo.maven.apache.org-0-3] INFO  o.e.m.c.i.e.AbstractTransferListenerAdapter - Downloading https://repo.maven.apache.org/maven2/org/codehaus/plexus/plexus-utils/4.0.1/plexus-utils-4.0.1.jar
2025-09-04 11:04:58,026 [BasicRepositoryConnector-repo.maven.apache.org-0-4] INFO  o.e.m.c.i.e.AbstractTransferListenerAdapter - Downloaded https://repo.maven.apache.org/maven2/org/ow2/asm/asm/9.7.1/asm-9.7.1.jar
2025-09-04 11:04:58,039 [BasicRepositoryConnector-repo.maven.apache.org-0-2] INFO  o.e.m.c.i.e.AbstractTransferListenerAdapter - Downloaded https://repo.maven.apache.org/maven2/org/codehaus/plexus/plexus-compiler-javac/2.15.0/plexus-compiler-javac-2.15.0.jar
2025-09-04 11:04:58,047 [BasicRepositoryConnector-repo.maven.apache.org-0-0] INFO  o.e.m.c.i.e.AbstractTransferListenerAdapter - Downloaded https://repo.maven.apache.org/maven2/org/codehaus/plexus/plexus-xml/3.0.1/plexus-xml-3.0.1.jar
2025-09-04 11:04:58,064 [BasicRepositoryConnector-repo.maven.apache.org-0-1] INFO  o.e.m.c.i.e.AbstractTransferListenerAdapter - Downloaded https://repo.maven.apache.org/maven2/commons-io/commons-io/2.11.0/commons-io-2.11.0.jar
2025-09-04 11:04:58,136 [BasicRepositoryConnector-repo.maven.apache.org-0-3] INFO  o.e.m.c.i.e.AbstractTransferListenerAdapter - Downloaded https://repo.maven.apache.org/maven2/org/codehaus/plexus/plexus-utils/4.0.1/plexus-utils-4.0.1.jar
2025-09-04 11:04:58,750 [Worker-6: Importing Maven projects] INFO  o.e.m.c.i.l.LifecycleMappingFactory - Using org.eclipse.m2e.jdt.JarLifecycleMapping lifecycle mapping for MavenProject: com.openclassrom:helloworld:0.0.1-SNAPSHOT @ /home/diamanka/eclipse-workspace /helloworld/pom.xml.
2025-09-04 11:04:58,858 [Worker-6: Importing Maven projects] INFO  o.e.m.c.i.e.AbstractTransferListenerAdapter - Downloading https://repo.maven.apache.org/maven2/org/springframework/boot/spring-boot-starter/3.5.5/spring-boot-starter-3.5.5.pom
2025-09-04 11:04:58,863 [Worker-6: Importing Maven projects] INFO  o.e.m.c.i.e.AbstractTransferListenerAdapter - Downloaded https://repo.maven.apache.org/maven2/org/springframework/boot/spring-boot-starter/3.5.5/spring-boot-starter-3.5.5.pom
2025-09-04 11:04:58,917 [Worker-6: Importing Maven projects] INFO  o.e.m.c.i.e.AbstractTransferListenerAdapter - Downloading https://repo.maven.apache.org/maven2/org/springframework/boot/spring-boot/3.5.5/spring-boot-3.5.5.pom
2025-09-04 11:04:58,930 [Worker-6: Importing Maven projects] INFO  o.e.m.c.i.e.AbstractTransferListenerAdapter - Downloaded https://repo.maven.apache.org/maven2/org/springframework/boot/spring-boot/3.5.5/spring-boot-3.5.5.pom
2025-09-04 11:04:58,981 [Worker-6: Importing Maven projects] INFO  o.e.m.c.i.e.AbstractTransferListenerAdapter - Downloading https://repo.maven.apache.org/maven2/org/springframework/spring-core/6.2.10/spring-core-6.2.10.pom
2025-09-04 11:04:58,983 [Worker-6: Importing Maven projects] INFO  o.e.m.c.i.e.AbstractTransferListenerAdapter - Downloaded https://repo.maven.apache.org/maven2/org/springframework/spring-core/6.2.10/spring-core-6.2.10.pom
2025-09-04 11:04:59,037 [Worker-6: Importing Maven projects] INFO  o.e.m.c.i.e.AbstractTransferListenerAdapter - Downloading https://repo.maven.apache.org/maven2/org/springframework/spring-jcl/6.2.10/spring-jcl-6.2.10.pom
2025-09-04 11:04:59,039 [Worker-6: Importing Maven projects] INFO  o.e.m.c.i.e.AbstractTransferListenerAdapter - Downloaded https://repo.maven.apache.org/maven2/org/springframework/spring-jcl/6.2.10/spring-jcl-6.2.10.pom
2025-09-04 11:04:59,091 [Worker-6: Importing Maven projects] INFO  o.e.m.c.i.e.AbstractTransferListenerAdapter - Downloading https://repo.maven.apache.org/maven2/org/springframework/spring-context/6.2.10/spring-context-6.2.10.pom
2025-09-04 11:04:59,093 [Worker-6: Importing Maven projects] INFO  o.e.m.c.i.e.AbstractTransferListenerAdapter - Downloaded https://repo.maven.apache.org/maven2/org/springframework/spring-context/6.2.10/spring-context-6.2.10.pom
2025-09-04 11:04:59,151 [Worker-6: Importing Maven projects] INFO  o.e.m.c.i.e.AbstractTransferListenerAdapter - Downloading https://repo.maven.apache.org/maven2/org/springframework/spring-aop/6.2.10/spring-aop-6.2.10.pom
2025-09-04 11:04:59,153 [Worker-6: Importing Maven projects] INFO  o.e.m.c.i.e.AbstractTransferListenerAdapter - Downloaded https://repo.maven.apache.org/maven2/org/springframework/spring-aop/6.2.10/spring-aop-6.2.10.pom
2025-09-04 11:04:59,199 [Worker-6: Importing Maven projects] INFO  o.e.m.c.i.e.AbstractTransferListenerAdapter - Downloading https://repo.maven.apache.org/maven2/org/springframework/spring-beans/6.2.10/spring-beans-6.2.10.pom
2025-09-04 11:04:59,202 [Worker-6: Importing Maven projects] INFO  o.e.m.c.i.e.AbstractTransferListenerAdapter - Downloaded https://repo.maven.apache.org/maven2/org/springframework/spring-beans/6.2.10/spring-beans-6.2.10.pom
2025-09-04 11:04:59,250 [Worker-6: Importing Maven projects] INFO  o.e.m.c.i.e.AbstractTransferListenerAdapter - Downloading https://repo.maven.apache.org/maven2/org/springframework/spring-expression/6.2.10/spring-expression-6.2.10.pom
2025-09-04 11:04:59,251 [Worker-6: Importing Maven projects] INFO  o.e.m.c.i.e.AbstractTransferListenerAdapter - Downloaded https://repo.maven.apache.org/maven2/org/springframework/spring-expression/6.2.10/spring-expression-6.2.10.pom
2025-09-04 11:04:59,304 [Worker-6: Importing Maven projects] INFO  o.e.m.c.i.e.AbstractTransferListenerAdapter - Downloading https://repo.maven.apache.org/maven2/io/micrometer/micrometer-observation/1.15.3/micrometer-observation-1.15.3.pom
2025-09-04 11:04:59,306 [Worker-6: Importing Maven projects] INFO  o.e.m.c.i.e.AbstractTransferListenerAdapter - Downloaded https://repo.maven.apache.org/maven2/io/micrometer/micrometer-observation/1.15.3/micrometer-observation-1.15.3.pom
2025-09-04 11:04:59,370 [Worker-6: Importing Maven projects] INFO  o.e.m.c.i.e.AbstractTransferListenerAdapter - Downloading https://repo.maven.apache.org/maven2/io/micrometer/micrometer-commons/1.15.3/micrometer-commons-1.15.3.pom
2025-09-04 11:04:59,372 [Worker-6: Importing Maven projects] INFO  o.e.m.c.i.e.AbstractTransferListenerAdapter - Downloaded https://repo.maven.apache.org/maven2/io/micrometer/micrometer-commons/1.15.3/micrometer-commons-1.15.3.pom
2025-09-04 11:04:59,411 [Worker-6: Importing Maven projects] INFO  o.e.m.c.i.e.AbstractTransferListenerAdapter - Downloading https://repo.maven.apache.org/maven2/org/springframework/boot/spring-boot-autoconfigure/3.5.5/spring-boot-autoconfigure-3.5.5.pom
2025-09-04 11:04:59,413 [Worker-6: Importing Maven projects] INFO  o.e.m.c.i.e.AbstractTransferListenerAdapter - Downloaded https://repo.maven.apache.org/maven2/org/springframework/boot/spring-boot-autoconfigure/3.5.5/spring-boot-autoconfigure-3.5.5.pom
2025-09-04 11:04:59,469 [Worker-6: Importing Maven projects] INFO  o.e.m.c.i.e.AbstractTransferListenerAdapter - Downloading https://repo.maven.apache.org/maven2/org/springframework/boot/spring-boot-starter-logging/3.5.5/spring-boot-starter-logging-3.5.5.pom
2025-09-04 11:04:59,471 [Worker-6: Importing Maven projects] INFO  o.e.m.c.i.e.AbstractTransferListenerAdapter - Downloaded https://repo.maven.apache.org/maven2/org/springframework/boot/spring-boot-starter-logging/3.5.5/spring-boot-starter-logging-3.5.5.pom
2025-09-04 11:04:59,524 [Worker-6: Importing Maven projects] INFO  o.e.m.c.i.e.AbstractTransferListenerAdapter - Downloading https://repo.maven.apache.org/maven2/ch/qos/logback/logback-classic/1.5.18/logback-classic-1.5.18.pom
2025-09-04 11:04:59,535 [Worker-6: Importing Maven projects] INFO  o.e.m.c.i.e.AbstractTransferListenerAdapter - Downloaded https://repo.maven.apache.org/maven2/ch/qos/logback/logback-classic/1.5.18/logback-classic-1.5.18.pom
2025-09-04 11:04:59,585 [Worker-6: Importing Maven projects] INFO  o.e.m.c.i.e.AbstractTransferListenerAdapter - Downloading https://repo.maven.apache.org/maven2/ch/qos/logback/logback-parent/1.5.18/logback-parent-1.5.18.pom
2025-09-04 11:04:59,587 [Worker-6: Importing Maven projects] INFO  o.e.m.c.i.e.AbstractTransferListenerAdapter - Downloaded https://repo.maven.apache.org/maven2/ch/qos/logback/logback-parent/1.5.18/logback-parent-1.5.18.pom
2025-09-04 11:04:59,629 [Worker-6: Importing Maven projects] INFO  o.e.m.c.i.e.AbstractTransferListenerAdapter - Downloading https://repo.maven.apache.org/maven2/ch/qos/logback/logback-core/1.5.18/logback-core-1.5.18.pom
2025-09-04 11:04:59,630 [Worker-6: Importing Maven projects] INFO  o.e.m.c.i.e.AbstractTransferListenerAdapter - Downloaded https://repo.maven.apache.org/maven2/ch/qos/logback/logback-core/1.5.18/logback-core-1.5.18.pom
2025-09-04 11:04:59,676 [Worker-6: Importing Maven projects] INFO  o.e.m.c.i.e.AbstractTransferListenerAdapter - Downloading https://repo.maven.apache.org/maven2/org/slf4j/slf4j-api/2.0.17/slf4j-api-2.0.17.pom
2025-09-04 11:04:59,677 [Worker-6: Importing Maven projects] INFO  o.e.m.c.i.e.AbstractTransferListenerAdapter - Downloaded https://repo.maven.apache.org/maven2/org/slf4j/slf4j-api/2.0.17/slf4j-api-2.0.17.pom
2025-09-04 11:04:59,720 [Worker-6: Importing Maven projects] INFO  o.e.m.c.i.e.AbstractTransferListenerAdapter - Downloading https://repo.maven.apache.org/maven2/org/slf4j/slf4j-parent/2.0.17/slf4j-parent-2.0.17.pom
2025-09-04 11:04:59,722 [Worker-6: Importing Maven projects] INFO  o.e.m.c.i.e.AbstractTransferListenerAdapter - Downloaded https://repo.maven.apache.org/maven2/org/slf4j/slf4j-parent/2.0.17/slf4j-parent-2.0.17.pom
2025-09-04 11:04:59,775 [Worker-6: Importing Maven projects] INFO  o.e.m.c.i.e.AbstractTransferListenerAdapter - Downloading https://repo.maven.apache.org/maven2/org/slf4j/slf4j-bom/2.0.17/slf4j-bom-2.0.17.pom
2025-09-04 11:04:59,776 [Worker-6: Importing Maven projects] INFO  o.e.m.c.i.e.AbstractTransferListenerAdapter - Downloaded https://repo.maven.apache.org/maven2/org/slf4j/slf4j-bom/2.0.17/slf4j-bom-2.0.17.pom
2025-09-04 11:04:59,881 [Worker-6: Importing Maven projects] INFO  o.e.m.c.i.e.AbstractTransferListenerAdapter - Downloading https://repo.maven.apache.org/maven2/org/apache/logging/log4j/log4j-to-slf4j/2.24.3/log4j-to-slf4j-2.24.3.pom
2025-09-04 11:04:59,883 [Worker-6: Importing Maven projects] INFO  o.e.m.c.i.e.AbstractTransferListenerAdapter - Downloaded https://repo.maven.apache.org/maven2/org/apache/logging/log4j/log4j-to-slf4j/2.24.3/log4j-to-slf4j-2.24.3.pom
2025-09-04 11:04:59,978 [Worker-6: Importing Maven projects] INFO  o.e.m.c.i.e.AbstractTransferListenerAdapter - Downloading https://repo.maven.apache.org/maven2/org/apache/logging/log4j/log4j/2.24.3/log4j-2.24.3.pom
2025-09-04 11:04:59,991 [Worker-6: Importing Maven projects] INFO  o.e.m.c.i.e.AbstractTransferListenerAdapter - Downloaded https://repo.maven.apache.org/maven2/org/apache/logging/log4j/log4j/2.24.3/log4j-2.24.3.pom
2025-09-04 11:05:00,056 [Worker-6: Importing Maven projects] INFO  o.e.m.c.i.e.AbstractTransferListenerAdapter - Downloading https://repo.maven.apache.org/maven2/org/apache/groovy/groovy-bom/4.0.22/groovy-bom-4.0.22.pom
2025-09-04 11:05:00,059 [Worker-6: Importing Maven projects] INFO  o.e.m.c.i.e.AbstractTransferListenerAdapter - Downloaded https://repo.maven.apache.org/maven2/org/apache/groovy/groovy-bom/4.0.22/groovy-bom-4.0.22.pom
2025-09-04 11:05:00,099 [Worker-6: Importing Maven projects] INFO  o.e.m.c.i.e.AbstractTransferListenerAdapter - Downloading https://repo.maven.apache.org/maven2/com/fasterxml/jackson/jackson-bom/2.17.2/jackson-bom-2.17.2.pom
2025-09-04 11:05:00,100 [Worker-6: Importing Maven projects] INFO  o.e.m.c.i.e.AbstractTransferListenerAdapter - Downloaded https://repo.maven.apache.org/maven2/com/fasterxml/jackson/jackson-bom/2.17.2/jackson-bom-2.17.2.pom
2025-09-04 11:05:00,140 [Worker-6: Importing Maven projects] INFO  o.e.m.c.i.e.AbstractTransferListenerAdapter - Downloading https://repo.maven.apache.org/maven2/com/fasterxml/jackson/jackson-parent/2.17/jackson-parent-2.17.pom
2025-09-04 11:05:00,141 [Worker-6: Importing Maven projects] INFO  o.e.m.c.i.e.AbstractTransferListenerAdapter - Downloaded https://repo.maven.apache.org/maven2/com/fasterxml/jackson/jackson-parent/2.17/jackson-parent-2.17.pom
2025-09-04 11:05:00,178 [Worker-6: Importing Maven projects] INFO  o.e.m.c.i.e.AbstractTransferListenerAdapter - Downloading https://repo.maven.apache.org/maven2/com/fasterxml/oss-parent/58/oss-parent-58.pom
2025-09-04 11:05:00,196 [Worker-6: Importing Maven projects] INFO  o.e.m.c.i.e.AbstractTransferListenerAdapter - Downloaded https://repo.maven.apache.org/maven2/com/fasterxml/oss-parent/58/oss-parent-58.pom
2025-09-04 11:05:00,249 [Worker-6: Importing Maven projects] INFO  o.e.m.c.i.e.AbstractTransferListenerAdapter - Downloading https://repo.maven.apache.org/maven2/jakarta/platform/jakarta.jakartaee-bom/9.1.0/jakarta.jakartaee-bom-9.1.0.pom
2025-09-04 11:05:00,251 [Worker-6: Importing Maven projects] INFO  o.e.m.c.i.e.AbstractTransferListenerAdapter - Downloaded https://repo.maven.apache.org/maven2/jakarta/platform/jakarta.jakartaee-bom/9.1.0/jakarta.jakartaee-bom-9.1.0.pom
2025-09-04 11:05:00,289 [Worker-6: Importing Maven projects] INFO  o.e.m.c.i.e.AbstractTransferListenerAdapter - Downloading https://repo.maven.apache.org/maven2/jakarta/platform/jakartaee-api-parent/9.1.0/jakartaee-api-parent-9.1.0.pom
2025-09-04 11:05:00,297 [Worker-6: Importing Maven projects] INFO  o.e.m.c.i.e.AbstractTransferListenerAdapter - Downloaded https://repo.maven.apache.org/maven2/jakarta/platform/jakartaee-api-parent/9.1.0/jakartaee-api-parent-9.1.0.pom
2025-09-04 11:05:00,339 [Worker-6: Importing Maven projects] INFO  o.e.m.c.i.e.AbstractTransferListenerAdapter - Downloading https://repo.maven.apache.org/maven2/org/eclipse/ee4j/project/1.0.7/project-1.0.7.pom
2025-09-04 11:05:00,342 [Worker-6: Importing Maven projects] INFO  o.e.m.c.i.e.AbstractTransferListenerAdapter - Downloaded https://repo.maven.apache.org/maven2/org/eclipse/ee4j/project/1.0.7/project-1.0.7.pom
2025-09-04 11:05:00,420 [Worker-6: Importing Maven projects] INFO  o.e.m.c.i.e.AbstractTransferListenerAdapter - Downloading https://repo.maven.apache.org/maven2/org/mockito/mockito-bom/4.11.0/mockito-bom-4.11.0.pom
2025-09-04 11:05:00,421 [Worker-6: Importing Maven projects] INFO  o.e.m.c.i.e.AbstractTransferListenerAdapter - Downloaded https://repo.maven.apache.org/maven2/org/mockito/mockito-bom/4.11.0/mockito-bom-4.11.0.pom
2025-09-04 11:05:00,466 [Worker-6: Importing Maven projects] INFO  o.e.m.c.i.e.AbstractTransferListenerAdapter - Downloading https://repo.maven.apache.org/maven2/org/springframework/spring-framework-bom/5.3.39/spring-framework-bom-5.3.39.pom
2025-09-04 11:05:00,473 [Worker-6: Importing Maven projects] INFO  o.e.m.c.i.e.AbstractTransferListenerAdapter - Downloaded https://repo.maven.apache.org/maven2/org/springframework/spring-framework-bom/5.3.39/spring-framework-bom-5.3.39.pom
2025-09-04 11:05:00,537 [Worker-6: Importing Maven projects] INFO  o.e.m.c.i.e.AbstractTransferListenerAdapter - Downloading https://repo.maven.apache.org/maven2/org/apache/logging/log4j/log4j-api/2.24.3/log4j-api-2.24.3.pom
2025-09-04 11:05:00,539 [Worker-6: Importing Maven projects] INFO  o.e.m.c.i.e.AbstractTransferListenerAdapter - Downloaded https://repo.maven.apache.org/maven2/org/apache/logging/log4j/log4j-api/2.24.3/log4j-api-2.24.3.pom
2025-09-04 11:05:00,597 [Worker-6: Importing Maven projects] INFO  o.e.m.c.i.e.AbstractTransferListenerAdapter - Downloading https://repo.maven.apache.org/maven2/org/slf4j/jul-to-slf4j/2.0.17/jul-to-slf4j-2.0.17.pom
2025-09-04 11:05:00,599 [Worker-6: Importing Maven projects] INFO  o.e.m.c.i.e.AbstractTransferListenerAdapter - Downloaded https://repo.maven.apache.org/maven2/org/slf4j/jul-to-slf4j/2.0.17/jul-to-slf4j-2.0.17.pom
2025-09-04 11:05:00,639 [Worker-6: Importing Maven projects] INFO  o.e.m.c.i.e.AbstractTransferListenerAdapter - Downloading https://repo.maven.apache.org/maven2/jakarta/annotation/jakarta.annotation-api/2.1.1/jakarta.annotation-api-2.1.1.pom
2025-09-04 11:05:00,645 [Worker-6: Importing Maven projects] INFO  o.e.m.c.i.e.AbstractTransferListenerAdapter - Downloaded https://repo.maven.apache.org/maven2/jakarta/annotation/jakarta.annotation-api/2.1.1/jakarta.annotation-api-2.1.1.pom
2025-09-04 11:05:00,697 [Worker-6: Importing Maven projects] INFO  o.e.m.c.i.e.AbstractTransferListenerAdapter - Downloading https://repo.maven.apache.org/maven2/org/yaml/snakeyaml/2.4/snakeyaml-2.4.pom
2025-09-04 11:05:00,698 [Worker-6: Importing Maven projects] INFO  o.e.m.c.i.e.AbstractTransferListenerAdapter - Downloaded https://repo.maven.apache.org/maven2/org/yaml/snakeyaml/2.4/snakeyaml-2.4.pom
2025-09-04 11:05:00,746 [Worker-6: Importing Maven projects] INFO  o.e.m.c.i.e.AbstractTransferListenerAdapter - Downloading https://repo.maven.apache.org/maven2/org/springframework/boot/spring-boot-starter-test/3.5.5/spring-boot-starter-test-3.5.5.pom
2025-09-04 11:05:00,747 [Worker-6: Importing Maven projects] INFO  o.e.m.c.i.e.AbstractTransferListenerAdapter - Downloaded https://repo.maven.apache.org/maven2/org/springframework/boot/spring-boot-starter-test/3.5.5/spring-boot-starter-test-3.5.5.pom
2025-09-04 11:05:00,797 [Worker-6: Importing Maven projects] INFO  o.e.m.c.i.e.AbstractTransferListenerAdapter - Downloading https://repo.maven.apache.org/maven2/org/springframework/boot/spring-boot-test/3.5.5/spring-boot-test-3.5.5.pom
2025-09-04 11:05:00,800 [Worker-6: Importing Maven projects] INFO  o.e.m.c.i.e.AbstractTransferListenerAdapter - Downloaded https://repo.maven.apache.org/maven2/org/springframework/boot/spring-boot-test/3.5.5/spring-boot-test-3.5.5.pom
2025-09-04 11:05:00,869 [Worker-6: Importing Maven projects] INFO  o.e.m.c.i.e.AbstractTransferListenerAdapter - Downloading https://repo.maven.apache.org/maven2/org/springframework/spring-test/6.2.10/spring-test-6.2.10.pom
2025-09-04 11:05:00,873 [Worker-6: Importing Maven projects] INFO  o.e.m.c.i.e.AbstractTransferListenerAdapter - Downloaded https://repo.maven.apache.org/maven2/org/springframework/spring-test/6.2.10/spring-test-6.2.10.pom
2025-09-04 11:05:00,927 [Worker-6: Importing Maven projects] INFO  o.e.m.c.i.e.AbstractTransferListenerAdapter - Downloading https://repo.maven.apache.org/maven2/org/springframework/boot/spring-boot-test-autoconfigure/3.5.5/spring-boot-test-autoconfigure-3.5.5.pom
2025-09-04 11:05:00,934 [Worker-6: Importing Maven projects] INFO  o.e.m.c.i.e.AbstractTransferListenerAdapter - Downloaded https://repo.maven.apache.org/maven2/org/springframework/boot/spring-boot-test-autoconfigure/3.5.5/spring-boot-test-autoconfigure-3.5.5.pom
2025-09-04 11:05:00,981 [Worker-6: Importing Maven projects] INFO  o.e.m.c.i.e.AbstractTransferListenerAdapter - Downloading https://repo.maven.apache.org/maven2/com/jayway/jsonpath/json-path/2.9.0/json-path-2.9.0.pom
2025-09-04 11:05:00,983 [Worker-6: Importing Maven projects] INFO  o.e.m.c.i.e.AbstractTransferListenerAdapter - Downloaded https://repo.maven.apache.org/maven2/com/jayway/jsonpath/json-path/2.9.0/json-path-2.9.0.pom
2025-09-04 11:05:01,028 [Worker-6: Importing Maven projects] INFO  o.e.m.c.i.e.AbstractTransferListenerAdapter - Downloading https://repo.maven.apache.org/maven2/net/minidev/json-smart/2.5.2/json-smart-2.5.2.pom
2025-09-04 11:05:01,033 [Worker-6: Importing Maven projects] INFO  o.e.m.c.i.e.AbstractTransferListenerAdapter - Downloaded https://repo.maven.apache.org/maven2/net/minidev/json-smart/2.5.2/json-smart-2.5.2.pom
2025-09-04 11:05:01,090 [Worker-6: Importing Maven projects] INFO  o.e.m.c.i.e.AbstractTransferListenerAdapter - Downloading https://repo.maven.apache.org/maven2/net/minidev/accessors-smart/2.5.2/accessors-smart-2.5.2.pom
2025-09-04 11:05:01,092 [Worker-6: Importing Maven projects] INFO  o.e.m.c.i.e.AbstractTransferListenerAdapter - Downloaded https://repo.maven.apache.org/maven2/net/minidev/accessors-smart/2.5.2/accessors-smart-2.5.2.pom
2025-09-04 11:05:01,139 [Worker-6: Importing Maven projects] INFO  o.e.m.c.i.e.AbstractTransferListenerAdapter - Downloading https://repo.maven.apache.org/maven2/jakarta/xml/bind/jakarta.xml.bind-api/4.0.2/jakarta.xml.bind-api-4.0.2.pom
2025-09-04 11:05:01,145 [Worker-6: Importing Maven projects] INFO  o.e.m.c.i.e.AbstractTransferListenerAdapter - Downloaded https://repo.maven.apache.org/maven2/jakarta/xml/bind/jakarta.xml.bind-api/4.0.2/jakarta.xml.bind-api-4.0.2.pom
2025-09-04 11:05:01,189 [Worker-6: Importing Maven projects] INFO  o.e.m.c.i.e.AbstractTransferListenerAdapter - Downloading https://repo.maven.apache.org/maven2/jakarta/xml/bind/jakarta.xml.bind-api-parent/4.0.2/jakarta.xml.bind-api-parent-4.0.2.pom
2025-09-04 11:05:01,192 [Worker-6: Importing Maven projects] INFO  o.e.m.c.i.e.AbstractTransferListenerAdapter - Downloaded https://repo.maven.apache.org/maven2/jakarta/xml/bind/jakarta.xml.bind-api-parent/4.0.2/jakarta.xml.bind-api-parent-4.0.2.pom
2025-09-04 11:05:01,238 [Worker-6: Importing Maven projects] INFO  o.e.m.c.i.e.AbstractTransferListenerAdapter - Downloading https://repo.maven.apache.org/maven2/jakarta/activation/jakarta.activation-api/2.1.3/jakarta.activation-api-2.1.3.pom
2025-09-04 11:05:01,240 [Worker-6: Importing Maven projects] INFO  o.e.m.c.i.e.AbstractTransferListenerAdapter - Downloaded https://repo.maven.apache.org/maven2/jakarta/activation/jakarta.activation-api/2.1.3/jakarta.activation-api-2.1.3.pom
2025-09-04 11:05:01,286 [Worker-6: Importing Maven projects] INFO  o.e.m.c.i.e.AbstractTransferListenerAdapter - Downloading https://repo.maven.apache.org/maven2/org/assertj/assertj-core/3.27.4/assertj-core-3.27.4.pom
2025-09-04 11:05:01,289 [Worker-6: Importing Maven projects] INFO  o.e.m.c.i.e.AbstractTransferListenerAdapter - Downloaded https://repo.maven.apache.org/maven2/org/assertj/assertj-core/3.27.4/assertj-core-3.27.4.pom
2025-09-04 11:05:01,343 [Worker-6: Importing Maven projects] INFO  o.e.m.c.i.e.AbstractTransferListenerAdapter - Downloading https://repo.maven.apache.org/maven2/net/bytebuddy/byte-buddy/1.17.7/byte-buddy-1.17.7.pom
2025-09-04 11:05:01,345 [Worker-6: Importing Maven projects] INFO  o.e.m.c.i.e.AbstractTransferListenerAdapter - Downloaded https://repo.maven.apache.org/maven2/net/bytebuddy/byte-buddy/1.17.7/byte-buddy-1.17.7.pom
2025-09-04 11:05:01,390 [Worker-6: Importing Maven projects] INFO  o.e.m.c.i.e.AbstractTransferListenerAdapter - Downloading https://repo.maven.apache.org/maven2/net/bytebuddy/byte-buddy-parent/1.17.7/byte-buddy-parent-1.17.7.pom
2025-09-04 11:05:01,400 [Worker-6: Importing Maven projects] INFO  o.e.m.c.i.e.AbstractTransferListenerAdapter - Downloaded https://repo.maven.apache.org/maven2/net/bytebuddy/byte-buddy-parent/1.17.7/byte-buddy-parent-1.17.7.pom
2025-09-04 11:05:01,441 [Worker-6: Importing Maven projects] INFO  o.e.m.c.i.e.AbstractTransferListenerAdapter - Downloading https://repo.maven.apache.org/maven2/org/awaitility/awaitility/4.2.2/awaitility-4.2.2.pom
2025-09-04 11:05:01,442 [Worker-6: Importing Maven projects] INFO  o.e.m.c.i.e.AbstractTransferListenerAdapter - Downloaded https://repo.maven.apache.org/maven2/org/awaitility/awaitility/4.2.2/awaitility-4.2.2.pom
2025-09-04 11:05:01,481 [Worker-6: Importing Maven projects] INFO  o.e.m.c.i.e.AbstractTransferListenerAdapter - Downloading https://repo.maven.apache.org/maven2/org/awaitility/awaitility-parent/4.2.2/awaitility-parent-4.2.2.pom
2025-09-04 11:05:01,483 [Worker-6: Importing Maven projects] INFO  o.e.m.c.i.e.AbstractTransferListenerAdapter - Downloaded https://repo.maven.apache.org/maven2/org/awaitility/awaitility-parent/4.2.2/awaitility-parent-4.2.2.pom
2025-09-04 11:05:01,530 [Worker-6: Importing Maven projects] INFO  o.e.m.c.i.e.AbstractTransferListenerAdapter - Downloading https://repo.maven.apache.org/maven2/org/hamcrest/hamcrest/3.0/hamcrest-3.0.pom
2025-09-04 11:05:01,532 [Worker-6: Importing Maven projects] INFO  o.e.m.c.i.e.AbstractTransferListenerAdapter - Downloaded https://repo.maven.apache.org/maven2/org/hamcrest/hamcrest/3.0/hamcrest-3.0.pom
2025-09-04 11:05:01,576 [Worker-6: Importing Maven projects] INFO  o.e.m.c.i.e.AbstractTransferListenerAdapter - Downloading https://repo.maven.apache.org/maven2/org/junit/jupiter/junit-jupiter/5.12.2/junit-jupiter-5.12.2.pom
2025-09-04 11:05:01,577 [Worker-6: Importing Maven projects] INFO  o.e.m.c.i.e.AbstractTransferListenerAdapter - Downloaded https://repo.maven.apache.org/maven2/org/junit/jupiter/junit-jupiter/5.12.2/junit-jupiter-5.12.2.pom
2025-09-04 11:05:01,618 [Worker-6: Importing Maven projects] INFO  o.e.m.c.i.e.AbstractTransferListenerAdapter - Downloading https://repo.maven.apache.org/maven2/org/junit/jupiter/junit-jupiter-api/5.12.2/junit-jupiter-api-5.12.2.pom
2025-09-04 11:05:01,619 [Worker-6: Importing Maven projects] INFO  o.e.m.c.i.e.AbstractTransferListenerAdapter - Downloaded https://repo.maven.apache.org/maven2/org/junit/jupiter/junit-jupiter-api/5.12.2/junit-jupiter-api-5.12.2.pom
2025-09-04 11:05:01,675 [Worker-6: Importing Maven projects] INFO  o.e.m.c.i.e.AbstractTransferListenerAdapter - Downloading https://repo.maven.apache.org/maven2/org/opentest4j/opentest4j/1.3.0/opentest4j-1.3.0.pom
2025-09-04 11:05:01,676 [Worker-6: Importing Maven projects] INFO  o.e.m.c.i.e.AbstractTransferListenerAdapter - Downloaded https://repo.maven.apache.org/maven2/org/opentest4j/opentest4j/1.3.0/opentest4j-1.3.0.pom
2025-09-04 11:05:01,719 [Worker-6: Importing Maven projects] INFO  o.e.m.c.i.e.AbstractTransferListenerAdapter - Downloading https://repo.maven.apache.org/maven2/org/junit/platform/junit-platform-commons/1.12.2/junit-platform-commons-1.12.2.pom
2025-09-04 11:05:01,721 [Worker-6: Importing Maven projects] INFO  o.e.m.c.i.e.AbstractTransferListenerAdapter - Downloaded https://repo.maven.apache.org/maven2/org/junit/platform/junit-platform-commons/1.12.2/junit-platform-commons-1.12.2.pom
2025-09-04 11:05:01,768 [Worker-6: Importing Maven projects] INFO  o.e.m.c.i.e.AbstractTransferListenerAdapter - Downloading https://repo.maven.apache.org/maven2/org/apiguardian/apiguardian-api/1.1.2/apiguardian-api-1.1.2.pom
2025-09-04 11:05:01,769 [Worker-6: Importing Maven projects] INFO  o.e.m.c.i.e.AbstractTransferListenerAdapter - Downloaded https://repo.maven.apache.org/maven2/org/apiguardian/apiguardian-api/1.1.2/apiguardian-api-1.1.2.pom
2025-09-04 11:05:01,810 [Worker-6: Importing Maven projects] INFO  o.e.m.c.i.e.AbstractTransferListenerAdapter - Downloading https://repo.maven.apache.org/maven2/org/junit/jupiter/junit-jupiter-params/5.12.2/junit-jupiter-params-5.12.2.pom
2025-09-04 11:05:01,811 [Worker-6: Importing Maven projects] INFO  o.e.m.c.i.e.AbstractTransferListenerAdapter - Downloaded https://repo.maven.apache.org/maven2/org/junit/jupiter/junit-jupiter-params/5.12.2/junit-jupiter-params-5.12.2.pom
2025-09-04 11:05:01,851 [Worker-6: Importing Maven projects] INFO  o.e.m.c.i.e.AbstractTransferListenerAdapter - Downloading https://repo.maven.apache.org/maven2/org/junit/jupiter/junit-jupiter-engine/5.12.2/junit-jupiter-engine-5.12.2.pom
2025-09-04 11:05:01,853 [Worker-6: Importing Maven projects] INFO  o.e.m.c.i.e.AbstractTransferListenerAdapter - Downloaded https://repo.maven.apache.org/maven2/org/junit/jupiter/junit-jupiter-engine/5.12.2/junit-jupiter-engine-5.12.2.pom
2025-09-04 11:05:01,899 [Worker-6: Importing Maven projects] INFO  o.e.m.c.i.e.AbstractTransferListenerAdapter - Downloading https://repo.maven.apache.org/maven2/org/junit/platform/junit-platform-engine/1.12.2/junit-platform-engine-1.12.2.pom
2025-09-04 11:05:01,900 [Worker-6: Importing Maven projects] INFO  o.e.m.c.i.e.AbstractTransferListenerAdapter - Downloaded https://repo.maven.apache.org/maven2/org/junit/platform/junit-platform-engine/1.12.2/junit-platform-engine-1.12.2.pom
2025-09-04 11:05:01,947 [Worker-6: Importing Maven projects] INFO  o.e.m.c.i.e.AbstractTransferListenerAdapter - Downloading https://repo.maven.apache.org/maven2/org/mockito/mockito-core/5.17.0/mockito-core-5.17.0.pom
2025-09-04 11:05:01,949 [Worker-6: Importing Maven projects] INFO  o.e.m.c.i.e.AbstractTransferListenerAdapter - Downloaded https://repo.maven.apache.org/maven2/org/mockito/mockito-core/5.17.0/mockito-core-5.17.0.pom
2025-09-04 11:05:01,993 [Worker-6: Importing Maven projects] INFO  o.e.m.c.i.e.AbstractTransferListenerAdapter - Downloading https://repo.maven.apache.org/maven2/net/bytebuddy/byte-buddy-agent/1.17.7/byte-buddy-agent-1.17.7.pom
2025-09-04 11:05:01,994 [Worker-6: Importing Maven projects] INFO  o.e.m.c.i.e.AbstractTransferListenerAdapter - Downloaded https://repo.maven.apache.org/maven2/net/bytebuddy/byte-buddy-agent/1.17.7/byte-buddy-agent-1.17.7.pom
2025-09-04 11:05:02,043 [Worker-6: Importing Maven projects] INFO  o.e.m.c.i.e.AbstractTransferListenerAdapter - Downloading https://repo.maven.apache.org/maven2/org/objenesis/objenesis/3.3/objenesis-3.3.pom
2025-09-04 11:05:02,046 [Worker-6: Importing Maven projects] INFO  o.e.m.c.i.e.AbstractTransferListenerAdapter - Downloaded https://repo.maven.apache.org/maven2/org/objenesis/objenesis/3.3/objenesis-3.3.pom
2025-09-04 11:05:02,099 [Worker-6: Importing Maven projects] INFO  o.e.m.c.i.e.AbstractTransferListenerAdapter - Downloading https://repo.maven.apache.org/maven2/org/objenesis/objenesis-parent/3.3/objenesis-parent-3.3.pom
2025-09-04 11:05:02,101 [Worker-6: Importing Maven projects] INFO  o.e.m.c.i.e.AbstractTransferListenerAdapter - Downloaded https://repo.maven.apache.org/maven2/org/objenesis/objenesis-parent/3.3/objenesis-parent-3.3.pom
2025-09-04 11:05:02,149 [Worker-6: Importing Maven projects] INFO  o.e.m.c.i.e.AbstractTransferListenerAdapter - Downloading https://repo.maven.apache.org/maven2/org/mockito/mockito-junit-jupiter/5.17.0/mockito-junit-jupiter-5.17.0.pom
2025-09-04 11:05:02,151 [Worker-6: Importing Maven projects] INFO  o.e.m.c.i.e.AbstractTransferListenerAdapter - Downloaded https://repo.maven.apache.org/maven2/org/mockito/mockito-junit-jupiter/5.17.0/mockito-junit-jupiter-5.17.0.pom
2025-09-04 11:05:02,197 [Worker-6: Importing Maven projects] INFO  o.e.m.c.i.e.AbstractTransferListenerAdapter - Downloading https://repo.maven.apache.org/maven2/org/skyscreamer/jsonassert/1.5.3/jsonassert-1.5.3.pom
2025-09-04 11:05:02,198 [Worker-6: Importing Maven projects] INFO  o.e.m.c.i.e.AbstractTransferListenerAdapter - Downloaded https://repo.maven.apache.org/maven2/org/skyscreamer/jsonassert/1.5.3/jsonassert-1.5.3.pom
2025-09-04 11:05:02,248 [Worker-6: Importing Maven projects] INFO  o.e.m.c.i.e.AbstractTransferListenerAdapter - Downloading https://repo.maven.apache.org/maven2/com/vaadin/external/google/android-json/0.0.20131108.vaadin1/android-json-0.0.20131108.vaadin1.pom
2025-09-04 11:05:02,249 [Worker-6: Importing Maven projects] INFO  o.e.m.c.i.e.AbstractTransferListenerAdapter - Downloaded https://repo.maven.apache.org/maven2/com/vaadin/external/google/android-json/0.0.20131108.vaadin1/android-json-0.0.20131108.vaadin1.pom
2025-09-04 11:05:02,299 [Worker-6: Importing Maven projects] INFO  o.e.m.c.i.e.AbstractTransferListenerAdapter - Downloading https://repo.maven.apache.org/maven2/org/xmlunit/xmlunit-core/2.10.3/xmlunit-core-2.10.3.pom
2025-09-04 11:05:02,300 [Worker-6: Importing Maven projects] INFO  o.e.m.c.i.e.AbstractTransferListenerAdapter - Downloaded https://repo.maven.apache.org/maven2/org/xmlunit/xmlunit-core/2.10.3/xmlunit-core-2.10.3.pom
2025-09-04 11:05:02,345 [Worker-6: Importing Maven projects] INFO  o.e.m.c.i.e.AbstractTransferListenerAdapter - Downloading https://repo.maven.apache.org/maven2/org/xmlunit/xmlunit-parent/2.10.3/xmlunit-parent-2.10.3.pom
2025-09-04 11:05:02,347 [Worker-6: Importing Maven projects] INFO  o.e.m.c.i.e.AbstractTransferListenerAdapter - Downloaded https://repo.maven.apache.org/maven2/org/xmlunit/xmlunit-parent/2.10.3/xmlunit-parent-2.10.3.pom
2025-09-04 11:05:02,408 [Worker-6: Importing Maven projects] INFO  o.e.m.c.i.e.AbstractTransferListenerAdapter - Downloading https://repo.maven.apache.org/maven2/org/springframework/boot/spring-boot-starter/3.5.5/spring-boot-starter-3.5.5.jar
2025-09-04 11:05:02,410 [Worker-6: Importing Maven projects] INFO  o.e.m.c.i.e.AbstractTransferListenerAdapter - Downloaded https://repo.maven.apache.org/maven2/org/springframework/boot/spring-boot-starter/3.5.5/spring-boot-starter-3.5.5.jar
2025-09-04 11:05:02,467 [BasicRepositoryConnector-repo.maven.apache.org-1-1] INFO  o.e.m.c.i.e.AbstractTransferListenerAdapter - Downloading https://repo.maven.apache.org/maven2/org/springframework/spring-context/6.2.10/spring-context-6.2.10.jar
2025-09-04 11:05:02,468 [BasicRepositoryConnector-repo.maven.apache.org-1-0] INFO  o.e.m.c.i.e.AbstractTransferListenerAdapter - Downloading https://repo.maven.apache.org/maven2/org/springframework/boot/spring-boot/3.5.5/spring-boot-3.5.5.jar
2025-09-04 11:05:02,499 [BasicRepositoryConnector-repo.maven.apache.org-1-4] INFO  o.e.m.c.i.e.AbstractTransferListenerAdapter - Downloading https://repo.maven.apache.org/maven2/org/springframework/spring-expression/6.2.10/spring-expression-6.2.10.jar
2025-09-04 11:05:02,512 [BasicRepositoryConnector-repo.maven.apache.org-1-3] INFO  o.e.m.c.i.e.AbstractTransferListenerAdapter - Downloading https://repo.maven.apache.org/maven2/org/springframework/spring-beans/6.2.10/spring-beans-6.2.10.jar
2025-09-04 11:05:02,543 [BasicRepositoryConnector-repo.maven.apache.org-1-2] INFO  o.e.m.c.i.e.AbstractTransferListenerAdapter - Downloading https://repo.maven.apache.org/maven2/org/springframework/spring-aop/6.2.10/spring-aop-6.2.10.jar
2025-09-04 11:05:02,641 [BasicRepositoryConnector-repo.maven.apache.org-1-2] INFO  o.e.m.c.i.e.AbstractTransferListenerAdapter - Downloaded https://repo.maven.apache.org/maven2/org/springframework/spring-aop/6.2.10/spring-aop-6.2.10.jar
2025-09-04 11:05:02,811 [BasicRepositoryConnector-repo.maven.apache.org-1-1] INFO  o.e.m.c.i.e.AbstractTransferListenerAdapter - Downloaded https://repo.maven.apache.org/maven2/org/springframework/spring-context/6.2.10/spring-context-6.2.10.jar
2025-09-04 11:05:02,814 [BasicRepositoryConnector-repo.maven.apache.org-1-4] INFO  o.e.m.c.i.e.AbstractTransferListenerAdapter - Downloaded https://repo.maven.apache.org/maven2/org/springframework/spring-expression/6.2.10/spring-expression-6.2.10.jar
2025-09-04 11:05:02,856 [BasicRepositoryConnector-repo.maven.apache.org-1-2] INFO  o.e.m.c.i.e.AbstractTransferListenerAdapter - Downloading https://repo.maven.apache.org/maven2/io/micrometer/micrometer-observation/1.15.3/micrometer-observation-1.15.3.jar
2025-09-04 11:05:02,867 [BasicRepositoryConnector-repo.maven.apache.org-1-2] INFO  o.e.m.c.i.e.AbstractTransferListenerAdapter - Downloaded https://repo.maven.apache.org/maven2/io/micrometer/micrometer-observation/1.15.3/micrometer-observation-1.15.3.jar
2025-09-04 11:05:03,003 [BasicRepositoryConnector-repo.maven.apache.org-1-1] INFO  o.e.m.c.i.e.AbstractTransferListenerAdapter - Downloading https://repo.maven.apache.org/maven2/io/micrometer/micrometer-commons/1.15.3/micrometer-commons-1.15.3.jar
2025-09-04 11:05:03,003 [BasicRepositoryConnector-repo.maven.apache.org-1-4] INFO  o.e.m.c.i.e.AbstractTransferListenerAdapter - Downloading https://repo.maven.apache.org/maven2/org/springframework/boot/spring-boot-autoconfigure/3.5.5/spring-boot-autoconfigure-3.5.5.jar
2025-09-04 11:05:03,006 [BasicRepositoryConnector-repo.maven.apache.org-1-1] INFO  o.e.m.c.i.e.AbstractTransferListenerAdapter - Downloaded https://repo.maven.apache.org/maven2/io/micrometer/micrometer-commons/1.15.3/micrometer-commons-1.15.3.jar
2025-09-04 11:05:03,047 [BasicRepositoryConnector-repo.maven.apache.org-1-0] INFO  o.e.m.c.i.e.AbstractTransferListenerAdapter - Downloaded https://repo.maven.apache.org/maven2/org/springframework/boot/spring-boot/3.5.5/spring-boot-3.5.5.jar
2025-09-04 11:05:03,056 [BasicRepositoryConnector-repo.maven.apache.org-1-2] INFO  o.e.m.c.i.e.AbstractTransferListenerAdapter - Downloading https://repo.maven.apache.org/maven2/org/springframework/boot/spring-boot-starter-logging/3.5.5/spring-boot-starter-logging-3.5.5.jar
2025-09-04 11:05:03,057 [BasicRepositoryConnector-repo.maven.apache.org-1-2] INFO  o.e.m.c.i.e.AbstractTransferListenerAdapter - Downloaded https://repo.maven.apache.org/maven2/org/springframework/boot/spring-boot-starter-logging/3.5.5/spring-boot-starter-logging-3.5.5.jar
2025-09-04 11:05:03,132 [BasicRepositoryConnector-repo.maven.apache.org-1-3] INFO  o.e.m.c.i.e.AbstractTransferListenerAdapter - Downloaded https://repo.maven.apache.org/maven2/org/springframework/spring-beans/6.2.10/spring-beans-6.2.10.jar
2025-09-04 11:05:03,182 [BasicRepositoryConnector-repo.maven.apache.org-1-1] INFO  o.e.m.c.i.e.AbstractTransferListenerAdapter - Downloading https://repo.maven.apache.org/maven2/ch/qos/logback/logback-classic/1.5.18/logback-classic-1.5.18.jar
2025-09-04 11:05:03,191 [BasicRepositoryConnector-repo.maven.apache.org-1-0] INFO  o.e.m.c.i.e.AbstractTransferListenerAdapter - Downloading https://repo.maven.apache.org/maven2/ch/qos/logback/logback-core/1.5.18/logback-core-1.5.18.jar
2025-09-04 11:05:03,208 [BasicRepositoryConnector-repo.maven.apache.org-1-2] INFO  o.e.m.c.i.e.AbstractTransferListenerAdapter - Downloading https://repo.maven.apache.org/maven2/org/apache/logging/log4j/log4j-to-slf4j/2.24.3/log4j-to-slf4j-2.24.3.jar
2025-09-04 11:05:03,211 [BasicRepositoryConnector-repo.maven.apache.org-1-2] INFO  o.e.m.c.i.e.AbstractTransferListenerAdapter - Downloaded https://repo.maven.apache.org/maven2/org/apache/logging/log4j/log4j-to-slf4j/2.24.3/log4j-to-slf4j-2.24.3.jar
2025-09-04 11:05:03,249 [BasicRepositoryConnector-repo.maven.apache.org-1-1] INFO  o.e.m.c.i.e.AbstractTransferListenerAdapter - Downloaded https://repo.maven.apache.org/maven2/ch/qos/logback/logback-classic/1.5.18/logback-classic-1.5.18.jar
2025-09-04 11:05:03,281 [BasicRepositoryConnector-repo.maven.apache.org-1-0] INFO  o.e.m.c.i.e.AbstractTransferListenerAdapter - Downloaded https://repo.maven.apache.org/maven2/ch/qos/logback/logback-core/1.5.18/logback-core-1.5.18.jar
2025-09-04 11:05:03,297 [BasicRepositoryConnector-repo.maven.apache.org-1-3] INFO  o.e.m.c.i.e.AbstractTransferListenerAdapter - Downloading https://repo.maven.apache.org/maven2/org/apache/logging/log4j/log4j-api/2.24.3/log4j-api-2.24.3.jar
2025-09-04 11:05:03,336 [BasicRepositoryConnector-repo.maven.apache.org-1-2] INFO  o.e.m.c.i.e.AbstractTransferListenerAdapter - Downloading https://repo.maven.apache.org/maven2/org/slf4j/jul-to-slf4j/2.0.17/jul-to-slf4j-2.0.17.jar
2025-09-04 11:05:03,338 [BasicRepositoryConnector-repo.maven.apache.org-1-2] INFO  o.e.m.c.i.e.AbstractTransferListenerAdapter - Downloaded https://repo.maven.apache.org/maven2/org/slf4j/jul-to-slf4j/2.0.17/jul-to-slf4j-2.0.17.jar
2025-09-04 11:05:03,355 [BasicRepositoryConnector-repo.maven.apache.org-1-1] INFO  o.e.m.c.i.e.AbstractTransferListenerAdapter - Downloading https://repo.maven.apache.org/maven2/jakarta/annotation/jakarta.annotation-api/2.1.1/jakarta.annotation-api-2.1.1.jar
2025-09-04 11:05:03,358 [BasicRepositoryConnector-repo.maven.apache.org-1-3] INFO  o.e.m.c.i.e.AbstractTransferListenerAdapter - Downloaded https://repo.maven.apache.org/maven2/org/apache/logging/log4j/log4j-api/2.24.3/log4j-api-2.24.3.jar
2025-09-04 11:05:03,381 [BasicRepositoryConnector-repo.maven.apache.org-1-1] INFO  o.e.m.c.i.e.AbstractTransferListenerAdapter - Downloaded https://repo.maven.apache.org/maven2/jakarta/annotation/jakarta.annotation-api/2.1.1/jakarta.annotation-api-2.1.1.jar
2025-09-04 11:05:03,421 [BasicRepositoryConnector-repo.maven.apache.org-1-0] INFO  o.e.m.c.i.e.AbstractTransferListenerAdapter - Downloading https://repo.maven.apache.org/maven2/org/springframework/spring-core/6.2.10/spring-core-6.2.10.jar
2025-09-04 11:05:03,523 [BasicRepositoryConnector-repo.maven.apache.org-1-4] INFO  o.e.m.c.i.e.AbstractTransferListenerAdapter - Downloaded https://repo.maven.apache.org/maven2/org/springframework/boot/spring-boot-autoconfigure/3.5.5/spring-boot-autoconfigure-3.5.5.jar
2025-09-04 11:05:03,560 [BasicRepositoryConnector-repo.maven.apache.org-1-3] INFO  o.e.m.c.i.e.AbstractTransferListenerAdapter - Downloading https://repo.maven.apache.org/maven2/org/yaml/snakeyaml/2.4/snakeyaml-2.4.jar
2025-09-04 11:05:03,560 [BasicRepositoryConnector-repo.maven.apache.org-1-2] INFO  o.e.m.c.i.e.AbstractTransferListenerAdapter - Downloading https://repo.maven.apache.org/maven2/org/springframework/spring-jcl/6.2.10/spring-jcl-6.2.10.jar
2025-09-04 11:05:03,563 [BasicRepositoryConnector-repo.maven.apache.org-1-2] INFO  o.e.m.c.i.e.AbstractTransferListenerAdapter - Downloaded https://repo.maven.apache.org/maven2/org/springframework/spring-jcl/6.2.10/spring-jcl-6.2.10.jar
2025-09-04 11:05:03,588 [BasicRepositoryConnector-repo.maven.apache.org-1-1] INFO  o.e.m.c.i.e.AbstractTransferListenerAdapter - Downloading https://repo.maven.apache.org/maven2/org/springframework/boot/spring-boot-starter-test/3.5.5/spring-boot-starter-test-3.5.5.jar
2025-09-04 11:05:03,590 [BasicRepositoryConnector-repo.maven.apache.org-1-1] INFO  o.e.m.c.i.e.AbstractTransferListenerAdapter - Downloaded https://repo.maven.apache.org/maven2/org/springframework/boot/spring-boot-starter-test/3.5.5/spring-boot-starter-test-3.5.5.jar
2025-09-04 11:05:03,645 [BasicRepositoryConnector-repo.maven.apache.org-1-4] INFO  o.e.m.c.i.e.AbstractTransferListenerAdapter - Downloading https://repo.maven.apache.org/maven2/org/springframework/boot/spring-boot-test/3.5.5/spring-boot-test-3.5.5.jar
2025-09-04 11:05:03,646 [BasicRepositoryConnector-repo.maven.apache.org-1-3] INFO  o.e.m.c.i.e.AbstractTransferListenerAdapter - Downloaded https://repo.maven.apache.org/maven2/org/yaml/snakeyaml/2.4/snakeyaml-2.4.jar
2025-09-04 11:05:03,698 [BasicRepositoryConnector-repo.maven.apache.org-1-2] INFO  o.e.m.c.i.e.AbstractTransferListenerAdapter - Downloading https://repo.maven.apache.org/maven2/org/springframework/boot/spring-boot-test-autoconfigure/3.5.5/spring-boot-test-autoconfigure-3.5.5.jar
2025-09-04 11:05:03,727 [BasicRepositoryConnector-repo.maven.apache.org-1-1] INFO  o.e.m.c.i.e.AbstractTransferListenerAdapter - Downloading https://repo.maven.apache.org/maven2/com/jayway/jsonpath/json-path/2.9.0/json-path-2.9.0.jar
2025-09-04 11:05:03,727 [BasicRepositoryConnector-repo.maven.apache.org-1-4] INFO  o.e.m.c.i.e.AbstractTransferListenerAdapter - Downloaded https://repo.maven.apache.org/maven2/org/springframework/boot/spring-boot-test/3.5.5/spring-boot-test-3.5.5.jar
2025-09-04 11:05:03,757 [BasicRepositoryConnector-repo.maven.apache.org-1-3] INFO  o.e.m.c.i.e.AbstractTransferListenerAdapter - Downloading https://repo.maven.apache.org/maven2/org/slf4j/slf4j-api/2.0.17/slf4j-api-2.0.17.jar
2025-09-04 11:05:03,764 [BasicRepositoryConnector-repo.maven.apache.org-1-2] INFO  o.e.m.c.i.e.AbstractTransferListenerAdapter - Downloaded https://repo.maven.apache.org/maven2/org/springframework/boot/spring-boot-test-autoconfigure/3.5.5/spring-boot-test-autoconfigure-3.5.5.jar
2025-09-04 11:05:03,773 [BasicRepositoryConnector-repo.maven.apache.org-1-0] INFO  o.e.m.c.i.e.AbstractTransferListenerAdapter - Downloaded https://repo.maven.apache.org/maven2/org/springframework/spring-core/6.2.10/spring-core-6.2.10.jar
2025-09-04 11:05:03,779 [BasicRepositoryConnector-repo.maven.apache.org-1-3] INFO  o.e.m.c.i.e.AbstractTransferListenerAdapter - Downloaded https://repo.maven.apache.org/maven2/org/slf4j/slf4j-api/2.0.17/slf4j-api-2.0.17.jar
2025-09-04 11:05:03,790 [BasicRepositoryConnector-repo.maven.apache.org-1-1] INFO  o.e.m.c.i.e.AbstractTransferListenerAdapter - Downloaded https://repo.maven.apache.org/maven2/com/jayway/jsonpath/json-path/2.9.0/json-path-2.9.0.jar
2025-09-04 11:05:03,792 [BasicRepositoryConnector-repo.maven.apache.org-1-4] INFO  o.e.m.c.i.e.AbstractTransferListenerAdapter - Downloading https://repo.maven.apache.org/maven2/jakarta/xml/bind/jakarta.xml.bind-api/4.0.2/jakarta.xml.bind-api-4.0.2.jar
2025-09-04 11:05:03,806 [BasicRepositoryConnector-repo.maven.apache.org-1-4] INFO  o.e.m.c.i.e.AbstractTransferListenerAdapter - Downloaded https://repo.maven.apache.org/maven2/jakarta/xml/bind/jakarta.xml.bind-api/4.0.2/jakarta.xml.bind-api-4.0.2.jar
2025-09-04 11:05:03,806 [BasicRepositoryConnector-repo.maven.apache.org-1-2] INFO  o.e.m.c.i.e.AbstractTransferListenerAdapter - Downloading https://repo.maven.apache.org/maven2/jakarta/activation/jakarta.activation-api/2.1.3/jakarta.activation-api-2.1.3.jar
2025-09-04 11:05:03,816 [BasicRepositoryConnector-repo.maven.apache.org-1-2] INFO  o.e.m.c.i.e.AbstractTransferListenerAdapter - Downloaded https://repo.maven.apache.org/maven2/jakarta/activation/jakarta.activation-api/2.1.3/jakarta.activation-api-2.1.3.jar
2025-09-04 11:05:03,826 [BasicRepositoryConnector-repo.maven.apache.org-1-0] INFO  o.e.m.c.i.e.AbstractTransferListenerAdapter - Downloading https://repo.maven.apache.org/maven2/net/minidev/json-smart/2.5.2/json-smart-2.5.2.jar
2025-09-04 11:05:03,841 [BasicRepositoryConnector-repo.maven.apache.org-1-3] INFO  o.e.m.c.i.e.AbstractTransferListenerAdapter - Downloading https://repo.maven.apache.org/maven2/net/minidev/accessors-smart/2.5.2/accessors-smart-2.5.2.jar
2025-09-04 11:05:03,843 [BasicRepositoryConnector-repo.maven.apache.org-1-3] INFO  o.e.m.c.i.e.AbstractTransferListenerAdapter - Downloaded https://repo.maven.apache.org/maven2/net/minidev/accessors-smart/2.5.2/accessors-smart-2.5.2.jar
2025-09-04 11:05:03,849 [BasicRepositoryConnector-repo.maven.apache.org-1-1] INFO  o.e.m.c.i.e.AbstractTransferListenerAdapter - Downloading https://repo.maven.apache.org/maven2/org/assertj/assertj-core/3.27.4/assertj-core-3.27.4.jar
2025-09-04 11:05:03,850 [BasicRepositoryConnector-repo.maven.apache.org-1-0] INFO  o.e.m.c.i.e.AbstractTransferListenerAdapter - Downloaded https://repo.maven.apache.org/maven2/net/minidev/json-smart/2.5.2/json-smart-2.5.2.jar
2025-09-04 11:05:03,988 [BasicRepositoryConnector-repo.maven.apache.org-1-2] INFO  o.e.m.c.i.e.AbstractTransferListenerAdapter - Downloading https://repo.maven.apache.org/maven2/org/awaitility/awaitility/4.2.2/awaitility-4.2.2.jar
2025-09-04 11:05:03,988 [BasicRepositoryConnector-repo.maven.apache.org-1-1] INFO  o.e.m.c.i.e.AbstractTransferListenerAdapter - Downloaded https://repo.maven.apache.org/maven2/org/assertj/assertj-core/3.27.4/assertj-core-3.27.4.jar
2025-09-04 11:05:04,000 [BasicRepositoryConnector-repo.maven.apache.org-1-4] INFO  o.e.m.c.i.e.AbstractTransferListenerAdapter - Downloading https://repo.maven.apache.org/maven2/net/bytebuddy/byte-buddy/1.17.7/byte-buddy-1.17.7.jar
2025-09-04 11:05:04,000 [BasicRepositoryConnector-repo.maven.apache.org-1-2] INFO  o.e.m.c.i.e.AbstractTransferListenerAdapter - Downloaded https://repo.maven.apache.org/maven2/org/awaitility/awaitility/4.2.2/awaitility-4.2.2.jar
2025-09-04 11:05:04,074 [BasicRepositoryConnector-repo.maven.apache.org-1-3] INFO  o.e.m.c.i.e.AbstractTransferListenerAdapter - Downloading https://repo.maven.apache.org/maven2/org/hamcrest/hamcrest/3.0/hamcrest-3.0.jar
2025-09-04 11:05:04,094 [BasicRepositoryConnector-repo.maven.apache.org-1-0] INFO  o.e.m.c.i.e.AbstractTransferListenerAdapter - Downloading https://repo.maven.apache.org/maven2/org/junit/jupiter/junit-jupiter/5.12.2/junit-jupiter-5.12.2.jar
2025-09-04 11:05:04,095 [BasicRepositoryConnector-repo.maven.apache.org-1-0] INFO  o.e.m.c.i.e.AbstractTransferListenerAdapter - Downloaded https://repo.maven.apache.org/maven2/org/junit/jupiter/junit-jupiter/5.12.2/junit-jupiter-5.12.2.jar
2025-09-04 11:05:04,097 [BasicRepositoryConnector-repo.maven.apache.org-1-3] INFO  o.e.m.c.i.e.AbstractTransferListenerAdapter - Downloaded https://repo.maven.apache.org/maven2/org/hamcrest/hamcrest/3.0/hamcrest-3.0.jar
2025-09-04 11:05:04,179 [BasicRepositoryConnector-repo.maven.apache.org-1-1] INFO  o.e.m.c.i.e.AbstractTransferListenerAdapter - Downloading https://repo.maven.apache.org/maven2/org/junit/jupiter/junit-jupiter-api/5.12.2/junit-jupiter-api-5.12.2.jar
2025-09-04 11:05:04,179 [BasicRepositoryConnector-repo.maven.apache.org-1-2] INFO  o.e.m.c.i.e.AbstractTransferListenerAdapter - Downloading https://repo.maven.apache.org/maven2/org/opentest4j/opentest4j/1.3.0/opentest4j-1.3.0.jar
2025-09-04 11:05:04,180 [BasicRepositoryConnector-repo.maven.apache.org-1-2] INFO  o.e.m.c.i.e.AbstractTransferListenerAdapter - Downloaded https://repo.maven.apache.org/maven2/org/opentest4j/opentest4j/1.3.0/opentest4j-1.3.0.jar
2025-09-04 11:05:04,249 [BasicRepositoryConnector-repo.maven.apache.org-1-1] INFO  o.e.m.c.i.e.AbstractTransferListenerAdapter - Downloaded https://repo.maven.apache.org/maven2/org/junit/jupiter/junit-jupiter-api/5.12.2/junit-jupiter-api-5.12.2.jar
2025-09-04 11:05:04,263 [BasicRepositoryConnector-repo.maven.apache.org-1-3] INFO  o.e.m.c.i.e.AbstractTransferListenerAdapter - Downloading https://repo.maven.apache.org/maven2/org/apiguardian/apiguardian-api/1.1.2/apiguardian-api-1.1.2.jar
2025-09-04 11:05:04,266 [BasicRepositoryConnector-repo.maven.apache.org-1-0] INFO  o.e.m.c.i.e.AbstractTransferListenerAdapter - Downloading https://repo.maven.apache.org/maven2/org/junit/platform/junit-platform-commons/1.12.2/junit-platform-commons-1.12.2.jar
2025-09-04 11:05:04,267 [BasicRepositoryConnector-repo.maven.apache.org-1-3] INFO  o.e.m.c.i.e.AbstractTransferListenerAdapter - Downloaded https://repo.maven.apache.org/maven2/org/apiguardian/apiguardian-api/1.1.2/apiguardian-api-1.1.2.jar
2025-09-04 11:05:04,289 [BasicRepositoryConnector-repo.maven.apache.org-1-0] INFO  o.e.m.c.i.e.AbstractTransferListenerAdapter - Downloaded https://repo.maven.apache.org/maven2/org/junit/platform/junit-platform-commons/1.12.2/junit-platform-commons-1.12.2.jar
2025-09-04 11:05:04,341 [BasicRepositoryConnector-repo.maven.apache.org-1-2] INFO  o.e.m.c.i.e.AbstractTransferListenerAdapter - Downloading https://repo.maven.apache.org/maven2/org/junit/jupiter/junit-jupiter-params/5.12.2/junit-jupiter-params-5.12.2.jar
2025-09-04 11:05:04,535 [BasicRepositoryConnector-repo.maven.apache.org-1-1] INFO  o.e.m.c.i.e.AbstractTransferListenerAdapter - Downloading https://repo.maven.apache.org/maven2/org/junit/jupiter/junit-jupiter-engine/5.12.2/junit-jupiter-engine-5.12.2.jar
2025-09-04 11:05:04,664 [BasicRepositoryConnector-repo.maven.apache.org-1-3] INFO  o.e.m.c.i.e.AbstractTransferListenerAdapter - Downloading https://repo.maven.apache.org/maven2/org/junit/platform/junit-platform-engine/1.12.2/junit-platform-engine-1.12.2.jar
2025-09-04 11:05:04,664 [BasicRepositoryConnector-repo.maven.apache.org-1-0] INFO  o.e.m.c.i.e.AbstractTransferListenerAdapter - Downloading https://repo.maven.apache.org/maven2/org/mockito/mockito-core/5.17.0/mockito-core-5.17.0.jar
2025-09-04 11:05:05,106 [BasicRepositoryConnector-repo.maven.apache.org-1-3] INFO  o.e.m.c.i.e.AbstractTransferListenerAdapter - Downloaded https://repo.maven.apache.org/maven2/org/junit/platform/junit-platform-engine/1.12.2/junit-platform-engine-1.12.2.jar
2025-09-04 11:05:05,585 [BasicRepositoryConnector-repo.maven.apache.org-1-3] INFO  o.e.m.c.i.e.AbstractTransferListenerAdapter - Downloading https://repo.maven.apache.org/maven2/net/bytebuddy/byte-buddy-agent/1.17.7/byte-buddy-agent-1.17.7.jar
2025-09-04 11:05:06,519 [BasicRepositoryConnector-repo.maven.apache.org-1-3] INFO  o.e.m.c.i.e.AbstractTransferListenerAdapter - Downloaded https://repo.maven.apache.org/maven2/net/bytebuddy/byte-buddy-agent/1.17.7/byte-buddy-agent-1.17.7.jar
2025-09-04 11:05:06,665 [BasicRepositoryConnector-repo.maven.apache.org-1-3] INFO  o.e.m.c.i.e.AbstractTransferListenerAdapter - Downloading https://repo.maven.apache.org/maven2/org/objenesis/objenesis/3.3/objenesis-3.3.jar
2025-09-04 11:05:06,976 [BasicRepositoryConnector-repo.maven.apache.org-1-1] INFO  o.e.m.c.i.e.AbstractTransferListenerAdapter - Downloaded https://repo.maven.apache.org/maven2/org/junit/jupiter/junit-jupiter-engine/5.12.2/junit-jupiter-engine-5.12.2.jar
2025-09-04 11:05:07,132 [BasicRepositoryConnector-repo.maven.apache.org-1-1] INFO  o.e.m.c.i.e.AbstractTransferListenerAdapter - Downloading https://repo.maven.apache.org/maven2/org/mockito/mockito-junit-jupiter/5.17.0/mockito-junit-jupiter-5.17.0.jar
2025-09-04 11:05:07,134 [BasicRepositoryConnector-repo.maven.apache.org-1-1] INFO  o.e.m.c.i.e.AbstractTransferListenerAdapter - Downloaded https://repo.maven.apache.org/maven2/org/mockito/mockito-junit-jupiter/5.17.0/mockito-junit-jupiter-5.17.0.jar
2025-09-04 11:05:07,391 [BasicRepositoryConnector-repo.maven.apache.org-1-1] INFO  o.e.m.c.i.e.AbstractTransferListenerAdapter - Downloading https://repo.maven.apache.org/maven2/org/skyscreamer/jsonassert/1.5.3/jsonassert-1.5.3.jar
2025-09-04 11:05:08,568 [BasicRepositoryConnector-repo.maven.apache.org-1-3] INFO  o.e.m.c.i.e.AbstractTransferListenerAdapter - Downloaded https://repo.maven.apache.org/maven2/org/objenesis/objenesis/3.3/objenesis-3.3.jar
2025-09-04 11:05:08,613 [BasicRepositoryConnector-repo.maven.apache.org-1-3] INFO  o.e.m.c.i.e.AbstractTransferListenerAdapter - Downloading https://repo.maven.apache.org/maven2/com/vaadin/external/google/android-json/0.0.20131108.vaadin1/android-json-0.0.20131108.vaadin1.jar
2025-09-04 11:05:08,639 [BasicRepositoryConnector-repo.maven.apache.org-1-3] INFO  o.e.m.c.i.e.AbstractTransferListenerAdapter - Downloaded https://repo.maven.apache.org/maven2/com/vaadin/external/google/android-json/0.0.20131108.vaadin1/android-json-0.0.20131108.vaadin1.jar
2025-09-04 11:05:08,706 [BasicRepositoryConnector-repo.maven.apache.org-1-3] INFO  o.e.m.c.i.e.AbstractTransferListenerAdapter - Downloading https://repo.maven.apache.org/maven2/org/springframework/spring-test/6.2.10/spring-test-6.2.10.jar
2025-09-04 11:05:09,168 [BasicRepositoryConnector-repo.maven.apache.org-1-1] INFO  o.e.m.c.i.e.AbstractTransferListenerAdapter - Downloaded https://repo.maven.apache.org/maven2/org/skyscreamer/jsonassert/1.5.3/jsonassert-1.5.3.jar
2025-09-04 11:05:09,218 [BasicRepositoryConnector-repo.maven.apache.org-1-1] INFO  o.e.m.c.i.e.AbstractTransferListenerAdapter - Downloading https://repo.maven.apache.org/maven2/org/xmlunit/xmlunit-core/2.10.3/xmlunit-core-2.10.3.jar
2025-09-04 11:05:09,225 [BasicRepositoryConnector-repo.maven.apache.org-1-3] INFO  o.e.m.c.i.e.AbstractTransferListenerAdapter - Downloaded https://repo.maven.apache.org/maven2/org/springframework/spring-test/6.2.10/spring-test-6.2.10.jar
2025-09-04 11:05:09,749 [BasicRepositoryConnector-repo.maven.apache.org-1-1] INFO  o.e.m.c.i.e.AbstractTransferListenerAdapter - Downloaded https://repo.maven.apache.org/maven2/org/xmlunit/xmlunit-core/2.10.3/xmlunit-core-2.10.3.jar
2025-09-04 11:05:09,829 [BasicRepositoryConnector-repo.maven.apache.org-1-0] INFO  o.e.m.c.i.e.AbstractTransferListenerAdapter - Downloaded https://repo.maven.apache.org/maven2/org/mockito/mockito-core/5.17.0/mockito-core-5.17.0.jar
2025-09-04 11:05:10,144 [BasicRepositoryConnector-repo.maven.apache.org-1-2] INFO  o.e.m.c.i.e.AbstractTransferListenerAdapter - Downloaded https://repo.maven.apache.org/maven2/org/junit/jupiter/junit-jupiter-params/5.12.2/junit-jupiter-params-5.12.2.jar
2025-09-04 11:05:11,935 [BasicRepositoryConnector-repo.maven.apache.org-1-4] INFO  o.e.m.c.i.e.AbstractTransferListenerAdapter - Downloaded https://repo.maven.apache.org/maven2/net/bytebuddy/byte-buddy/1.17.7/byte-buddy-1.17.7.jar
2025-09-04 11:05:12,150 [Worker-6: Importing Maven projects] INFO  o.e.m.c.i.e.AbstractTransferListenerAdapter - Downloading https://repo.maven.apache.org/maven2/org/apache/maven/plugins/maven-resources-plugin/3.3.1/maven-resources-plugin-3.3.1.pom
2025-09-04 11:05:12,152 [Worker-6: Importing Maven projects] INFO  o.e.m.c.i.e.AbstractTransferListenerAdapter - Downloaded https://repo.maven.apache.org/maven2/org/apache/maven/plugins/maven-resources-plugin/3.3.1/maven-resources-plugin-3.3.1.pom
2025-09-04 11:05:12,191 [Worker-6: Importing Maven projects] INFO  o.e.m.c.i.e.AbstractTransferListenerAdapter - Downloading https://repo.maven.apache.org/maven2/org/apache/maven/plugins/maven-plugins/39/maven-plugins-39.pom
2025-09-04 11:05:12,195 [Worker-6: Importing Maven projects] INFO  o.e.m.c.i.e.AbstractTransferListenerAdapter - Downloaded https://repo.maven.apache.org/maven2/org/apache/maven/plugins/maven-plugins/39/maven-plugins-39.pom
2025-09-04 11:05:12,259 [Worker-6: Importing Maven projects] INFO  o.e.m.c.i.e.AbstractTransferListenerAdapter - Downloading https://repo.maven.apache.org/maven2/org/apache/maven/plugins/maven-surefire-plugin/3.5.3/maven-surefire-plugin-3.5.3.pom
2025-09-04 11:05:12,260 [Worker-6: Importing Maven projects] INFO  o.e.m.c.i.e.AbstractTransferListenerAdapter - Downloaded https://repo.maven.apache.org/maven2/org/apache/maven/plugins/maven-surefire-plugin/3.5.3/maven-surefire-plugin-3.5.3.pom
2025-09-04 11:05:12,299 [Worker-6: Importing Maven projects] INFO  o.e.m.c.i.e.AbstractTransferListenerAdapter - Downloading https://repo.maven.apache.org/maven2/org/apache/maven/surefire/surefire/3.5.3/surefire-3.5.3.pom
2025-09-04 11:05:12,306 [Worker-6: Importing Maven projects] INFO  o.e.m.c.i.e.AbstractTransferListenerAdapter - Downloaded https://repo.maven.apache.org/maven2/org/apache/maven/surefire/surefire/3.5.3/surefire-3.5.3.pom
2025-09-04 11:05:12,358 [Worker-6: Importing Maven projects] INFO  o.e.m.c.i.e.AbstractTransferListenerAdapter - Downloading https://repo.maven.apache.org/maven2/org/apache/maven/maven-parent/44/maven-parent-44.pom
2025-09-04 11:05:12,381 [Worker-6: Importing Maven projects] INFO  o.e.m.c.i.e.AbstractTransferListenerAdapter - Downloaded https://repo.maven.apache.org/maven2/org/apache/maven/maven-parent/44/maven-parent-44.pom
2025-09-04 11:05:12,429 [Worker-6: Importing Maven projects] INFO  o.e.m.c.i.e.AbstractTransferListenerAdapter - Downloading https://repo.maven.apache.org/maven2/org/apache/apache/34/apache-34.pom
2025-09-04 11:05:12,442 [Worker-6: Importing Maven projects] INFO  o.e.m.c.i.e.AbstractTransferListenerAdapter - Downloaded https://repo.maven.apache.org/maven2/org/apache/apache/34/apache-34.pom
2025-09-04 11:05:12,489 [Worker-6: Importing Maven projects] INFO  o.e.m.c.i.e.AbstractTransferListenerAdapter - Downloading https://repo.maven.apache.org/maven2/org/junit/junit-bom/5.12.1/junit-bom-5.12.1.pom
2025-09-04 11:05:12,491 [Worker-6: Importing Maven projects] INFO  o.e.m.c.i.e.AbstractTransferListenerAdapter - Downloaded https://repo.maven.apache.org/maven2/org/junit/junit-bom/5.12.1/junit-bom-5.12.1.pom
2025-09-04 11:05:12,558 [Worker-6: Importing Maven projects] INFO  o.e.m.c.i.e.AbstractTransferListenerAdapter - Downloading https://repo.maven.apache.org/maven2/org/apache/maven/plugins/maven-jar-plugin/3.4.2/maven-jar-plugin-3.4.2.pom
2025-09-04 11:05:12,559 [Worker-6: Importing Maven projects] INFO  o.e.m.c.i.e.AbstractTransferListenerAdapter - Downloaded https://repo.maven.apache.org/maven2/org/apache/maven/plugins/maven-jar-plugin/3.4.2/maven-jar-plugin-3.4.2.pom
2025-09-04 11:05:12,607 [Worker-6: Importing Maven projects] INFO  o.e.m.c.i.e.AbstractTransferListenerAdapter - Downloading https://repo.maven.apache.org/maven2/org/apache/maven/plugins/maven-plugins/42/maven-plugins-42.pom
2025-09-04 11:05:12,608 [Worker-6: Importing Maven projects] INFO  o.e.m.c.i.e.AbstractTransferListenerAdapter - Downloaded https://repo.maven.apache.org/maven2/org/apache/maven/plugins/maven-plugins/42/maven-plugins-42.pom
2025-09-04 11:05:12,649 [Worker-6: Importing Maven projects] INFO  o.e.m.c.i.e.AbstractTransferListenerAdapter - Downloading https://repo.maven.apache.org/maven2/org/apache/maven/maven-parent/42/maven-parent-42.pom
2025-09-04 11:05:12,669 [Worker-6: Importing Maven projects] INFO  o.e.m.c.i.e.AbstractTransferListenerAdapter - Downloaded https://repo.maven.apache.org/maven2/org/apache/maven/maven-parent/42/maven-parent-42.pom
2025-09-04 11:05:12,719 [Worker-6: Importing Maven projects] INFO  o.e.m.c.i.e.AbstractTransferListenerAdapter - Downloading https://repo.maven.apache.org/maven2/org/apache/apache/32/apache-32.pom
2025-09-04 11:05:12,721 [Worker-6: Importing Maven projects] INFO  o.e.m.c.i.e.AbstractTransferListenerAdapter - Downloaded https://repo.maven.apache.org/maven2/org/apache/apache/32/apache-32.pom
2025-09-04 11:05:12,779 [Worker-6: Importing Maven projects] INFO  o.e.m.c.i.e.AbstractTransferListenerAdapter - Downloading https://repo.maven.apache.org/maven2/org/apache/maven/shared/file-management/3.1.0/file-management-3.1.0.pom
2025-09-04 11:05:12,785 [Worker-6: Importing Maven projects] INFO  o.e.m.c.i.e.AbstractTransferListenerAdapter - Downloaded https://repo.maven.apache.org/maven2/org/apache/maven/shared/file-management/3.1.0/file-management-3.1.0.pom
2025-09-04 11:05:12,829 [Worker-6: Importing Maven projects] INFO  o.e.m.c.i.e.AbstractTransferListenerAdapter - Downloading https://repo.maven.apache.org/maven2/org/apache/maven/shared/maven-shared-components/36/maven-shared-components-36.pom
2025-09-04 11:05:12,831 [Worker-6: Importing Maven projects] INFO  o.e.m.c.i.e.AbstractTransferListenerAdapter - Downloaded https://repo.maven.apache.org/maven2/org/apache/maven/shared/maven-shared-components/36/maven-shared-components-36.pom
2025-09-04 11:05:12,870 [Worker-6: Importing Maven projects] INFO  o.e.m.c.i.e.AbstractTransferListenerAdapter - Downloading https://repo.maven.apache.org/maven2/org/apache/maven/maven-parent/36/maven-parent-36.pom
2025-09-04 11:05:12,899 [Worker-6: Importing Maven projects] INFO  o.e.m.c.i.e.AbstractTransferListenerAdapter - Downloaded https://repo.maven.apache.org/maven2/org/apache/maven/maven-parent/36/maven-parent-36.pom
2025-09-04 11:05:12,957 [Worker-6: Importing Maven projects] INFO  o.e.m.c.i.e.AbstractTransferListenerAdapter - Downloading https://repo.maven.apache.org/maven2/org/apache/apache/26/apache-26.pom
2025-09-04 11:05:12,959 [Worker-6: Importing Maven projects] INFO  o.e.m.c.i.e.AbstractTransferListenerAdapter - Downloaded https://repo.maven.apache.org/maven2/org/apache/apache/26/apache-26.pom
2025-09-04 11:05:13,001 [Worker-6: Importing Maven projects] INFO  o.e.m.c.i.e.AbstractTransferListenerAdapter - Downloading https://repo.maven.apache.org/maven2/commons-io/commons-io/2.16.1/commons-io-2.16.1.pom
2025-09-04 11:05:13,003 [Worker-6: Importing Maven projects] INFO  o.e.m.c.i.e.AbstractTransferListenerAdapter - Downloaded https://repo.maven.apache.org/maven2/commons-io/commons-io/2.16.1/commons-io-2.16.1.pom
2025-09-04 11:05:13,057 [Worker-6: Importing Maven projects] INFO  o.e.m.c.i.e.AbstractTransferListenerAdapter - Downloading https://repo.maven.apache.org/maven2/org/apache/commons/commons-parent/69/commons-parent-69.pom
2025-09-04 11:05:13,079 [Worker-6: Importing Maven projects] INFO  o.e.m.c.i.e.AbstractTransferListenerAdapter - Downloaded https://repo.maven.apache.org/maven2/org/apache/commons/commons-parent/69/commons-parent-69.pom
2025-09-04 11:05:13,137 [Worker-6: Importing Maven projects] INFO  o.e.m.c.i.e.AbstractTransferListenerAdapter - Downloading https://repo.maven.apache.org/maven2/org/apache/apache/31/apache-31.pom
2025-09-04 11:05:13,139 [Worker-6: Importing Maven projects] INFO  o.e.m.c.i.e.AbstractTransferListenerAdapter - Downloaded https://repo.maven.apache.org/maven2/org/apache/apache/31/apache-31.pom
2025-09-04 11:05:13,187 [Worker-6: Importing Maven projects] INFO  o.e.m.c.i.e.AbstractTransferListenerAdapter - Downloading https://repo.maven.apache.org/maven2/org/apache/maven/maven-archiver/3.6.2/maven-archiver-3.6.2.pom
2025-09-04 11:05:13,189 [Worker-6: Importing Maven projects] INFO  o.e.m.c.i.e.AbstractTransferListenerAdapter - Downloaded https://repo.maven.apache.org/maven2/org/apache/maven/maven-archiver/3.6.2/maven-archiver-3.6.2.pom
2025-09-04 11:05:13,236 [Worker-6: Importing Maven projects] INFO  o.e.m.c.i.e.AbstractTransferListenerAdapter - Downloading https://repo.maven.apache.org/maven2/org/apache/maven/shared/maven-shared-components/41/maven-shared-components-41.pom
2025-09-04 11:05:13,243 [Worker-6: Importing Maven projects] INFO  o.e.m.c.i.e.AbstractTransferListenerAdapter - Downloaded https://repo.maven.apache.org/maven2/org/apache/maven/shared/maven-shared-components/41/maven-shared-components-41.pom
2025-09-04 11:05:13,290 [Worker-6: Importing Maven projects] INFO  o.e.m.c.i.e.AbstractTransferListenerAdapter - Downloading https://repo.maven.apache.org/maven2/org/apache/maven/maven-parent/41/maven-parent-41.pom
2025-09-04 11:05:13,308 [Worker-6: Importing Maven projects] INFO  o.e.m.c.i.e.AbstractTransferListenerAdapter - Downloaded https://repo.maven.apache.org/maven2/org/apache/maven/maven-parent/41/maven-parent-41.pom
2025-09-04 11:05:13,363 [Worker-6: Importing Maven projects] INFO  o.e.m.c.i.e.AbstractTransferListenerAdapter - Downloading https://repo.maven.apache.org/maven2/org/codehaus/plexus/plexus-archiver/4.9.2/plexus-archiver-4.9.2.pom
2025-09-04 11:05:13,365 [Worker-6: Importing Maven projects] INFO  o.e.m.c.i.e.AbstractTransferListenerAdapter - Downloaded https://repo.maven.apache.org/maven2/org/codehaus/plexus/plexus-archiver/4.9.2/plexus-archiver-4.9.2.pom
2025-09-04 11:05:13,412 [Worker-6: Importing Maven projects] INFO  o.e.m.c.i.e.AbstractTransferListenerAdapter - Downloading https://repo.maven.apache.org/maven2/org/codehaus/plexus/plexus-io/3.4.2/plexus-io-3.4.2.pom
2025-09-04 11:05:13,414 [Worker-6: Importing Maven projects] INFO  o.e.m.c.i.e.AbstractTransferListenerAdapter - Downloaded https://repo.maven.apache.org/maven2/org/codehaus/plexus/plexus-io/3.4.2/plexus-io-3.4.2.pom
2025-09-04 11:05:13,459 [Worker-6: Importing Maven projects] INFO  o.e.m.c.i.e.AbstractTransferListenerAdapter - Downloading https://repo.maven.apache.org/maven2/org/codehaus/plexus/plexus/16/plexus-16.pom
2025-09-04 11:05:13,471 [Worker-6: Importing Maven projects] INFO  o.e.m.c.i.e.AbstractTransferListenerAdapter - Downloaded https://repo.maven.apache.org/maven2/org/codehaus/plexus/plexus/16/plexus-16.pom
2025-09-04 11:05:13,527 [Worker-6: Importing Maven projects] INFO  o.e.m.c.i.e.AbstractTransferListenerAdapter - Downloading https://repo.maven.apache.org/maven2/org/junit/junit-bom/5.10.1/junit-bom-5.10.1.pom
2025-09-04 11:05:13,529 [Worker-6: Importing Maven projects] INFO  o.e.m.c.i.e.AbstractTransferListenerAdapter - Downloaded https://repo.maven.apache.org/maven2/org/junit/junit-bom/5.10.1/junit-bom-5.10.1.pom
2025-09-04 11:05:13,569 [Worker-6: Importing Maven projects] INFO  o.e.m.c.i.e.AbstractTransferListenerAdapter - Downloading https://repo.maven.apache.org/maven2/org/apache/commons/commons-compress/1.26.1/commons-compress-1.26.1.pom
2025-09-04 11:05:13,576 [Worker-6: Importing Maven projects] INFO  o.e.m.c.i.e.AbstractTransferListenerAdapter - Downloaded https://repo.maven.apache.org/maven2/org/apache/commons/commons-compress/1.26.1/commons-compress-1.26.1.pom
2025-09-04 11:05:13,638 [Worker-6: Importing Maven projects] INFO  o.e.m.c.i.e.AbstractTransferListenerAdapter - Downloading https://repo.maven.apache.org/maven2/org/apache/commons/commons-parent/66/commons-parent-66.pom
2025-09-04 11:05:13,651 [Worker-6: Importing Maven projects] INFO  o.e.m.c.i.e.AbstractTransferListenerAdapter - Downloaded https://repo.maven.apache.org/maven2/org/apache/commons/commons-parent/66/commons-parent-66.pom
2025-09-04 11:05:13,717 [Worker-6: Importing Maven projects] INFO  o.e.m.c.i.e.AbstractTransferListenerAdapter - Downloading https://repo.maven.apache.org/maven2/commons-codec/commons-codec/1.16.1/commons-codec-1.16.1.pom
2025-09-04 11:05:13,719 [Worker-6: Importing Maven projects] INFO  o.e.m.c.i.e.AbstractTransferListenerAdapter - Downloaded https://repo.maven.apache.org/maven2/commons-codec/commons-codec/1.16.1/commons-codec-1.16.1.pom
2025-09-04 11:05:13,763 [Worker-6: Importing Maven projects] INFO  o.e.m.c.i.e.AbstractTransferListenerAdapter - Downloading https://repo.maven.apache.org/maven2/org/apache/commons/commons-lang3/3.14.0/commons-lang3-3.14.0.pom
2025-09-04 11:05:13,772 [Worker-6: Importing Maven projects] INFO  o.e.m.c.i.e.AbstractTransferListenerAdapter - Downloaded https://repo.maven.apache.org/maven2/org/apache/commons/commons-lang3/3.14.0/commons-lang3-3.14.0.pom
2025-09-04 11:05:13,809 [Worker-6: Importing Maven projects] INFO  o.e.m.c.i.e.AbstractTransferListenerAdapter - Downloading https://repo.maven.apache.org/maven2/org/apache/commons/commons-parent/64/commons-parent-64.pom
2025-09-04 11:05:13,837 [Worker-6: Importing Maven projects] INFO  o.e.m.c.i.e.AbstractTransferListenerAdapter - Downloaded https://repo.maven.apache.org/maven2/org/apache/commons/commons-parent/64/commons-parent-64.pom
2025-09-04 11:05:13,880 [Worker-6: Importing Maven projects] INFO  o.e.m.c.i.e.AbstractTransferListenerAdapter - Downloading https://repo.maven.apache.org/maven2/org/apache/apache/30/apache-30.pom
2025-09-04 11:05:13,883 [Worker-6: Importing Maven projects] INFO  o.e.m.c.i.e.AbstractTransferListenerAdapter - Downloaded https://repo.maven.apache.org/maven2/org/apache/apache/30/apache-30.pom
2025-09-04 11:05:13,931 [Worker-6: Importing Maven projects] INFO  o.e.m.c.i.e.AbstractTransferListenerAdapter - Downloading https://repo.maven.apache.org/maven2/org/junit/junit-bom/5.10.0/junit-bom-5.10.0.pom
2025-09-04 11:05:13,932 [Worker-6: Importing Maven projects] INFO  o.e.m.c.i.e.AbstractTransferListenerAdapter - Downloaded https://repo.maven.apache.org/maven2/org/junit/junit-bom/5.10.0/junit-bom-5.10.0.pom
2025-09-04 11:05:13,977 [Worker-6: Importing Maven projects] INFO  o.e.m.c.i.e.AbstractTransferListenerAdapter - Downloading https://repo.maven.apache.org/maven2/org/iq80/snappy/snappy/0.4/snappy-0.4.pom
2025-09-04 11:05:13,978 [Worker-6: Importing Maven projects] INFO  o.e.m.c.i.e.AbstractTransferListenerAdapter - Downloaded https://repo.maven.apache.org/maven2/org/iq80/snappy/snappy/0.4/snappy-0.4.pom
2025-09-04 11:05:14,019 [Worker-6: Importing Maven projects] INFO  o.e.m.c.i.e.AbstractTransferListenerAdapter - Downloading https://repo.maven.apache.org/maven2/org/tukaani/xz/1.9/xz-1.9.pom
2025-09-04 11:05:14,020 [Worker-6: Importing Maven projects] INFO  o.e.m.c.i.e.AbstractTransferListenerAdapter - Downloaded https://repo.maven.apache.org/maven2/org/tukaani/xz/1.9/xz-1.9.pom
2025-09-04 11:05:14,061 [Worker-6: Importing Maven projects] INFO  o.e.m.c.i.e.AbstractTransferListenerAdapter - Downloading https://repo.maven.apache.org/maven2/com/github/luben/zstd-jni/1.5.5-11/zstd-jni-1.5.5-11.pom
2025-09-04 11:05:14,062 [Worker-6: Importing Maven projects] INFO  o.e.m.c.i.e.AbstractTransferListenerAdapter - Downloaded https://repo.maven.apache.org/maven2/com/github/luben/zstd-jni/1.5.5-11/zstd-jni-1.5.5-11.pom
2025-09-04 11:05:14,098 [Worker-6: Importing Maven projects] INFO  o.e.m.c.i.e.AbstractTransferListenerAdapter - Downloading https://repo.maven.apache.org/maven2/org/codehaus/plexus/plexus-interpolation/1.27/plexus-interpolation-1.27.pom
2025-09-04 11:05:14,100 [Worker-6: Importing Maven projects] INFO  o.e.m.c.i.e.AbstractTransferListenerAdapter - Downloaded https://repo.maven.apache.org/maven2/org/codehaus/plexus/plexus-interpolation/1.27/plexus-interpolation-1.27.pom
2025-09-04 11:05:14,149 [Worker-6: Importing Maven projects] INFO  o.e.m.c.i.e.AbstractTransferListenerAdapter - Downloading https://repo.maven.apache.org/maven2/org/apache/maven/shared/file-management/3.1.0/file-management-3.1.0.jar
2025-09-04 11:05:14,157 [Worker-6: Importing Maven projects] INFO  o.e.m.c.i.e.AbstractTransferListenerAdapter - Downloaded https://repo.maven.apache.org/maven2/org/apache/maven/shared/file-management/3.1.0/file-management-3.1.0.jar
2025-09-04 11:05:14,190 [BasicRepositoryConnector-repo.maven.apache.org-2-0] INFO  o.e.m.c.i.e.AbstractTransferListenerAdapter - Downloading https://repo.maven.apache.org/maven2/commons-io/commons-io/2.16.1/commons-io-2.16.1.jar
2025-09-04 11:05:14,231 [BasicRepositoryConnector-repo.maven.apache.org-2-1] INFO  o.e.m.c.i.e.AbstractTransferListenerAdapter - Downloading https://repo.maven.apache.org/maven2/org/apache/maven/maven-archiver/3.6.2/maven-archiver-3.6.2.jar
2025-09-04 11:05:14,247 [BasicRepositoryConnector-repo.maven.apache.org-2-2] INFO  o.e.m.c.i.e.AbstractTransferListenerAdapter - Downloading https://repo.maven.apache.org/maven2/org/codehaus/plexus/plexus-interpolation/1.27/plexus-interpolation-1.27.jar
2025-09-04 11:05:14,247 [BasicRepositoryConnector-repo.maven.apache.org-2-3] INFO  o.e.m.c.i.e.AbstractTransferListenerAdapter - Downloading https://repo.maven.apache.org/maven2/org/codehaus/plexus/plexus-archiver/4.9.2/plexus-archiver-4.9.2.jar
2025-09-04 11:05:14,249 [BasicRepositoryConnector-repo.maven.apache.org-2-4] INFO  o.e.m.c.i.e.AbstractTransferListenerAdapter - Downloading https://repo.maven.apache.org/maven2/org/codehaus/plexus/plexus-io/3.4.2/plexus-io-3.4.2.jar
2025-09-04 11:05:14,258 [BasicRepositoryConnector-repo.maven.apache.org-2-4] INFO  o.e.m.c.i.e.AbstractTransferListenerAdapter - Downloaded https://repo.maven.apache.org/maven2/org/codehaus/plexus/plexus-io/3.4.2/plexus-io-3.4.2.jar
2025-09-04 11:05:14,308 [BasicRepositoryConnector-repo.maven.apache.org-2-4] INFO  o.e.m.c.i.e.AbstractTransferListenerAdapter - Downloading https://repo.maven.apache.org/maven2/org/apache/commons/commons-compress/1.26.1/commons-compress-1.26.1.jar
2025-09-04 11:05:14,309 [BasicRepositoryConnector-repo.maven.apache.org-2-0] INFO  o.e.m.c.i.e.AbstractTransferListenerAdapter - Downloaded https://repo.maven.apache.org/maven2/commons-io/commons-io/2.16.1/commons-io-2.16.1.jar
2025-09-04 11:05:14,396 [BasicRepositoryConnector-repo.maven.apache.org-2-0] INFO  o.e.m.c.i.e.AbstractTransferListenerAdapter - Downloading https://repo.maven.apache.org/maven2/org/apache/commons/commons-lang3/3.14.0/commons-lang3-3.14.0.jar
2025-09-04 11:05:14,460 [BasicRepositoryConnector-repo.maven.apache.org-2-1] INFO  o.e.m.c.i.e.AbstractTransferListenerAdapter - Downloaded https://repo.maven.apache.org/maven2/org/apache/maven/maven-archiver/3.6.2/maven-archiver-3.6.2.jar
2025-09-04 11:05:14,466 [BasicRepositoryConnector-repo.maven.apache.org-2-2] INFO  o.e.m.c.i.e.AbstractTransferListenerAdapter - Downloaded https://repo.maven.apache.org/maven2/org/codehaus/plexus/plexus-interpolation/1.27/plexus-interpolation-1.27.jar
2025-09-04 11:05:14,472 [BasicRepositoryConnector-repo.maven.apache.org-2-3] INFO  o.e.m.c.i.e.AbstractTransferListenerAdapter - Downloaded https://repo.maven.apache.org/maven2/org/codehaus/plexus/plexus-archiver/4.9.2/plexus-archiver-4.9.2.jar
2025-09-04 11:05:14,544 [BasicRepositoryConnector-repo.maven.apache.org-2-2] INFO  o.e.m.c.i.e.AbstractTransferListenerAdapter - Downloading https://repo.maven.apache.org/maven2/org/iq80/snappy/snappy/0.4/snappy-0.4.jar
2025-09-04 11:05:14,544 [BasicRepositoryConnector-repo.maven.apache.org-2-3] INFO  o.e.m.c.i.e.AbstractTransferListenerAdapter - Downloading https://repo.maven.apache.org/maven2/org/tukaani/xz/1.9/xz-1.9.jar
2025-09-04 11:05:14,544 [BasicRepositoryConnector-repo.maven.apache.org-2-1] INFO  o.e.m.c.i.e.AbstractTransferListenerAdapter - Downloading https://repo.maven.apache.org/maven2/commons-codec/commons-codec/1.16.1/commons-codec-1.16.1.jar
2025-09-04 11:05:14,553 [BasicRepositoryConnector-repo.maven.apache.org-2-0] INFO  o.e.m.c.i.e.AbstractTransferListenerAdapter - Downloaded https://repo.maven.apache.org/maven2/org/apache/commons/commons-lang3/3.14.0/commons-lang3-3.14.0.jar
2025-09-04 11:05:14,605 [BasicRepositoryConnector-repo.maven.apache.org-2-2] INFO  o.e.m.c.i.e.AbstractTransferListenerAdapter - Downloaded https://repo.maven.apache.org/maven2/org/iq80/snappy/snappy/0.4/snappy-0.4.jar
2025-09-04 11:05:14,605 [BasicRepositoryConnector-repo.maven.apache.org-2-3] INFO  o.e.m.c.i.e.AbstractTransferListenerAdapter - Downloaded https://repo.maven.apache.org/maven2/org/tukaani/xz/1.9/xz-1.9.jar
2025-09-04 11:05:14,613 [BasicRepositoryConnector-repo.maven.apache.org-2-0] INFO  o.e.m.c.i.e.AbstractTransferListenerAdapter - Downloading https://repo.maven.apache.org/maven2/com/github/luben/zstd-jni/1.5.5-11/zstd-jni-1.5.5-11.jar
2025-09-04 11:05:14,669 [BasicRepositoryConnector-repo.maven.apache.org-2-4] INFO  o.e.m.c.i.e.AbstractTransferListenerAdapter - Downloaded https://repo.maven.apache.org/maven2/org/apache/commons/commons-compress/1.26.1/commons-compress-1.26.1.jar
2025-09-04 11:05:15,148 [BasicRepositoryConnector-repo.maven.apache.org-2-1] INFO  o.e.m.c.i.e.AbstractTransferListenerAdapter - Downloaded https://repo.maven.apache.org/maven2/commons-codec/commons-codec/1.16.1/commons-codec-1.16.1.jar
2025-09-04 11:05:15,577 [BasicRepositoryConnector-repo.maven.apache.org-2-0] INFO  o.e.m.c.i.e.AbstractTransferListenerAdapter - Downloaded https://repo.maven.apache.org/maven2/com/github/luben/zstd-jni/1.5.5-11/zstd-jni-1.5.5-11.jar
2025-09-04 11:05:15,979 [Worker-6: Importing Maven projects] INFO  o.e.m.c.i.e.AbstractTransferListenerAdapter - Downloading https://repo.maven.apache.org/maven2/org/codehaus/plexus/plexus-interpolation/1.26/plexus-interpolation-1.26.pom
2025-09-04 11:05:15,980 [Worker-6: Importing Maven projects] INFO  o.e.m.c.i.e.AbstractTransferListenerAdapter - Downloaded https://repo.maven.apache.org/maven2/org/codehaus/plexus/plexus-interpolation/1.26/plexus-interpolation-1.26.pom
2025-09-04 11:05:16,019 [Worker-6: Importing Maven projects] INFO  o.e.m.c.i.e.AbstractTransferListenerAdapter - Downloading https://repo.maven.apache.org/maven2/org/codehaus/plexus/plexus/5.1/plexus-5.1.pom
2025-09-04 11:05:16,021 [Worker-6: Importing Maven projects] INFO  o.e.m.c.i.e.AbstractTransferListenerAdapter - Downloaded https://repo.maven.apache.org/maven2/org/codehaus/plexus/plexus/5.1/plexus-5.1.pom
2025-09-04 11:05:16,067 [Worker-6: Importing Maven projects] INFO  o.e.m.c.i.e.AbstractTransferListenerAdapter - Downloading https://repo.maven.apache.org/maven2/org/codehaus/plexus/plexus-utils/3.5.1/plexus-utils-3.5.1.pom
2025-09-04 11:05:16,069 [Worker-6: Importing Maven projects] INFO  o.e.m.c.i.e.AbstractTransferListenerAdapter - Downloaded https://repo.maven.apache.org/maven2/org/codehaus/plexus/plexus-utils/3.5.1/plexus-utils-3.5.1.pom
2025-09-04 11:05:16,126 [Worker-6: Importing Maven projects] INFO  o.e.m.c.i.e.AbstractTransferListenerAdapter - Downloading https://repo.maven.apache.org/maven2/org/codehaus/plexus/plexus/10/plexus-10.pom
2025-09-04 11:05:16,135 [Worker-6: Importing Maven projects] INFO  o.e.m.c.i.e.AbstractTransferListenerAdapter - Downloaded https://repo.maven.apache.org/maven2/org/codehaus/plexus/plexus/10/plexus-10.pom
2025-09-04 11:05:16,188 [Worker-6: Importing Maven projects] INFO  o.e.m.c.i.e.AbstractTransferListenerAdapter - Downloading https://repo.maven.apache.org/maven2/org/apache/maven/shared/maven-filtering/3.3.1/maven-filtering-3.3.1.pom
2025-09-04 11:05:16,189 [Worker-6: Importing Maven projects] INFO  o.e.m.c.i.e.AbstractTransferListenerAdapter - Downloaded https://repo.maven.apache.org/maven2/org/apache/maven/shared/maven-filtering/3.3.1/maven-filtering-3.3.1.pom
2025-09-04 11:05:16,238 [Worker-6: Importing Maven projects] INFO  o.e.m.c.i.e.AbstractTransferListenerAdapter - Downloading https://repo.maven.apache.org/maven2/org/sonatype/plexus/plexus-build-api/0.0.7/plexus-build-api-0.0.7.pom
2025-09-04 11:05:16,240 [Worker-6: Importing Maven projects] INFO  o.e.m.c.i.e.AbstractTransferListenerAdapter - Downloaded https://repo.maven.apache.org/maven2/org/sonatype/plexus/plexus-build-api/0.0.7/plexus-build-api-0.0.7.pom
2025-09-04 11:05:16,294 [Worker-6: Importing Maven projects] INFO  o.e.m.c.i.e.AbstractTransferListenerAdapter - Downloading https://repo.maven.apache.org/maven2/org/sonatype/spice/spice-parent/15/spice-parent-15.pom
2025-09-04 11:05:16,295 [Worker-6: Importing Maven projects] INFO  o.e.m.c.i.e.AbstractTransferListenerAdapter - Downloaded https://repo.maven.apache.org/maven2/org/sonatype/spice/spice-parent/15/spice-parent-15.pom
2025-09-04 11:05:16,347 [Worker-6: Importing Maven projects] INFO  o.e.m.c.i.e.AbstractTransferListenerAdapter - Downloading https://repo.maven.apache.org/maven2/org/sonatype/forge/forge-parent/5/forge-parent-5.pom
2025-09-04 11:05:16,348 [Worker-6: Importing Maven projects] INFO  o.e.m.c.i.e.AbstractTransferListenerAdapter - Downloaded https://repo.maven.apache.org/maven2/org/sonatype/forge/forge-parent/5/forge-parent-5.pom
2025-09-04 11:05:16,398 [Worker-6: Importing Maven projects] INFO  o.e.m.c.i.e.AbstractTransferListenerAdapter - Downloading https://repo.maven.apache.org/maven2/org/codehaus/plexus/plexus-utils/3.5.0/plexus-utils-3.5.0.pom
2025-09-04 11:05:16,399 [Worker-6: Importing Maven projects] INFO  o.e.m.c.i.e.AbstractTransferListenerAdapter - Downloaded https://repo.maven.apache.org/maven2/org/codehaus/plexus/plexus-utils/3.5.0/plexus-utils-3.5.0.pom
2025-09-04 11:05:16,442 [Worker-6: Importing Maven projects] INFO  o.e.m.c.i.e.AbstractTransferListenerAdapter - Downloading https://repo.maven.apache.org/maven2/org/apache/commons/commons-lang3/3.12.0/commons-lang3-3.12.0.pom
2025-09-04 11:05:16,446 [Worker-6: Importing Maven projects] INFO  o.e.m.c.i.e.AbstractTransferListenerAdapter - Downloaded https://repo.maven.apache.org/maven2/org/apache/commons/commons-lang3/3.12.0/commons-lang3-3.12.0.pom
2025-09-04 11:05:16,500 [Worker-6: Importing Maven projects] INFO  o.e.m.c.i.e.AbstractTransferListenerAdapter - Downloading https://repo.maven.apache.org/maven2/org/junit/junit-bom/5.7.1/junit-bom-5.7.1.pom
2025-09-04 11:05:16,502 [Worker-6: Importing Maven projects] INFO  o.e.m.c.i.e.AbstractTransferListenerAdapter - Downloaded https://repo.maven.apache.org/maven2/org/junit/junit-bom/5.7.1/junit-bom-5.7.1.pom
2025-09-04 11:05:16,539 [Worker-6: Importing Maven projects] INFO  o.e.m.c.i.e.AbstractTransferListenerAdapter - Downloading https://repo.maven.apache.org/maven2/org/codehaus/plexus/plexus-interpolation/1.26/plexus-interpolation-1.26.jar
2025-09-04 11:05:16,552 [Worker-6: Importing Maven projects] INFO  o.e.m.c.i.e.AbstractTransferListenerAdapter - Downloaded https://repo.maven.apache.org/maven2/org/codehaus/plexus/plexus-interpolation/1.26/plexus-interpolation-1.26.jar
2025-09-04 11:05:16,596 [BasicRepositoryConnector-repo.maven.apache.org-3-0] INFO  o.e.m.c.i.e.AbstractTransferListenerAdapter - Downloading https://repo.maven.apache.org/maven2/org/codehaus/plexus/plexus-utils/3.5.1/plexus-utils-3.5.1.jar
2025-09-04 11:05:16,629 [BasicRepositoryConnector-repo.maven.apache.org-3-1] INFO  o.e.m.c.i.e.AbstractTransferListenerAdapter - Downloading https://repo.maven.apache.org/maven2/org/apache/maven/shared/maven-filtering/3.3.1/maven-filtering-3.3.1.jar
2025-09-04 11:05:16,629 [BasicRepositoryConnector-repo.maven.apache.org-3-3] INFO  o.e.m.c.i.e.AbstractTransferListenerAdapter - Downloading https://repo.maven.apache.org/maven2/org/apache/commons/commons-lang3/3.12.0/commons-lang3-3.12.0.jar
2025-09-04 11:05:16,630 [BasicRepositoryConnector-repo.maven.apache.org-3-2] INFO  o.e.m.c.i.e.AbstractTransferListenerAdapter - Downloading https://repo.maven.apache.org/maven2/org/sonatype/plexus/plexus-build-api/0.0.7/plexus-build-api-0.0.7.jar
2025-09-04 11:05:16,631 [BasicRepositoryConnector-repo.maven.apache.org-3-0] INFO  o.e.m.c.i.e.AbstractTransferListenerAdapter - Downloaded https://repo.maven.apache.org/maven2/org/codehaus/plexus/plexus-utils/3.5.1/plexus-utils-3.5.1.jar
2025-09-04 11:05:16,632 [BasicRepositoryConnector-repo.maven.apache.org-3-2] INFO  o.e.m.c.i.e.AbstractTransferListenerAdapter - Downloaded https://repo.maven.apache.org/maven2/org/sonatype/plexus/plexus-build-api/0.0.7/plexus-build-api-0.0.7.jar
2025-09-04 11:05:16,632 [BasicRepositoryConnector-repo.maven.apache.org-3-1] INFO  o.e.m.c.i.e.AbstractTransferListenerAdapter - Downloaded https://repo.maven.apache.org/maven2/org/apache/maven/shared/maven-filtering/3.3.1/maven-filtering-3.3.1.jar
2025-09-04 11:05:16,887 [BasicRepositoryConnector-repo.maven.apache.org-3-3] INFO  o.e.m.c.i.e.AbstractTransferListenerAdapter - Downloaded https://repo.maven.apache.org/maven2/org/apache/commons/commons-lang3/3.12.0/commons-lang3-3.12.0.jar
2025-09-04 11:05:16,890 [Worker-17: Download sources and javadoc] INFO  o.e.m.c.i.e.AbstractTransferListenerAdapter - Downloading https://repo.maven.apache.org/maven2/org/springframework/boot/spring-boot-starter/3.5.5/spring-boot-starter-3.5.5-sources.jar
2025-09-04 11:05:16,891 [Worker-17: Download sources and javadoc] INFO  o.e.m.c.i.e.AbstractTransferListenerAdapter - Downloaded https://repo.maven.apache.org/maven2/org/springframework/boot/spring-boot-starter/3.5.5/spring-boot-starter-3.5.5-sources.jar
2025-09-04 11:05:16,893 [Worker-17: Download sources and javadoc] INFO  o.e.m.j.internal.DownloadSourcesJob - Downloaded sources for org.springframework.boot:spring-boot-starter:3.5.5
2025-09-04 11:05:16,944 [Worker-6: Importing Maven projects] INFO  o.e.m.j.i.AbstractJavaProjectConfigurator - Adding source folder /helloworld/src/main/java
2025-09-04 11:05:16,945 [Worker-6: Importing Maven projects] INFO  o.e.m.j.i.AbstractJavaProjectConfigurator - Adding resource folder /helloworld/src/main/resources
2025-09-04 11:05:16,947 [Worker-6: Importing Maven projects] INFO  o.e.m.j.i.AbstractJavaProjectConfigurator - Adding resource folder /helloworld/src/main/resources
2025-09-04 11:05:16,949 [Worker-6: Importing Maven projects] INFO  o.e.m.j.i.AbstractJavaProjectConfigurator - Adding source folder /helloworld/src/test/java
2025-09-04 11:05:16,950 [Worker-6: Importing Maven projects] INFO  o.e.m.j.i.AbstractJavaProjectConfigurator - Adding resource folder /helloworld/src/test/resources
2025-09-04 11:05:17,024 [Worker-17: Download sources and javadoc] INFO  o.e.m.c.i.e.AbstractTransferListenerAdapter - Downloading https://repo.maven.apache.org/maven2/org/springframework/boot/spring-boot/3.5.5/spring-boot-3.5.5-sources.jar
2025-09-04 11:05:17,281 [Worker-17: Download sources and javadoc] INFO  o.e.m.c.i.e.AbstractTransferListenerAdapter - Downloaded https://repo.maven.apache.org/maven2/org/springframework/boot/spring-boot/3.5.5/spring-boot-3.5.5-sources.jar
2025-09-04 11:05:17,283 [Worker-17: Download sources and javadoc] INFO  o.e.m.j.internal.DownloadSourcesJob - Downloaded sources for org.springframework.boot:spring-boot:3.5.5
2025-09-04 11:05:17,428 [Worker-17: Download sources and javadoc] INFO  o.e.m.c.i.e.AbstractTransferListenerAdapter - Downloading https://repo.maven.apache.org/maven2/org/springframework/spring-context/6.2.10/spring-context-6.2.10-sources.jar
2025-09-04 11:05:17,523 [Worker-6: Importing Maven projects] INFO  o.e.m.c.i.p.ProjectConfigurationManager - Imported and configured 1 project(s) in 29 sec
2025-09-04 11:05:17,664 [Worker-17: Download sources and javadoc] INFO  o.e.m.c.i.e.AbstractTransferListenerAdapter - Downloaded https://repo.maven.apache.org/maven2/org/springframework/spring-context/6.2.10/spring-context-6.2.10-sources.jar
2025-09-04 11:05:17,666 [Worker-17: Download sources and javadoc] INFO  o.e.m.j.internal.DownloadSourcesJob - Downloaded sources for org.springframework:spring-context:6.2.10
2025-09-04 11:05:17,768 [Worker-17: Download sources and javadoc] INFO  o.e.m.c.i.e.AbstractTransferListenerAdapter - Downloading https://repo.maven.apache.org/maven2/org/springframework/spring-aop/6.2.10/spring-aop-6.2.10-sources.jar
2025-09-04 11:05:17,972 [Worker-17: Download sources and javadoc] INFO  o.e.m.c.i.e.AbstractTransferListenerAdapter - Downloaded https://repo.maven.apache.org/maven2/org/springframework/spring-aop/6.2.10/spring-aop-6.2.10-sources.jar
2025-09-04 11:05:17,974 [Worker-17: Download sources and javadoc] INFO  o.e.m.j.internal.DownloadSourcesJob - Downloaded sources for org.springframework:spring-aop:6.2.10
2025-09-04 11:05:18,084 [Worker-17: Download sources and javadoc] INFO  o.e.m.c.i.e.AbstractTransferListenerAdapter - Downloading https://repo.maven.apache.org/maven2/org/springframework/spring-beans/6.2.10/spring-beans-6.2.10-sources.jar
2025-09-04 11:05:18,364 [Worker-17: Download sources and javadoc] INFO  o.e.m.c.i.e.AbstractTransferListenerAdapter - Downloaded https://repo.maven.apache.org/maven2/org/springframework/spring-beans/6.2.10/spring-beans-6.2.10-sources.jar
2025-09-04 11:05:18,366 [Worker-17: Download sources and javadoc] INFO  o.e.m.j.internal.DownloadSourcesJob - Downloaded sources for org.springframework:spring-beans:6.2.10
2025-09-04 11:05:18,433 [Worker-6: Building] INFO  o.a.m.s.f.DefaultMavenResourcesFiltering - Copying 1 resource from src/main/resources to target/classes
2025-09-04 11:05:18,462 [Worker-6: Building] INFO  o.a.m.s.f.DefaultMavenResourcesFiltering - Copying 0 resource from src/main/resources to target/classes
2025-09-04 11:05:18,471 [Worker-6: Building] INFO  o.a.m.s.f.DefaultMavenResourcesFiltering - skip non existing resourceDirectory /home/diamanka/eclipse-workspace /helloworld/src/test/resources
2025-09-04 11:05:18,495 [Worker-17: Download sources and javadoc] INFO  o.e.m.c.i.e.AbstractTransferListenerAdapter - Downloading https://repo.maven.apache.org/maven2/org/springframework/spring-expression/6.2.10/spring-expression-6.2.10-sources.jar
2025-09-04 11:05:18,640 [Worker-17: Download sources and javadoc] INFO  o.e.m.c.i.e.AbstractTransferListenerAdapter - Downloaded https://repo.maven.apache.org/maven2/org/springframework/spring-expression/6.2.10/spring-expression-6.2.10-sources.jar
2025-09-04 11:05:18,641 [Worker-17: Download sources and javadoc] INFO  o.e.m.j.internal.DownloadSourcesJob - Downloaded sources for org.springframework:spring-expression:6.2.10
2025-09-04 11:05:18,748 [Worker-17: Download sources and javadoc] INFO  o.e.m.c.i.e.AbstractTransferListenerAdapter - Downloading https://repo.maven.apache.org/maven2/io/micrometer/micrometer-observation/1.15.3/micrometer-observation-1.15.3-sources.jar
2025-09-04 11:05:19,061 [Worker-17: Download sources and javadoc] INFO  o.e.m.c.i.e.AbstractTransferListenerAdapter - Downloaded https://repo.maven.apache.org/maven2/io/micrometer/micrometer-observation/1.15.3/micrometer-observation-1.15.3-sources.jar
2025-09-04 11:05:19,064 [Worker-17: Download sources and javadoc] INFO  o.e.m.j.internal.DownloadSourcesJob - Downloaded sources for io.micrometer:micrometer-observation:1.15.3
2025-09-04 11:05:19,180 [Worker-17: Download sources and javadoc] INFO  o.e.m.c.i.e.AbstractTransferListenerAdapter - Downloading https://repo.maven.apache.org/maven2/io/micrometer/micrometer-commons/1.15.3/micrometer-commons-1.15.3-sources.jar
2025-09-04 11:05:19,186 [Worker-17: Download sources and javadoc] INFO  o.e.m.c.i.e.AbstractTransferListenerAdapter - Downloaded https://repo.maven.apache.org/maven2/io/micrometer/micrometer-commons/1.15.3/micrometer-commons-1.15.3-sources.jar
2025-09-04 11:05:19,188 [Worker-17: Download sources and javadoc] INFO  o.e.m.j.internal.DownloadSourcesJob - Downloaded sources for io.micrometer:micrometer-commons:1.15.3
2025-09-04 11:05:19,318 [Worker-17: Download sources and javadoc] INFO  o.e.m.c.i.e.AbstractTransferListenerAdapter - Downloading https://repo.maven.apache.org/maven2/org/springframework/boot/spring-boot-autoconfigure/3.5.5/spring-boot-autoconfigure-3.5.5-sources.jar
2025-09-04 11:05:19,574 [Worker-17: Download sources and javadoc] INFO  o.e.m.c.i.e.AbstractTransferListenerAdapter - Downloaded https://repo.maven.apache.org/maven2/org/springframework/boot/spring-boot-autoconfigure/3.5.5/spring-boot-autoconfigure-3.5.5-sources.jar
2025-09-04 11:05:19,575 [Worker-17: Download sources and javadoc] INFO  o.e.m.j.internal.DownloadSourcesJob - Downloaded sources for org.springframework.boot:spring-boot-autoconfigure:3.5.5
2025-09-04 11:05:19,749 [Worker-17: Download sources and javadoc] INFO  o.e.m.c.i.e.AbstractTransferListenerAdapter - Downloading https://repo.maven.apache.org/maven2/org/springframework/boot/spring-boot-starter-logging/3.5.5/spring-boot-starter-logging-3.5.5-sources.jar
2025-09-04 11:05:19,750 [Worker-17: Download sources and javadoc] INFO  o.e.m.c.i.e.AbstractTransferListenerAdapter - Downloaded https://repo.maven.apache.org/maven2/org/springframework/boot/spring-boot-starter-logging/3.5.5/spring-boot-starter-logging-3.5.5-sources.jar
2025-09-04 11:05:19,752 [Worker-17: Download sources and javadoc] INFO  o.e.m.j.internal.DownloadSourcesJob - Downloaded sources for org.springframework.boot:spring-boot-starter-logging:3.5.5
2025-09-04 11:05:19,868 [Worker-17: Download sources and javadoc] INFO  o.e.m.c.i.e.AbstractTransferListenerAdapter - Downloading https://repo.maven.apache.org/maven2/ch/qos/logback/logback-classic/1.5.18/logback-classic-1.5.18-sources.jar
2025-09-04 11:05:20,040 [Worker-17: Download sources and javadoc] INFO  o.e.m.c.i.e.AbstractTransferListenerAdapter - Downloaded https://repo.maven.apache.org/maven2/ch/qos/logback/logback-classic/1.5.18/logback-classic-1.5.18-sources.jar
2025-09-04 11:05:20,042 [Worker-17: Download sources and javadoc] INFO  o.e.m.j.internal.DownloadSourcesJob - Downloaded sources for ch.qos.logback:logback-classic:1.5.18
2025-09-04 11:05:20,167 [Worker-17: Download sources and javadoc] INFO  o.e.m.c.i.e.AbstractTransferListenerAdapter - Downloading https://repo.maven.apache.org/maven2/ch/qos/logback/logback-core/1.5.18/logback-core-1.5.18-sources.jar
2025-09-04 11:05:20,404 [Worker-17: Download sources and javadoc] INFO  o.e.m.c.i.e.AbstractTransferListenerAdapter - Downloaded https://repo.maven.apache.org/maven2/ch/qos/logback/logback-core/1.5.18/logback-core-1.5.18-sources.jar
2025-09-04 11:05:20,406 [Worker-17: Download sources and javadoc] INFO  o.e.m.j.internal.DownloadSourcesJob - Downloaded sources for ch.qos.logback:logback-core:1.5.18
2025-09-04 11:05:20,548 [Worker-17: Download sources and javadoc] INFO  o.e.m.c.i.e.AbstractTransferListenerAdapter - Downloading https://repo.maven.apache.org/maven2/org/apache/logging/log4j/log4j-to-slf4j/2.24.3/log4j-to-slf4j-2.24.3-sources.jar
2025-09-04 11:05:20,549 [Worker-17: Download sources and javadoc] INFO  o.e.m.c.i.e.AbstractTransferListenerAdapter - Downloaded https://repo.maven.apache.org/maven2/org/apache/logging/log4j/log4j-to-slf4j/2.24.3/log4j-to-slf4j-2.24.3-sources.jar
2025-09-04 11:05:20,551 [Worker-17: Download sources and javadoc] INFO  o.e.m.j.internal.DownloadSourcesJob - Downloaded sources for org.apache.logging.log4j:log4j-to-slf4j:2.24.3
2025-09-04 11:05:20,670 [Worker-17: Download sources and javadoc] INFO  o.e.m.c.i.e.AbstractTransferListenerAdapter - Downloading https://repo.maven.apache.org/maven2/org/apache/logging/log4j/log4j-api/2.24.3/log4j-api-2.24.3-sources.jar
2025-09-04 11:05:20,879 [Worker-17: Download sources and javadoc] INFO  o.e.m.c.i.e.AbstractTransferListenerAdapter - Downloaded https://repo.maven.apache.org/maven2/org/apache/logging/log4j/log4j-api/2.24.3/log4j-api-2.24.3-sources.jar
2025-09-04 11:05:20,881 [Worker-17: Download sources and javadoc] INFO  o.e.m.j.internal.DownloadSourcesJob - Downloaded sources for org.apache.logging.log4j:log4j-api:2.24.3
2025-09-04 11:05:21,004 [Worker-17: Download sources and javadoc] INFO  o.e.m.c.i.e.AbstractTransferListenerAdapter - Downloading https://repo.maven.apache.org/maven2/org/slf4j/jul-to-slf4j/2.0.17/jul-to-slf4j-2.0.17-sources.jar
2025-09-04 11:05:21,006 [Worker-17: Download sources and javadoc] INFO  o.e.m.c.i.e.AbstractTransferListenerAdapter - Downloaded https://repo.maven.apache.org/maven2/org/slf4j/jul-to-slf4j/2.0.17/jul-to-slf4j-2.0.17-sources.jar
2025-09-04 11:05:21,007 [Worker-17: Download sources and javadoc] INFO  o.e.m.j.internal.DownloadSourcesJob - Downloaded sources for org.slf4j:jul-to-slf4j:2.0.17
2025-09-04 11:05:21,118 [Worker-17: Download sources and javadoc] INFO  o.e.m.c.i.e.AbstractTransferListenerAdapter - Downloading https://repo.maven.apache.org/maven2/jakarta/annotation/jakarta.annotation-api/2.1.1/jakarta.annotation-api-2.1.1-sources.jar
2025-09-04 11:05:21,140 [Worker-17: Download sources and javadoc] INFO  o.e.m.c.i.e.AbstractTransferListenerAdapter - Downloaded https://repo.maven.apache.org/maven2/jakarta/annotation/jakarta.annotation-api/2.1.1/jakarta.annotation-api-2.1.1-sources.jar
2025-09-04 11:05:21,142 [Worker-17: Download sources and javadoc] INFO  o.e.m.j.internal.DownloadSourcesJob - Downloaded sources for jakarta.annotation:jakarta.annotation-api:2.1.1
2025-09-04 11:05:21,268 [Worker-17: Download sources and javadoc] INFO  o.e.m.c.i.e.AbstractTransferListenerAdapter - Downloading https://repo.maven.apache.org/maven2/org/springframework/spring-core/6.2.10/spring-core-6.2.10-sources.jar
2025-09-04 11:05:21,550 [Worker-17: Download sources and javadoc] INFO  o.e.m.c.i.e.AbstractTransferListenerAdapter - Downloaded https://repo.maven.apache.org/maven2/org/springframework/spring-core/6.2.10/spring-core-6.2.10-sources.jar
2025-09-04 11:05:21,552 [Worker-17: Download sources and javadoc] INFO  o.e.m.j.internal.DownloadSourcesJob - Downloaded sources for org.springframework:spring-core:6.2.10
2025-09-04 11:05:21,657 [Worker-17: Download sources and javadoc] INFO  o.e.m.c.i.e.AbstractTransferListenerAdapter - Downloading https://repo.maven.apache.org/maven2/org/springframework/spring-jcl/6.2.10/spring-jcl-6.2.10-sources.jar
2025-09-04 11:05:21,658 [Worker-17: Download sources and javadoc] INFO  o.e.m.c.i.e.AbstractTransferListenerAdapter - Downloaded https://repo.maven.apache.org/maven2/org/springframework/spring-jcl/6.2.10/spring-jcl-6.2.10-sources.jar
2025-09-04 11:05:21,660 [Worker-17: Download sources and javadoc] INFO  o.e.m.j.internal.DownloadSourcesJob - Downloaded sources for org.springframework:spring-jcl:6.2.10
2025-09-04 11:05:21,779 [Worker-17: Download sources and javadoc] INFO  o.e.m.c.i.e.AbstractTransferListenerAdapter - Downloading https://repo.maven.apache.org/maven2/org/yaml/snakeyaml/2.4/snakeyaml-2.4-sources.jar
2025-09-04 11:05:21,885 [Worker-17: Download sources and javadoc] INFO  o.e.m.c.i.e.AbstractTransferListenerAdapter - Downloaded https://repo.maven.apache.org/maven2/org/yaml/snakeyaml/2.4/snakeyaml-2.4-sources.jar
2025-09-04 11:05:21,888 [Worker-17: Download sources and javadoc] INFO  o.e.m.j.internal.DownloadSourcesJob - Downloaded sources for org.yaml:snakeyaml:2.4
2025-09-04 11:05:22,056 [Worker-17: Download sources and javadoc] INFO  o.e.m.c.i.e.AbstractTransferListenerAdapter - Downloading https://repo.maven.apache.org/maven2/org/springframework/boot/spring-boot-starter-test/3.5.5/spring-boot-starter-test-3.5.5-sources.jar
2025-09-04 11:05:22,058 [Worker-17: Download sources and javadoc] INFO  o.e.m.c.i.e.AbstractTransferListenerAdapter - Downloaded https://repo.maven.apache.org/maven2/org/springframework/boot/spring-boot-starter-test/3.5.5/spring-boot-starter-test-3.5.5-sources.jar
2025-09-04 11:05:22,061 [Worker-17: Download sources and javadoc] INFO  o.e.m.j.internal.DownloadSourcesJob - Downloaded sources for org.springframework.boot:spring-boot-starter-test:3.5.5
2025-09-04 11:05:22,173 [Worker-17: Download sources and javadoc] INFO  o.e.m.c.i.e.AbstractTransferListenerAdapter - Downloading https://repo.maven.apache.org/maven2/org/springframework/boot/spring-boot-test/3.5.5/spring-boot-test-3.5.5-sources.jar
2025-09-04 11:05:22,256 [Worker-17: Download sources and javadoc] INFO  o.e.m.c.i.e.AbstractTransferListenerAdapter - Downloaded https://repo.maven.apache.org/maven2/org/springframework/boot/spring-boot-test/3.5.5/spring-boot-test-3.5.5-sources.jar
2025-09-04 11:05:22,257 [Worker-17: Download sources and javadoc] INFO  o.e.m.j.internal.DownloadSourcesJob - Downloaded sources for org.springframework.boot:spring-boot-test:3.5.5
2025-09-04 11:05:22,384 [Worker-17: Download sources and javadoc] INFO  o.e.m.c.i.e.AbstractTransferListenerAdapter - Downloading https://repo.maven.apache.org/maven2/org/springframework/boot/spring-boot-test-autoconfigure/3.5.5/spring-boot-test-autoconfigure-3.5.5-sources.jar
2025-09-04 11:05:22,490 [Worker-17: Download sources and javadoc] INFO  o.e.m.c.i.e.AbstractTransferListenerAdapter - Downloaded https://repo.maven.apache.org/maven2/org/springframework/boot/spring-boot-test-autoconfigure/3.5.5/spring-boot-test-autoconfigure-3.5.5-sources.jar
2025-09-04 11:05:22,492 [Worker-17: Download sources and javadoc] INFO  o.e.m.j.internal.DownloadSourcesJob - Downloaded sources for org.springframework.boot:spring-boot-test-autoconfigure:3.5.5
2025-09-04 11:05:22,620 [Worker-17: Download sources and javadoc] INFO  o.e.m.c.i.e.AbstractTransferListenerAdapter - Downloading https://repo.maven.apache.org/maven2/com/jayway/jsonpath/json-path/2.9.0/json-path-2.9.0-sources.jar
2025-09-04 11:05:22,687 [Worker-17: Download sources and javadoc] INFO  o.e.m.c.i.e.AbstractTransferListenerAdapter - Downloaded https://repo.maven.apache.org/maven2/com/jayway/jsonpath/json-path/2.9.0/json-path-2.9.0-sources.jar
2025-09-04 11:05:22,688 [Worker-17: Download sources and javadoc] INFO  o.e.m.j.internal.DownloadSourcesJob - Downloaded sources for com.jayway.jsonpath:json-path:2.9.0
2025-09-04 11:05:22,831 [Worker-17: Download sources and javadoc] INFO  o.e.m.c.i.e.AbstractTransferListenerAdapter - Downloading https://repo.maven.apache.org/maven2/org/slf4j/slf4j-api/2.0.17/slf4j-api-2.0.17-sources.jar
2025-09-04 11:05:22,862 [Worker-17: Download sources and javadoc] INFO  o.e.m.c.i.e.AbstractTransferListenerAdapter - Downloaded https://repo.maven.apache.org/maven2/org/slf4j/slf4j-api/2.0.17/slf4j-api-2.0.17-sources.jar
2025-09-04 11:05:22,863 [Worker-17: Download sources and javadoc] INFO  o.e.m.j.internal.DownloadSourcesJob - Downloaded sources for org.slf4j:slf4j-api:2.0.17
2025-09-04 11:05:22,979 [Worker-17: Download sources and javadoc] INFO  o.e.m.c.i.e.AbstractTransferListenerAdapter - Downloading https://repo.maven.apache.org/maven2/jakarta/xml/bind/jakarta.xml.bind-api/4.0.2/jakarta.xml.bind-api-4.0.2-sources.jar
2025-09-04 11:05:23,096 [Worker-17: Download sources and javadoc] INFO  o.e.m.c.i.e.AbstractTransferListenerAdapter - Downloaded https://repo.maven.apache.org/maven2/jakarta/xml/bind/jakarta.xml.bind-api/4.0.2/jakarta.xml.bind-api-4.0.2-sources.jar
2025-09-04 11:05:23,097 [Worker-17: Download sources and javadoc] INFO  o.e.m.j.internal.DownloadSourcesJob - Downloaded sources for jakarta.xml.bind:jakarta.xml.bind-api:4.0.2
2025-09-04 11:05:23,216 [Worker-17: Download sources and javadoc] INFO  o.e.m.c.i.e.AbstractTransferListenerAdapter - Downloading https://repo.maven.apache.org/maven2/jakarta/activation/jakarta.activation-api/2.1.3/jakarta.activation-api-2.1.3-sources.jar
2025-09-04 11:05:23,234 [Worker-17: Download sources and javadoc] INFO  o.e.m.c.i.e.AbstractTransferListenerAdapter - Downloaded https://repo.maven.apache.org/maven2/jakarta/activation/jakarta.activation-api/2.1.3/jakarta.activation-api-2.1.3-sources.jar
2025-09-04 11:05:23,235 [Worker-17: Download sources and javadoc] INFO  o.e.m.j.internal.DownloadSourcesJob - Downloaded sources for jakarta.activation:jakarta.activation-api:2.1.3
2025-09-04 11:05:23,359 [Worker-17: Download sources and javadoc] INFO  o.e.m.c.i.e.AbstractTransferListenerAdapter - Downloading https://repo.maven.apache.org/maven2/net/minidev/json-smart/2.5.2/json-smart-2.5.2-sources.jar
2025-09-04 11:05:23,412 [Worker-17: Download sources and javadoc] INFO  o.e.m.c.i.e.AbstractTransferListenerAdapter - Downloaded https://repo.maven.apache.org/maven2/net/minidev/json-smart/2.5.2/json-smart-2.5.2-sources.jar
2025-09-04 11:05:23,413 [Worker-17: Download sources and javadoc] INFO  o.e.m.j.internal.DownloadSourcesJob - Downloaded sources for net.minidev:json-smart:2.5.2
2025-09-04 11:05:23,550 [Worker-17: Download sources and javadoc] INFO  o.e.m.c.i.e.AbstractTransferListenerAdapter - Downloading https://repo.maven.apache.org/maven2/net/minidev/accessors-smart/2.5.2/accessors-smart-2.5.2-sources.jar
2025-09-04 11:05:23,553 [Worker-17: Download sources and javadoc] INFO  o.e.m.c.i.e.AbstractTransferListenerAdapter - Downloaded https://repo.maven.apache.org/maven2/net/minidev/accessors-smart/2.5.2/accessors-smart-2.5.2-sources.jar
2025-09-04 11:05:23,555 [Worker-17: Download sources and javadoc] INFO  o.e.m.j.internal.DownloadSourcesJob - Downloaded sources for net.minidev:accessors-smart:2.5.2
2025-09-04 11:05:23,711 [Worker-17: Download sources and javadoc] INFO  o.e.m.c.i.e.AbstractTransferListenerAdapter - Downloading https://repo.maven.apache.org/maven2/org/ow2/asm/asm/9.7.1/asm-9.7.1-sources.jar
2025-09-04 11:05:23,792 [Worker-17: Download sources and javadoc] INFO  o.e.m.c.i.e.AbstractTransferListenerAdapter - Downloaded https://repo.maven.apache.org/maven2/org/ow2/asm/asm/9.7.1/asm-9.7.1-sources.jar
2025-09-04 11:05:23,793 [Worker-17: Download sources and javadoc] INFO  o.e.m.j.internal.DownloadSourcesJob - Downloaded sources for org.ow2.asm:asm:9.7.1
2025-09-04 11:05:23,899 [Worker-17: Download sources and javadoc] INFO  o.e.m.c.i.e.AbstractTransferListenerAdapter - Downloading https://repo.maven.apache.org/maven2/org/assertj/assertj-core/3.27.4/assertj-core-3.27.4-sources.jar
2025-09-04 11:05:24,249 [Worker-17: Download sources and javadoc] INFO  o.e.m.c.i.e.AbstractTransferListenerAdapter - Downloaded https://repo.maven.apache.org/maven2/org/assertj/assertj-core/3.27.4/assertj-core-3.27.4-sources.jar
2025-09-04 11:05:24,251 [Worker-17: Download sources and javadoc] INFO  o.e.m.j.internal.DownloadSourcesJob - Downloaded sources for org.assertj:assertj-core:3.27.4
2025-09-04 11:05:24,403 [Worker-17: Download sources and javadoc] INFO  o.e.m.c.i.e.AbstractTransferListenerAdapter - Downloading https://repo.maven.apache.org/maven2/net/bytebuddy/byte-buddy/1.17.7/byte-buddy-1.17.7-sources.jar
2025-09-04 11:05:24,828 [Worker-17: Download sources and javadoc] INFO  o.e.m.c.i.e.AbstractTransferListenerAdapter - Downloaded https://repo.maven.apache.org/maven2/net/bytebuddy/byte-buddy/1.17.7/byte-buddy-1.17.7-sources.jar
2025-09-04 11:05:24,831 [Worker-17: Download sources and javadoc] INFO  o.e.m.j.internal.DownloadSourcesJob - Downloaded sources for net.bytebuddy:byte-buddy:1.17.7
2025-09-04 11:05:24,956 [Worker-17: Download sources and javadoc] INFO  o.e.m.c.i.e.AbstractTransferListenerAdapter - Downloading https://repo.maven.apache.org/maven2/org/awaitility/awaitility/4.2.2/awaitility-4.2.2-sources.jar
2025-09-04 11:05:24,995 [Worker-17: Download sources and javadoc] INFO  o.e.m.c.i.e.AbstractTransferListenerAdapter - Downloaded https://repo.maven.apache.org/maven2/org/awaitility/awaitility/4.2.2/awaitility-4.2.2-sources.jar
2025-09-04 11:05:24,997 [Worker-17: Download sources and javadoc] INFO  o.e.m.j.internal.DownloadSourcesJob - Downloaded sources for org.awaitility:awaitility:4.2.2
2025-09-04 11:05:25,118 [Worker-17: Download sources and javadoc] INFO  o.e.m.c.i.e.AbstractTransferListenerAdapter - Downloading https://repo.maven.apache.org/maven2/org/hamcrest/hamcrest/3.0/hamcrest-3.0-sources.jar
2025-09-04 11:05:25,201 [Worker-17: Download sources and javadoc] INFO  o.e.m.c.i.e.AbstractTransferListenerAdapter - Downloaded https://repo.maven.apache.org/maven2/org/hamcrest/hamcrest/3.0/hamcrest-3.0-sources.jar
2025-09-04 11:05:25,202 [Worker-17: Download sources and javadoc] INFO  o.e.m.j.internal.DownloadSourcesJob - Downloaded sources for org.hamcrest:hamcrest:3.0
2025-09-04 11:05:25,315 [Worker-17: Download sources and javadoc] INFO  o.e.m.c.i.e.AbstractTransferListenerAdapter - Downloading https://repo.maven.apache.org/maven2/org/junit/jupiter/junit-jupiter/5.12.2/junit-jupiter-5.12.2-sources.jar
2025-09-04 11:05:25,317 [Worker-17: Download sources and javadoc] INFO  o.e.m.c.i.e.AbstractTransferListenerAdapter - Downloaded https://repo.maven.apache.org/maven2/org/junit/jupiter/junit-jupiter/5.12.2/junit-jupiter-5.12.2-sources.jar
2025-09-04 11:05:25,319 [Worker-17: Download sources and javadoc] INFO  o.e.m.j.internal.DownloadSourcesJob - Downloaded sources for org.junit.jupiter:junit-jupiter:5.12.2
2025-09-04 11:05:25,441 [Worker-17: Download sources and javadoc] INFO  o.e.m.c.i.e.AbstractTransferListenerAdapter - Downloading https://repo.maven.apache.org/maven2/org/junit/jupiter/junit-jupiter-api/5.12.2/junit-jupiter-api-5.12.2-sources.jar
2025-09-04 11:05:25,578 [Worker-17: Download sources and javadoc] INFO  o.e.m.c.i.e.AbstractTransferListenerAdapter - Downloaded https://repo.maven.apache.org/maven2/org/junit/jupiter/junit-jupiter-api/5.12.2/junit-jupiter-api-5.12.2-sources.jar
2025-09-04 11:05:25,579 [Worker-17: Download sources and javadoc] INFO  o.e.m.j.internal.DownloadSourcesJob - Downloaded sources for org.junit.jupiter:junit-jupiter-api:5.12.2
2025-09-04 11:05:25,698 [Worker-17: Download sources and javadoc] INFO  o.e.m.c.i.e.AbstractTransferListenerAdapter - Downloading https://repo.maven.apache.org/maven2/org/opentest4j/opentest4j/1.3.0/opentest4j-1.3.0-sources.jar
2025-09-04 11:05:25,702 [Worker-17: Download sources and javadoc] INFO  o.e.m.c.i.e.AbstractTransferListenerAdapter - Downloaded https://repo.maven.apache.org/maven2/org/opentest4j/opentest4j/1.3.0/opentest4j-1.3.0-sources.jar
2025-09-04 11:05:25,703 [Worker-17: Download sources and javadoc] INFO  o.e.m.j.internal.DownloadSourcesJob - Downloaded sources for org.opentest4j:opentest4j:1.3.0
2025-09-04 11:05:25,816 [Worker-17: Download sources and javadoc] INFO  o.e.m.c.i.e.AbstractTransferListenerAdapter - Downloading https://repo.maven.apache.org/maven2/org/junit/platform/junit-platform-commons/1.12.2/junit-platform-commons-1.12.2-sources.jar
2025-09-04 11:05:25,886 [Worker-17: Download sources and javadoc] INFO  o.e.m.c.i.e.AbstractTransferListenerAdapter - Downloaded https://repo.maven.apache.org/maven2/org/junit/platform/junit-platform-commons/1.12.2/junit-platform-commons-1.12.2-sources.jar
2025-09-04 11:05:25,888 [Worker-17: Download sources and javadoc] INFO  o.e.m.j.internal.DownloadSourcesJob - Downloaded sources for org.junit.platform:junit-platform-commons:1.12.2
2025-09-04 11:05:26,046 [Worker-17: Download sources and javadoc] INFO  o.e.m.c.i.e.AbstractTransferListenerAdapter - Downloading https://repo.maven.apache.org/maven2/org/apiguardian/apiguardian-api/1.1.2/apiguardian-api-1.1.2-sources.jar
2025-09-04 11:05:26,060 [Worker-17: Download sources and javadoc] INFO  o.e.m.c.i.e.AbstractTransferListenerAdapter - Downloaded https://repo.maven.apache.org/maven2/org/apiguardian/apiguardian-api/1.1.2/apiguardian-api-1.1.2-sources.jar
2025-09-04 11:05:26,061 [Worker-17: Download sources and javadoc] INFO  o.e.m.j.internal.DownloadSourcesJob - Downloaded sources for org.apiguardian:apiguardian-api:1.1.2
2025-09-04 11:05:26,168 [Worker-17: Download sources and javadoc] INFO  o.e.m.c.i.e.AbstractTransferListenerAdapter - Downloading https://repo.maven.apache.org/maven2/org/junit/jupiter/junit-jupiter-params/5.12.2/junit-jupiter-params-5.12.2-sources.jar
2025-09-04 11:05:26,225 [Worker-17: Download sources and javadoc] INFO  o.e.m.c.i.e.AbstractTransferListenerAdapter - Downloaded https://repo.maven.apache.org/maven2/org/junit/jupiter/junit-jupiter-params/5.12.2/junit-jupiter-params-5.12.2-sources.jar
2025-09-04 11:05:26,226 [Worker-17: Download sources and javadoc] INFO  o.e.m.j.internal.DownloadSourcesJob - Downloaded sources for org.junit.jupiter:junit-jupiter-params:5.12.2
2025-09-04 11:05:26,356 [Worker-17: Download sources and javadoc] INFO  o.e.m.c.i.e.AbstractTransferListenerAdapter - Downloading https://repo.maven.apache.org/maven2/org/junit/jupiter/junit-jupiter-engine/5.12.2/junit-jupiter-engine-5.12.2-sources.jar
2025-09-04 11:05:26,430 [Worker-17: Download sources and javadoc] INFO  o.e.m.c.i.e.AbstractTransferListenerAdapter - Downloaded https://repo.maven.apache.org/maven2/org/junit/jupiter/junit-jupiter-engine/5.12.2/junit-jupiter-engine-5.12.2-sources.jar
2025-09-04 11:05:26,431 [Worker-17: Download sources and javadoc] INFO  o.e.m.j.internal.DownloadSourcesJob - Downloaded sources for org.junit.jupiter:junit-jupiter-engine:5.12.2
2025-09-04 11:05:26,594 [Worker-17: Download sources and javadoc] INFO  o.e.m.c.i.e.AbstractTransferListenerAdapter - Downloading https://repo.maven.apache.org/maven2/org/junit/platform/junit-platform-engine/1.12.2/junit-platform-engine-1.12.2-sources.jar
2025-09-04 11:05:26,735 [Worker-17: Download sources and javadoc] INFO  o.e.m.c.i.e.AbstractTransferListenerAdapter - Downloaded https://repo.maven.apache.org/maven2/org/junit/platform/junit-platform-engine/1.12.2/junit-platform-engine-1.12.2-sources.jar
2025-09-04 11:05:26,738 [Worker-17: Download sources and javadoc] INFO  o.e.m.j.internal.DownloadSourcesJob - Downloaded sources for org.junit.platform:junit-platform-engine:1.12.2
2025-09-04 11:05:26,876 [Worker-17: Download sources and javadoc] INFO  o.e.m.c.i.e.AbstractTransferListenerAdapter - Downloading https://repo.maven.apache.org/maven2/org/mockito/mockito-core/5.17.0/mockito-core-5.17.0-sources.jar
2025-09-04 11:05:27,098 [Worker-17: Download sources and javadoc] INFO  o.e.m.c.i.e.AbstractTransferListenerAdapter - Downloaded https://repo.maven.apache.org/maven2/org/mockito/mockito-core/5.17.0/mockito-core-5.17.0-sources.jar
2025-09-04 11:05:27,100 [Worker-17: Download sources and javadoc] INFO  o.e.m.j.internal.DownloadSourcesJob - Downloaded sources for org.mockito:mockito-core:5.17.0
2025-09-04 11:05:27,260 [Worker-17: Download sources and javadoc] INFO  o.e.m.c.i.e.AbstractTransferListenerAdapter - Downloading https://repo.maven.apache.org/maven2/net/bytebuddy/byte-buddy-agent/1.17.7/byte-buddy-agent-1.17.7-sources.jar
2025-09-04 11:05:27,377 [Worker-17: Download sources and javadoc] INFO  o.e.m.c.i.e.AbstractTransferListenerAdapter - Downloaded https://repo.maven.apache.org/maven2/net/bytebuddy/byte-buddy-agent/1.17.7/byte-buddy-agent-1.17.7-sources.jar
2025-09-04 11:05:27,379 [Worker-17: Download sources and javadoc] INFO  o.e.m.j.internal.DownloadSourcesJob - Downloaded sources for net.bytebuddy:byte-buddy-agent:1.17.7
2025-09-04 11:05:27,492 [Worker-17: Download sources and javadoc] INFO  o.e.m.c.i.e.AbstractTransferListenerAdapter - Downloading https://repo.maven.apache.org/maven2/org/objenesis/objenesis/3.3/objenesis-3.3-sources.jar
2025-09-04 11:05:27,507 [Worker-17: Download sources and javadoc] INFO  o.e.m.c.i.e.AbstractTransferListenerAdapter - Downloaded https://repo.maven.apache.org/maven2/org/objenesis/objenesis/3.3/objenesis-3.3-sources.jar
2025-09-04 11:05:27,508 [Worker-17: Download sources and javadoc] INFO  o.e.m.j.internal.DownloadSourcesJob - Downloaded sources for org.objenesis:objenesis:3.3
2025-09-04 11:05:27,658 [Worker-17: Download sources and javadoc] INFO  o.e.m.c.i.e.AbstractTransferListenerAdapter - Downloading https://repo.maven.apache.org/maven2/org/mockito/mockito-junit-jupiter/5.17.0/mockito-junit-jupiter-5.17.0-sources.jar
2025-09-04 11:05:27,660 [Worker-17: Download sources and javadoc] INFO  o.e.m.c.i.e.AbstractTransferListenerAdapter - Downloaded https://repo.maven.apache.org/maven2/org/mockito/mockito-junit-jupiter/5.17.0/mockito-junit-jupiter-5.17.0-sources.jar
2025-09-04 11:05:27,662 [Worker-17: Download sources and javadoc] INFO  o.e.m.j.internal.DownloadSourcesJob - Downloaded sources for org.mockito:mockito-junit-jupiter:5.17.0
2025-09-04 11:05:27,768 [Worker-17: Download sources and javadoc] INFO  o.e.m.c.i.e.AbstractTransferListenerAdapter - Downloading https://repo.maven.apache.org/maven2/org/skyscreamer/jsonassert/1.5.3/jsonassert-1.5.3-sources.jar
2025-09-04 11:05:27,789 [Worker-17: Download sources and javadoc] INFO  o.e.m.c.i.e.AbstractTransferListenerAdapter - Downloaded https://repo.maven.apache.org/maven2/org/skyscreamer/jsonassert/1.5.3/jsonassert-1.5.3-sources.jar
2025-09-04 11:05:27,790 [Worker-17: Download sources and javadoc] INFO  o.e.m.j.internal.DownloadSourcesJob - Downloaded sources for org.skyscreamer:jsonassert:1.5.3
2025-09-04 11:05:27,903 [Worker-17: Download sources and javadoc] INFO  o.e.m.c.i.e.AbstractTransferListenerAdapter - Downloading https://repo.maven.apache.org/maven2/com/vaadin/external/google/android-json/0.0.20131108.vaadin1/android-json-0.0.20131108.vaadin1-sources.jar
2025-09-04 11:05:27,914 [Worker-17: Download sources and javadoc] INFO  o.e.m.c.i.e.AbstractTransferListenerAdapter - Downloaded https://repo.maven.apache.org/maven2/com/vaadin/external/google/android-json/0.0.20131108.vaadin1/android-json-0.0.20131108.vaadin1-sources.jar
2025-09-04 11:05:27,915 [Worker-17: Download sources and javadoc] INFO  o.e.m.j.internal.DownloadSourcesJob - Downloaded sources for com.vaadin.external.google:android-json:0.0.20131108.vaadin1
2025-09-04 11:05:28,047 [Worker-17: Download sources and javadoc] INFO  o.e.m.c.i.e.AbstractTransferListenerAdapter - Downloading https://repo.maven.apache.org/maven2/org/springframework/spring-test/6.2.10/spring-test-6.2.10-sources.jar
2025-09-04 11:05:28,250 [Worker-17: Download sources and javadoc] INFO  o.e.m.c.i.e.AbstractTransferListenerAdapter - Downloaded https://repo.maven.apache.org/maven2/org/springframework/spring-test/6.2.10/spring-test-6.2.10-sources.jar
2025-09-04 11:05:28,251 [Worker-17: Download sources and javadoc] INFO  o.e.m.j.internal.DownloadSourcesJob - Downloaded sources for org.springframework:spring-test:6.2.10
2025-09-04 11:05:28,382 [Worker-17: Download sources and javadoc] INFO  o.e.m.c.i.e.AbstractTransferListenerAdapter - Downloading https://repo.maven.apache.org/maven2/org/xmlunit/xmlunit-core/2.10.3/xmlunit-core-2.10.3-sources.jar
2025-09-04 11:05:28,458 [Worker-17: Download sources and javadoc] INFO  o.e.m.c.i.e.AbstractTransferListenerAdapter - Downloaded https://repo.maven.apache.org/maven2/org/xmlunit/xmlunit-core/2.10.3/xmlunit-core-2.10.3-sources.jar
2025-09-04 11:05:28,459 [Worker-17: Download sources and javadoc] INFO  o.e.m.j.internal.DownloadSourcesJob - Downloaded sources for org.xmlunit:xmlunit-core:2.10.3
2025-09-04 11:37:39,349 [Worker-41: Building] INFO  o.a.m.s.f.DefaultMavenResourcesFiltering - Copying 1 resource from src/main/resources to target/classes
2025-09-04 11:37:39,358 [Worker-41: Building] INFO  o.a.m.s.f.DefaultMavenResourcesFiltering - Copying 0 resource from src/main/resources to target/classes
2025-09-04 11:37:39,364 [Worker-41: Building] INFO  o.a.m.s.f.DefaultMavenResourcesFiltering - skip non existing resourceDirectory /home/diamanka/eclipse-workspace /helloworld/src/test/resources
2025-09-04 11:42:53,031 [Worker-42: Building] INFO  o.a.m.s.f.DefaultMavenResourcesFiltering - Copying 1 resource from src/main/resources to target/classes
2025-09-04 11:42:53,039 [Worker-42: Building] INFO  o.a.m.s.f.DefaultMavenResourcesFiltering - Copying 0 resource from src/main/resources to target/classes
2025-09-04 11:42:53,046 [Worker-42: Building] INFO  o.a.m.s.f.DefaultMavenResourcesFiltering - skip non existing resourceDirectory /home/diamanka/eclipse-workspace /helloworld/src/test/resources
2025-09-04 11:49:09,063 [Worker-38: Building] INFO  o.a.m.s.f.DefaultMavenResourcesFiltering - Copying 1 resource from src/main/resources to target/classes
2025-09-04 11:49:09,067 [Worker-38: Building] INFO  o.a.m.s.f.DefaultMavenResourcesFiltering - Copying 0 resource from src/main/resources to target/classes
2025-09-04 11:49:09,071 [Worker-38: Building] INFO  o.a.m.s.f.DefaultMavenResourcesFiltering - skip non existing resourceDirectory /home/diamanka/eclipse-workspace /helloworld/src/test/resources
2025-09-04 11:52:43,591 [Worker-45: Building] INFO  o.a.m.s.f.DefaultMavenResourcesFiltering - Copying 1 resource from src/main/resources to target/classes
2025-09-04 11:52:43,599 [Worker-45: Building] INFO  o.a.m.s.f.DefaultMavenResourcesFiltering - Copying 0 resource from src/main/resources to target/classes
2025-09-04 11:52:43,606 [Worker-45: Building] INFO  o.a.m.s.f.DefaultMavenResourcesFiltering - skip non existing resourceDirectory /home/diamanka/eclipse-workspace /helloworld/src/test/resources
2025-09-04 11:53:47,369 [Worker-38: Building] INFO  o.a.m.s.f.DefaultMavenResourcesFiltering - Copying 1 resource from src/main/resources to target/classes
2025-09-04 11:53:47,374 [Worker-38: Building] INFO  o.a.m.s.f.DefaultMavenResourcesFiltering - Copying 0 resource from src/main/resources to target/classes
2025-09-04 11:53:47,377 [Worker-38: Building] INFO  o.a.m.s.f.DefaultMavenResourcesFiltering - skip non existing resourceDirectory /home/diamanka/eclipse-workspace /helloworld/src/test/resources
2025-09-04 11:54:32,509 [Worker-46: Building] INFO  o.a.m.s.f.DefaultMavenResourcesFiltering - Copying 1 resource from src/main/resources to target/classes
2025-09-04 11:54:32,514 [Worker-46: Building] INFO  o.a.m.s.f.DefaultMavenResourcesFiltering - Copying 0 resource from src/main/resources to target/classes
2025-09-04 11:54:32,517 [Worker-46: Building] INFO  o.a.m.s.f.DefaultMavenResourcesFiltering - skip non existing resourceDirectory /home/diamanka/eclipse-workspace /helloworld/src/test/resources
2025-09-04 11:55:11,383 [Worker-45: Building] INFO  o.a.m.s.f.DefaultMavenResourcesFiltering - Copying 1 resource from src/main/resources to target/classes
2025-09-04 11:55:11,391 [Worker-45: Building] INFO  o.a.m.s.f.DefaultMavenResourcesFiltering - Copying 0 resource from src/main/resources to target/classes
2025-09-04 11:55:11,400 [Worker-45: Building] INFO  o.a.m.s.f.DefaultMavenResourcesFiltering - skip non existing resourceDirectory /home/diamanka/eclipse-workspace /helloworld/src/test/resources
2025-09-04 11:56:29,602 [Worker-44: Building] INFO  o.a.m.s.f.DefaultMavenResourcesFiltering - Copying 1 resource from src/main/resources to target/classes
2025-09-04 11:56:29,632 [Worker-44: Building] INFO  o.a.m.s.f.DefaultMavenResourcesFiltering - Copying 0 resource from src/main/resources to target/classes
2025-09-04 11:56:29,644 [Worker-44: Building] INFO  o.a.m.s.f.DefaultMavenResourcesFiltering - skip non existing resourceDirectory /home/diamanka/eclipse-workspace /helloworld/src/test/resources
2025-09-04 11:57:55,067 [Worker-45: Building] INFO  o.a.m.s.f.DefaultMavenResourcesFiltering - Copying 1 resource from src/main/resources to target/classes
2025-09-04 11:57:55,072 [Worker-45: Building] INFO  o.a.m.s.f.DefaultMavenResourcesFiltering - Copying 0 resource from src/main/resources to target/classes
2025-09-04 11:57:55,076 [Worker-45: Building] INFO  o.a.m.s.f.DefaultMavenResourcesFiltering - skip non existing resourceDirectory /home/diamanka/eclipse-workspace /helloworld/src/test/resources
2025-09-04 11:58:00,394 [Worker-46: Building] INFO  o.a.m.s.f.DefaultMavenResourcesFiltering - Copying 1 resource from src/main/resources to target/classes
2025-09-04 11:58:00,399 [Worker-46: Building] INFO  o.a.m.s.f.DefaultMavenResourcesFiltering - Copying 0 resource from src/main/resources to target/classes
2025-09-04 11:58:00,403 [Worker-46: Building] INFO  o.a.m.s.f.DefaultMavenResourcesFiltering - skip non existing resourceDirectory /home/diamanka/eclipse-workspace /helloworld/src/test/resources
2025-09-04 12:08:32,083 [Worker-47: Building] INFO  o.a.m.s.f.DefaultMavenResourcesFiltering - Copying 1 resource from src/main/resources to target/classes
2025-09-04 12:08:32,085 [Worker-47: Building] INFO  o.a.m.s.f.DefaultMavenResourcesFiltering - Copying 0 resource from src/main/resources to target/classes
2025-09-04 12:08:32,088 [Worker-47: Building] INFO  o.a.m.s.f.DefaultMavenResourcesFiltering - skip non existing resourceDirectory /home/diamanka/eclipse-workspace /helloworld/src/test/resources
2025-09-04 12:08:46,360 [Worker-44: Building] INFO  o.a.m.s.f.DefaultMavenResourcesFiltering - Copying 1 resource from src/main/resources to target/classes
2025-09-04 12:08:46,364 [Worker-44: Building] INFO  o.a.m.s.f.DefaultMavenResourcesFiltering - Copying 0 resource from src/main/resources to target/classes
2025-09-04 12:08:46,366 [Worker-44: Building] INFO  o.a.m.s.f.DefaultMavenResourcesFiltering - skip non existing resourceDirectory /home/diamanka/eclipse-workspace /helloworld/src/test/resources
2025-09-04 12:11:16,934 [Worker-44: Building] INFO  o.a.m.s.f.DefaultMavenResourcesFiltering - Copying 1 resource from src/main/resources to target/classes
2025-09-04 12:11:16,944 [Worker-44: Building] INFO  o.a.m.s.f.DefaultMavenResourcesFiltering - Copying 0 resource from src/main/resources to target/classes
2025-09-04 12:11:16,949 [Worker-44: Building] INFO  o.a.m.s.f.DefaultMavenResourcesFiltering - skip non existing resourceDirectory /home/diamanka/eclipse-workspace /helloworld/src/test/resources
2025-09-04 12:11:23,509 [Worker-42: Building] INFO  o.a.m.s.f.DefaultMavenResourcesFiltering - Copying 1 resource from src/main/resources to target/classes
2025-09-04 12:11:23,513 [Worker-42: Building] INFO  o.a.m.s.f.DefaultMavenResourcesFiltering - Copying 0 resource from src/main/resources to target/classes
2025-09-04 12:11:23,515 [Worker-42: Building] INFO  o.a.m.s.f.DefaultMavenResourcesFiltering - skip non existing resourceDirectory /home/diamanka/eclipse-workspace /helloworld/src/test/resources
2025-09-04 12:13:04,832 [Worker-47: Building] INFO  o.a.m.s.f.DefaultMavenResourcesFiltering - Copying 1 resource from src/main/resources to target/classes
2025-09-04 12:13:04,836 [Worker-47: Building] INFO  o.a.m.s.f.DefaultMavenResourcesFiltering - Copying 0 resource from src/main/resources to target/classes
2025-09-04 12:13:04,839 [Worker-47: Building] INFO  o.a.m.s.f.DefaultMavenResourcesFiltering - skip non existing resourceDirectory /home/diamanka/eclipse-workspace /helloworld/src/test/resources
2025-09-04 12:16:44,139 [Worker-48: Building] INFO  o.a.m.s.f.DefaultMavenResourcesFiltering - Copying 1 resource from src/main/resources to target/classes
2025-09-04 12:16:44,143 [Worker-48: Building] INFO  o.a.m.s.f.DefaultMavenResourcesFiltering - Copying 0 resource from src/main/resources to target/classes
2025-09-04 12:16:44,145 [Worker-48: Building] INFO  o.a.m.s.f.DefaultMavenResourcesFiltering - skip non existing resourceDirectory /home/diamanka/eclipse-workspace /helloworld/src/test/resources
2025-09-04 12:19:43,134 [Worker-48: Building] INFO  o.a.m.s.f.DefaultMavenResourcesFiltering - Copying 1 resource from src/main/resources to target/classes
2025-09-04 12:19:43,138 [Worker-48: Building] INFO  o.a.m.s.f.DefaultMavenResourcesFiltering - Copying 0 resource from src/main/resources to target/classes
2025-09-04 12:19:43,140 [Worker-48: Building] INFO  o.a.m.s.f.DefaultMavenResourcesFiltering - skip non existing resourceDirectory /home/diamanka/eclipse-workspace /helloworld/src/test/resources
2025-09-04 12:20:39,128 [Worker-48: Building] INFO  o.a.m.s.f.DefaultMavenResourcesFiltering - Copying 1 resource from src/main/resources to target/classes
2025-09-04 12:20:39,137 [Worker-48: Building] INFO  o.a.m.s.f.DefaultMavenResourcesFiltering - Copying 0 resource from src/main/resources to target/classes
2025-09-04 12:20:39,143 [Worker-48: Building] INFO  o.a.m.s.f.DefaultMavenResourcesFiltering - skip non existing resourceDirectory /home/diamanka/eclipse-workspace /helloworld/src/test/resources
2025-09-04 12:20:53,808 [Worker-44: Building] INFO  o.a.m.s.f.DefaultMavenResourcesFiltering - Copying 1 resource from src/main/resources to target/classes
2025-09-04 12:20:53,810 [Worker-44: Building] INFO  o.a.m.s.f.DefaultMavenResourcesFiltering - Copying 0 resource from src/main/resources to target/classes
2025-09-04 12:20:53,812 [Worker-44: Building] INFO  o.a.m.s.f.DefaultMavenResourcesFiltering - skip non existing resourceDirectory /home/diamanka/eclipse-workspace /helloworld/src/test/resources
2025-09-05 00:55:08,803 [Worker-201: Building] INFO  o.a.m.s.f.DefaultMavenResourcesFiltering - Copying 1 resource from src/main/resources to target/classes
2025-09-05 00:55:08,822 [Worker-201: Building] INFO  o.a.m.s.f.DefaultMavenResourcesFiltering - Copying 0 resource from src/main/resources to target/classes
2025-09-05 00:55:08,833 [Worker-201: Building] INFO  o.a.m.s.f.DefaultMavenResourcesFiltering - skip non existing resourceDirectory /home/diamanka/eclipse-workspace /helloworld/src/test/resources
2025-09-05 10:08:58,107 [Worker-1: Loading available Gradle versions] INFO  o.e.b.c.i.u.g.PublishedGradleVersions - Gradle version information cache is up-to-date. Trying to read.
2025-09-05 10:18:30,062 [Worker-13: Building] INFO  o.a.m.s.f.DefaultMavenResourcesFiltering - Copying 1 resource from src/main/resources to target/classes
2025-09-05 10:18:30,080 [Worker-13: Building] INFO  o.a.m.s.f.DefaultMavenResourcesFiltering - Copying 0 resource from src/main/resources to target/classes
2025-09-05 10:18:30,085 [Worker-13: Building] INFO  o.a.m.s.f.DefaultMavenResourcesFiltering - skip non existing resourceDirectory /home/diamanka/eclipse-workspace /helloworld/src/test/resources
2025-09-05 10:18:41,737 [main] INFO  o.e.m.jdt.internal.UnitTestSupport - Updating helloworld from maven configuration
2025-09-05 10:18:42,872 [main] INFO  o.e.m.c.i.e.AbstractTransferListenerAdapter - Downloading https://repo.maven.apache.org/maven2/org/apache/maven/surefire/surefire-api/3.5.3/surefire-api-3.5.3.pom
2025-09-05 10:18:42,886 [main] INFO  o.e.m.c.i.e.AbstractTransferListenerAdapter - Downloaded https://repo.maven.apache.org/maven2/org/apache/maven/surefire/surefire-api/3.5.3/surefire-api-3.5.3.pom
2025-09-05 10:18:43,461 [main] INFO  o.e.m.c.i.e.AbstractTransferListenerAdapter - Downloading https://repo.maven.apache.org/maven2/org/apache/maven/surefire/surefire-logger-api/3.5.3/surefire-logger-api-3.5.3.pom
2025-09-05 10:18:43,465 [main] INFO  o.e.m.c.i.e.AbstractTransferListenerAdapter - Downloaded https://repo.maven.apache.org/maven2/org/apache/maven/surefire/surefire-logger-api/3.5.3/surefire-logger-api-3.5.3.pom
2025-09-05 10:18:43,583 [main] INFO  o.e.m.c.i.e.AbstractTransferListenerAdapter - Downloading https://repo.maven.apache.org/maven2/org/apache/maven/surefire/surefire-shared-utils/3.5.3/surefire-shared-utils-3.5.3.pom
2025-09-05 10:18:43,589 [main] INFO  o.e.m.c.i.e.AbstractTransferListenerAdapter - Downloaded https://repo.maven.apache.org/maven2/org/apache/maven/surefire/surefire-shared-utils/3.5.3/surefire-shared-utils-3.5.3.pom
2025-09-05 10:18:43,878 [main] INFO  o.e.m.c.i.e.AbstractTransferListenerAdapter - Downloading https://repo.maven.apache.org/maven2/org/apache/maven/surefire/surefire-extensions-api/3.5.3/surefire-extensions-api-3.5.3.pom
2025-09-05 10:18:43,881 [main] INFO  o.e.m.c.i.e.AbstractTransferListenerAdapter - Downloaded https://repo.maven.apache.org/maven2/org/apache/maven/surefire/surefire-extensions-api/3.5.3/surefire-extensions-api-3.5.3.pom
2025-09-05 10:18:44,197 [main] INFO  o.e.m.c.i.e.AbstractTransferListenerAdapter - Downloading https://repo.maven.apache.org/maven2/org/apache/maven/surefire/maven-surefire-common/3.5.3/maven-surefire-common-3.5.3.pom
2025-09-05 10:18:44,201 [main] INFO  o.e.m.c.i.e.AbstractTransferListenerAdapter - Downloaded https://repo.maven.apache.org/maven2/org/apache/maven/surefire/maven-surefire-common/3.5.3/maven-surefire-common-3.5.3.pom
2025-09-05 10:18:44,293 [main] INFO  o.e.m.c.i.e.AbstractTransferListenerAdapter - Downloading https://repo.maven.apache.org/maven2/org/apache/maven/surefire/surefire-booter/3.5.3/surefire-booter-3.5.3.pom
2025-09-05 10:18:44,295 [main] INFO  o.e.m.c.i.e.AbstractTransferListenerAdapter - Downloaded https://repo.maven.apache.org/maven2/org/apache/maven/surefire/surefire-booter/3.5.3/surefire-booter-3.5.3.pom
2025-09-05 10:18:44,595 [main] INFO  o.e.m.c.i.e.AbstractTransferListenerAdapter - Downloading https://repo.maven.apache.org/maven2/org/apache/maven/surefire/surefire-extensions-spi/3.5.3/surefire-extensions-spi-3.5.3.pom
2025-09-05 10:18:44,598 [main] INFO  o.e.m.c.i.e.AbstractTransferListenerAdapter - Downloaded https://repo.maven.apache.org/maven2/org/apache/maven/surefire/surefire-extensions-spi/3.5.3/surefire-extensions-spi-3.5.3.pom
2025-09-05 10:18:44,702 [main] INFO  o.e.m.c.i.e.AbstractTransferListenerAdapter - Downloading https://repo.maven.apache.org/maven2/org/apache/maven/resolver/maven-resolver-util/1.4.1/maven-resolver-util-1.4.1.pom
2025-09-05 10:18:44,704 [main] INFO  o.e.m.c.i.e.AbstractTransferListenerAdapter - Downloaded https://repo.maven.apache.org/maven2/org/apache/maven/resolver/maven-resolver-util/1.4.1/maven-resolver-util-1.4.1.pom
2025-09-05 10:18:44,911 [main] INFO  o.e.m.c.i.e.AbstractTransferListenerAdapter - Downloading https://repo.maven.apache.org/maven2/org/apache/maven/resolver/maven-resolver/1.4.1/maven-resolver-1.4.1.pom
2025-09-05 10:18:44,916 [main] INFO  o.e.m.c.i.e.AbstractTransferListenerAdapter - Downloaded https://repo.maven.apache.org/maven2/org/apache/maven/resolver/maven-resolver/1.4.1/maven-resolver-1.4.1.pom
2025-09-05 10:18:45,127 [main] INFO  o.e.m.c.i.e.AbstractTransferListenerAdapter - Downloading https://repo.maven.apache.org/maven2/org/apache/maven/maven-parent/33/maven-parent-33.pom
2025-09-05 10:18:45,134 [main] INFO  o.e.m.c.i.e.AbstractTransferListenerAdapter - Downloaded https://repo.maven.apache.org/maven2/org/apache/maven/maven-parent/33/maven-parent-33.pom
2025-09-05 10:18:45,323 [main] INFO  o.e.m.c.i.e.AbstractTransferListenerAdapter - Downloading https://repo.maven.apache.org/maven2/org/apache/apache/21/apache-21.pom
2025-09-05 10:18:45,327 [main] INFO  o.e.m.c.i.e.AbstractTransferListenerAdapter - Downloaded https://repo.maven.apache.org/maven2/org/apache/apache/21/apache-21.pom
2025-09-05 10:18:45,420 [main] INFO  o.e.m.c.i.e.AbstractTransferListenerAdapter - Downloading https://repo.maven.apache.org/maven2/org/apache/maven/resolver/maven-resolver-api/1.4.1/maven-resolver-api-1.4.1.pom
2025-09-05 10:18:45,421 [main] INFO  o.e.m.c.i.e.AbstractTransferListenerAdapter - Downloaded https://repo.maven.apache.org/maven2/org/apache/maven/resolver/maven-resolver-api/1.4.1/maven-resolver-api-1.4.1.pom
2025-09-05 10:18:45,522 [main] INFO  o.e.m.c.i.e.AbstractTransferListenerAdapter - Downloading https://repo.maven.apache.org/maven2/org/apache/maven/shared/maven-common-artifact-filters/3.4.0/maven-common-artifact-filters-3.4.0.pom
2025-09-05 10:18:45,524 [main] INFO  o.e.m.c.i.e.AbstractTransferListenerAdapter - Downloaded https://repo.maven.apache.org/maven2/org/apache/maven/shared/maven-common-artifact-filters/3.4.0/maven-common-artifact-filters-3.4.0.pom
2025-09-05 10:18:45,823 [main] INFO  o.e.m.c.i.e.AbstractTransferListenerAdapter - Downloading https://repo.maven.apache.org/maven2/org/apache/maven/shared/maven-shared-components/42/maven-shared-components-42.pom
2025-09-05 10:18:45,825 [main] INFO  o.e.m.c.i.e.AbstractTransferListenerAdapter - Downloaded https://repo.maven.apache.org/maven2/org/apache/maven/shared/maven-shared-components/42/maven-shared-components-42.pom
2025-09-05 10:18:46,141 [main] INFO  o.e.m.c.i.e.AbstractTransferListenerAdapter - Downloading https://repo.maven.apache.org/maven2/org/apache/maven/surefire/surefire-api/3.5.3/surefire-api-3.5.3.jar
2025-09-05 10:18:46,355 [main] INFO  o.e.m.c.i.e.AbstractTransferListenerAdapter - Downloaded https://repo.maven.apache.org/maven2/org/apache/maven/surefire/surefire-api/3.5.3/surefire-api-3.5.3.jar
2025-09-05 10:18:46,437 [BasicRepositoryConnector-repo.maven.apache.org-0-0] INFO  o.e.m.c.i.e.AbstractTransferListenerAdapter - Downloading https://repo.maven.apache.org/maven2/org/apache/maven/surefire/surefire-logger-api/3.5.3/surefire-logger-api-3.5.3.jar
2025-09-05 10:18:46,440 [BasicRepositoryConnector-repo.maven.apache.org-0-0] INFO  o.e.m.c.i.e.AbstractTransferListenerAdapter - Downloaded https://repo.maven.apache.org/maven2/org/apache/maven/surefire/surefire-logger-api/3.5.3/surefire-logger-api-3.5.3.jar
2025-09-05 10:18:47,455 [BasicRepositoryConnector-repo.maven.apache.org-0-2] INFO  o.e.m.c.i.e.AbstractTransferListenerAdapter - Downloading https://repo.maven.apache.org/maven2/org/apache/maven/surefire/surefire-extensions-api/3.5.3/surefire-extensions-api-3.5.3.jar
2025-09-05 10:18:47,455 [BasicRepositoryConnector-repo.maven.apache.org-0-1] INFO  o.e.m.c.i.e.AbstractTransferListenerAdapter - Downloading https://repo.maven.apache.org/maven2/org/apache/maven/surefire/surefire-shared-utils/3.5.3/surefire-shared-utils-3.5.3.jar
2025-09-05 10:18:47,455 [BasicRepositoryConnector-repo.maven.apache.org-0-0] INFO  o.e.m.c.i.e.AbstractTransferListenerAdapter - Downloading https://repo.maven.apache.org/maven2/org/apache/maven/surefire/surefire-extensions-spi/3.5.3/surefire-extensions-spi-3.5.3.jar
2025-09-05 10:18:47,508 [BasicRepositoryConnector-repo.maven.apache.org-0-3] INFO  o.e.m.c.i.e.AbstractTransferListenerAdapter - Downloading https://repo.maven.apache.org/maven2/org/apache/maven/surefire/maven-surefire-common/3.5.3/maven-surefire-common-3.5.3.jar
2025-09-05 10:18:47,514 [BasicRepositoryConnector-repo.maven.apache.org-0-4] INFO  o.e.m.c.i.e.AbstractTransferListenerAdapter - Downloading https://repo.maven.apache.org/maven2/org/apache/maven/surefire/surefire-booter/3.5.3/surefire-booter-3.5.3.jar
2025-09-05 10:18:47,574 [BasicRepositoryConnector-repo.maven.apache.org-0-0] INFO  o.e.m.c.i.e.AbstractTransferListenerAdapter - Downloaded https://repo.maven.apache.org/maven2/org/apache/maven/surefire/surefire-extensions-spi/3.5.3/surefire-extensions-spi-3.5.3.jar
2025-09-05 10:18:47,645 [BasicRepositoryConnector-repo.maven.apache.org-0-0] INFO  o.e.m.c.i.e.AbstractTransferListenerAdapter - Downloading https://repo.maven.apache.org/maven2/org/apache/maven/resolver/maven-resolver-util/1.4.1/maven-resolver-util-1.4.1.jar
2025-09-05 10:18:47,766 [BasicRepositoryConnector-repo.maven.apache.org-0-2] INFO  o.e.m.c.i.e.AbstractTransferListenerAdapter - Downloaded https://repo.maven.apache.org/maven2/org/apache/maven/surefire/surefire-extensions-api/3.5.3/surefire-extensions-api-3.5.3.jar
2025-09-05 10:18:47,904 [BasicRepositoryConnector-repo.maven.apache.org-0-2] INFO  o.e.m.c.i.e.AbstractTransferListenerAdapter - Downloading https://repo.maven.apache.org/maven2/org/apache/maven/resolver/maven-resolver-api/1.4.1/maven-resolver-api-1.4.1.jar
2025-09-05 10:18:48,109 [BasicRepositoryConnector-repo.maven.apache.org-0-1] INFO  o.e.m.c.i.e.AbstractTransferListenerAdapter - Downloaded https://repo.maven.apache.org/maven2/org/apache/maven/surefire/surefire-shared-utils/3.5.3/surefire-shared-utils-3.5.3.jar
2025-09-05 10:18:48,115 [BasicRepositoryConnector-repo.maven.apache.org-0-4] INFO  o.e.m.c.i.e.AbstractTransferListenerAdapter - Downloaded https://repo.maven.apache.org/maven2/org/apache/maven/surefire/surefire-booter/3.5.3/surefire-booter-3.5.3.jar
2025-09-05 10:18:48,168 [BasicRepositoryConnector-repo.maven.apache.org-0-1] INFO  o.e.m.c.i.e.AbstractTransferListenerAdapter - Downloading https://repo.maven.apache.org/maven2/org/apache/maven/shared/maven-common-artifact-filters/3.4.0/maven-common-artifact-filters-3.4.0.jar
2025-09-05 10:18:48,168 [BasicRepositoryConnector-repo.maven.apache.org-0-3] INFO  o.e.m.c.i.e.AbstractTransferListenerAdapter - Downloaded https://repo.maven.apache.org/maven2/org/apache/maven/surefire/maven-surefire-common/3.5.3/maven-surefire-common-3.5.3.jar
2025-09-05 10:18:48,181 [BasicRepositoryConnector-repo.maven.apache.org-0-1] INFO  o.e.m.c.i.e.AbstractTransferListenerAdapter - Downloaded https://repo.maven.apache.org/maven2/org/apache/maven/shared/maven-common-artifact-filters/3.4.0/maven-common-artifact-filters-3.4.0.jar
2025-09-05 10:18:48,382 [BasicRepositoryConnector-repo.maven.apache.org-0-0] INFO  o.e.m.c.i.e.AbstractTransferListenerAdapter - Downloaded https://repo.maven.apache.org/maven2/org/apache/maven/resolver/maven-resolver-util/1.4.1/maven-resolver-util-1.4.1.jar
2025-09-05 10:18:48,480 [BasicRepositoryConnector-repo.maven.apache.org-0-2] INFO  o.e.m.c.i.e.AbstractTransferListenerAdapter - Downloaded https://repo.maven.apache.org/maven2/org/apache/maven/resolver/maven-resolver-api/1.4.1/maven-resolver-api-1.4.1.jar
2025-09-05 10:18:49,025 [Worker-36: Launching helloworld] INFO  o.e.m.c.i.e.AbstractTransferListenerAdapter - Downloading https://repo.maven.apache.org/maven2/org/junit/platform/junit-platform-launcher/1.12.2/junit-platform-launcher-1.12.2.jar
2025-09-05 10:18:49,151 [Worker-36: Launching helloworld] INFO  o.e.m.c.i.e.AbstractTransferListenerAdapter - Downloaded https://repo.maven.apache.org/maven2/org/junit/platform/junit-platform-launcher/1.12.2/junit-platform-launcher-1.12.2.jar
2025-09-05 10:20:14,892 [Worker-37: Building] INFO  o.a.m.s.f.DefaultMavenResourcesFiltering - Copying 0 resource from src/main/resources to target/classes
2025-09-05 10:20:14,894 [Worker-37: Building] INFO  o.a.m.s.f.DefaultMavenResourcesFiltering - Copying 0 resource from src/main/resources to target/classes
2025-09-05 10:20:14,899 [Worker-37: Building] INFO  o.a.m.s.f.DefaultMavenResourcesFiltering - skip non existing resourceDirectory /home/diamanka/eclipse-workspace /helloworld/src/test/resources
2025-09-05 10:22:34,941 [Worker-7: Building] INFO  o.a.m.s.f.DefaultMavenResourcesFiltering - Copying 0 resource from src/main/resources to target/classes
2025-09-05 10:22:34,941 [Worker-7: Building] INFO  o.a.m.s.f.DefaultMavenResourcesFiltering - Copying 0 resource from src/main/resources to target/classes
2025-09-05 10:22:34,944 [Worker-7: Building] INFO  o.a.m.s.f.DefaultMavenResourcesFiltering - skip non existing resourceDirectory /home/diamanka/eclipse-workspace /helloworld/src/test/resources
2025-09-05 10:22:59,762 [Worker-20: Building] INFO  o.a.m.s.f.DefaultMavenResourcesFiltering - Copying 0 resource from src/main/resources to target/classes
2025-09-05 10:22:59,762 [Worker-20: Building] INFO  o.a.m.s.f.DefaultMavenResourcesFiltering - Copying 0 resource from src/main/resources to target/classes
2025-09-05 10:22:59,767 [Worker-20: Building] INFO  o.a.m.s.f.DefaultMavenResourcesFiltering - skip non existing resourceDirectory /home/diamanka/eclipse-workspace /helloworld/src/test/resources
2025-09-06 10:43:17,112 [Worker-5: Loading available Gradle versions] INFO  o.e.b.c.i.u.g.PublishedGradleVersions - Gradle version information cache is out-of-date. Trying to update.
2025-09-06 10:51:51,201 [Worker-16: Building] INFO  o.a.m.s.f.DefaultMavenResourcesFiltering - Copying 1 resource from src/main/resources to target/classes
2025-09-06 10:51:51,217 [Worker-16: Building] INFO  o.a.m.s.f.DefaultMavenResourcesFiltering - Copying 0 resource from src/main/resources to target/classes
2025-09-06 10:51:51,221 [Worker-16: Building] INFO  o.a.m.s.f.DefaultMavenResourcesFiltering - skip non existing resourceDirectory /home/diamanka/eclipse-workspace /helloworld/src/test/resources
2025-09-06 10:51:53,018 [main] INFO  o.e.m.jdt.internal.UnitTestSupport - Updating HelloworldApplicationTests from maven configuration
2025-09-06 10:52:13,545 [Worker-31: Building] INFO  o.a.m.s.f.DefaultMavenResourcesFiltering - Copying 0 resource from src/main/resources to target/classes
2025-09-06 10:52:13,546 [Worker-31: Building] INFO  o.a.m.s.f.DefaultMavenResourcesFiltering - Copying 0 resource from src/main/resources to target/classes
2025-09-06 10:52:13,550 [Worker-31: Building] INFO  o.a.m.s.f.DefaultMavenResourcesFiltering - skip non existing resourceDirectory /home/diamanka/eclipse-workspace /helloworld/src/test/resources
2025-09-06 11:06:43,183 [Worker-31: Importing Maven projects] INFO  o.e.m.c.i.l.LifecycleMappingFactory - Using org.eclipse.m2e.jdt.JarLifecycleMapping lifecycle mapping for MavenProject: com.openclassroom:api:0.0.1-SNAPSHOT @ /home/diamanka/eclipse-workspace /api/pom.xml.
2025-09-06 11:06:44,641 [Worker-31: Importing Maven projects] INFO  o.e.m.c.i.e.AbstractTransferListenerAdapter - Downloading https://repo.maven.apache.org/maven2/org/springframework/boot/spring-boot-starter-data-jpa/3.5.5/spring-boot-starter-data-jpa-3.5.5.pom
2025-09-06 11:06:44,652 [Worker-31: Importing Maven projects] INFO  o.e.m.c.i.e.AbstractTransferListenerAdapter - Downloaded https://repo.maven.apache.org/maven2/org/springframework/boot/spring-boot-starter-data-jpa/3.5.5/spring-boot-starter-data-jpa-3.5.5.pom
2025-09-06 11:06:44,942 [Worker-31: Importing Maven projects] INFO  o.e.m.c.i.e.AbstractTransferListenerAdapter - Downloading https://repo.maven.apache.org/maven2/org/springframework/boot/spring-boot-starter-jdbc/3.5.5/spring-boot-starter-jdbc-3.5.5.pom
2025-09-06 11:06:44,945 [Worker-31: Importing Maven projects] INFO  o.e.m.c.i.e.AbstractTransferListenerAdapter - Downloaded https://repo.maven.apache.org/maven2/org/springframework/boot/spring-boot-starter-jdbc/3.5.5/spring-boot-starter-jdbc-3.5.5.pom
2025-09-06 11:06:45,049 [Worker-31: Importing Maven projects] INFO  o.e.m.c.i.e.AbstractTransferListenerAdapter - Downloading https://repo.maven.apache.org/maven2/com/zaxxer/HikariCP/6.3.2/HikariCP-6.3.2.pom
2025-09-06 11:06:45,058 [Worker-31: Importing Maven projects] INFO  o.e.m.c.i.e.AbstractTransferListenerAdapter - Downloaded https://repo.maven.apache.org/maven2/com/zaxxer/HikariCP/6.3.2/HikariCP-6.3.2.pom
2025-09-06 11:06:45,251 [Worker-31: Importing Maven projects] INFO  o.e.m.c.i.e.AbstractTransferListenerAdapter - Downloading https://repo.maven.apache.org/maven2/org/springframework/spring-jdbc/6.2.10/spring-jdbc-6.2.10.pom
2025-09-06 11:06:45,254 [Worker-31: Importing Maven projects] INFO  o.e.m.c.i.e.AbstractTransferListenerAdapter - Downloaded https://repo.maven.apache.org/maven2/org/springframework/spring-jdbc/6.2.10/spring-jdbc-6.2.10.pom
2025-09-06 11:06:45,353 [Worker-31: Importing Maven projects] INFO  o.e.m.c.i.e.AbstractTransferListenerAdapter - Downloading https://repo.maven.apache.org/maven2/org/springframework/spring-tx/6.2.10/spring-tx-6.2.10.pom
2025-09-06 11:06:45,357 [Worker-31: Importing Maven projects] INFO  o.e.m.c.i.e.AbstractTransferListenerAdapter - Downloaded https://repo.maven.apache.org/maven2/org/springframework/spring-tx/6.2.10/spring-tx-6.2.10.pom
2025-09-06 11:06:45,559 [Worker-31: Importing Maven projects] INFO  o.e.m.c.i.e.AbstractTransferListenerAdapter - Downloading https://repo.maven.apache.org/maven2/org/hibernate/orm/hibernate-core/6.6.26.Final/hibernate-core-6.6.26.Final.pom
2025-09-06 11:06:45,563 [Worker-31: Importing Maven projects] INFO  o.e.m.c.i.e.AbstractTransferListenerAdapter - Downloaded https://repo.maven.apache.org/maven2/org/hibernate/orm/hibernate-core/6.6.26.Final/hibernate-core-6.6.26.Final.pom
2025-09-06 11:06:45,870 [Worker-31: Importing Maven projects] INFO  o.e.m.c.i.e.AbstractTransferListenerAdapter - Downloading https://repo.maven.apache.org/maven2/jakarta/persistence/jakarta.persistence-api/3.1.0/jakarta.persistence-api-3.1.0.pom
2025-09-06 11:06:45,875 [Worker-31: Importing Maven projects] INFO  o.e.m.c.i.e.AbstractTransferListenerAdapter - Downloaded https://repo.maven.apache.org/maven2/jakarta/persistence/jakarta.persistence-api/3.1.0/jakarta.persistence-api-3.1.0.pom
2025-09-06 11:06:46,274 [Worker-31: Importing Maven projects] INFO  o.e.m.c.i.e.AbstractTransferListenerAdapter - Downloading https://repo.maven.apache.org/maven2/jakarta/transaction/jakarta.transaction-api/2.0.1/jakarta.transaction-api-2.0.1.pom
2025-09-06 11:06:46,277 [Worker-31: Importing Maven projects] INFO  o.e.m.c.i.e.AbstractTransferListenerAdapter - Downloaded https://repo.maven.apache.org/maven2/jakarta/transaction/jakarta.transaction-api/2.0.1/jakarta.transaction-api-2.0.1.pom
2025-09-06 11:06:46,581 [Worker-31: Importing Maven projects] INFO  o.e.m.c.i.e.AbstractTransferListenerAdapter - Downloading https://repo.maven.apache.org/maven2/org/eclipse/ee4j/project/1.0.6/project-1.0.6.pom
2025-09-06 11:06:46,584 [Worker-31: Importing Maven projects] INFO  o.e.m.c.i.e.AbstractTransferListenerAdapter - Downloaded https://repo.maven.apache.org/maven2/org/eclipse/ee4j/project/1.0.6/project-1.0.6.pom
2025-09-06 11:06:46,787 [Worker-31: Importing Maven projects] INFO  o.e.m.c.i.e.AbstractTransferListenerAdapter - Downloading https://repo.maven.apache.org/maven2/org/jboss/logging/jboss-logging/3.6.1.Final/jboss-logging-3.6.1.Final.pom
2025-09-06 11:06:46,790 [Worker-31: Importing Maven projects] INFO  o.e.m.c.i.e.AbstractTransferListenerAdapter - Downloaded https://repo.maven.apache.org/maven2/org/jboss/logging/jboss-logging/3.6.1.Final/jboss-logging-3.6.1.Final.pom
2025-09-06 11:06:47,199 [Worker-31: Importing Maven projects] INFO  o.e.m.c.i.e.AbstractTransferListenerAdapter - Downloading https://repo.maven.apache.org/maven2/org/jboss/logging/logging-parent/1.0.3.Final/logging-parent-1.0.3.Final.pom
2025-09-06 11:06:47,201 [Worker-31: Importing Maven projects] INFO  o.e.m.c.i.e.AbstractTransferListenerAdapter - Downloaded https://repo.maven.apache.org/maven2/org/jboss/logging/logging-parent/1.0.3.Final/logging-parent-1.0.3.Final.pom
2025-09-06 11:06:47,401 [Worker-31: Importing Maven projects] INFO  o.e.m.c.i.e.AbstractTransferListenerAdapter - Downloading https://repo.maven.apache.org/maven2/org/jboss/jboss-parent/42/jboss-parent-42.pom
2025-09-06 11:06:47,408 [Worker-31: Importing Maven projects] INFO  o.e.m.c.i.e.AbstractTransferListenerAdapter - Downloaded https://repo.maven.apache.org/maven2/org/jboss/jboss-parent/42/jboss-parent-42.pom
2025-09-06 11:06:47,502 [Worker-31: Importing Maven projects] INFO  o.e.m.c.i.e.AbstractTransferListenerAdapter - Downloading https://repo.maven.apache.org/maven2/org/junit/junit-bom/5.11.0/junit-bom-5.11.0.pom
2025-09-06 11:06:47,504 [Worker-31: Importing Maven projects] INFO  o.e.m.c.i.e.AbstractTransferListenerAdapter - Downloaded https://repo.maven.apache.org/maven2/org/junit/junit-bom/5.11.0/junit-bom-5.11.0.pom
2025-09-06 11:06:47,708 [Worker-31: Importing Maven projects] INFO  o.e.m.c.i.e.AbstractTransferListenerAdapter - Downloading https://repo.maven.apache.org/maven2/org/hibernate/common/hibernate-commons-annotations/7.0.3.Final/hibernate-commons-annotations-7.0.3.Final.pom
2025-09-06 11:06:47,710 [Worker-31: Importing Maven projects] INFO  o.e.m.c.i.e.AbstractTransferListenerAdapter - Downloaded https://repo.maven.apache.org/maven2/org/hibernate/common/hibernate-commons-annotations/7.0.3.Final/hibernate-commons-annotations-7.0.3.Final.pom
2025-09-06 11:06:47,810 [Worker-31: Importing Maven projects] INFO  o.e.m.c.i.e.AbstractTransferListenerAdapter - Downloading https://repo.maven.apache.org/maven2/io/smallrye/jandex/3.2.0/jandex-3.2.0.pom
2025-09-06 11:06:47,812 [Worker-31: Importing Maven projects] INFO  o.e.m.c.i.e.AbstractTransferListenerAdapter - Downloaded https://repo.maven.apache.org/maven2/io/smallrye/jandex/3.2.0/jandex-3.2.0.pom
2025-09-06 11:06:47,914 [Worker-31: Importing Maven projects] INFO  o.e.m.c.i.e.AbstractTransferListenerAdapter - Downloading https://repo.maven.apache.org/maven2/io/smallrye/jandex-parent/3.2.0/jandex-parent-3.2.0.pom
2025-09-06 11:06:47,917 [Worker-31: Importing Maven projects] INFO  o.e.m.c.i.e.AbstractTransferListenerAdapter - Downloaded https://repo.maven.apache.org/maven2/io/smallrye/jandex-parent/3.2.0/jandex-parent-3.2.0.pom
2025-09-06 11:06:48,119 [Worker-31: Importing Maven projects] INFO  o.e.m.c.i.e.AbstractTransferListenerAdapter - Downloading https://repo.maven.apache.org/maven2/io/smallrye/smallrye-build-parent/42/smallrye-build-parent-42.pom
2025-09-06 11:06:48,122 [Worker-31: Importing Maven projects] INFO  o.e.m.c.i.e.AbstractTransferListenerAdapter - Downloaded https://repo.maven.apache.org/maven2/io/smallrye/smallrye-build-parent/42/smallrye-build-parent-42.pom
2025-09-06 11:06:48,323 [Worker-31: Importing Maven projects] INFO  o.e.m.c.i.e.AbstractTransferListenerAdapter - Downloading https://repo.maven.apache.org/maven2/com/fasterxml/classmate/1.7.0/classmate-1.7.0.pom
2025-09-06 11:06:48,326 [Worker-31: Importing Maven projects] INFO  o.e.m.c.i.e.AbstractTransferListenerAdapter - Downloaded https://repo.maven.apache.org/maven2/com/fasterxml/classmate/1.7.0/classmate-1.7.0.pom
2025-09-06 11:06:48,432 [Worker-31: Importing Maven projects] INFO  o.e.m.c.i.e.AbstractTransferListenerAdapter - Downloading https://repo.maven.apache.org/maven2/com/fasterxml/oss-parent/56/oss-parent-56.pom
2025-09-06 11:06:48,444 [Worker-31: Importing Maven projects] INFO  o.e.m.c.i.e.AbstractTransferListenerAdapter - Downloaded https://repo.maven.apache.org/maven2/com/fasterxml/oss-parent/56/oss-parent-56.pom
2025-09-06 11:06:48,632 [Worker-31: Importing Maven projects] INFO  o.e.m.c.i.e.AbstractTransferListenerAdapter - Downloading https://repo.maven.apache.org/maven2/org/glassfish/jaxb/jaxb-runtime/4.0.5/jaxb-runtime-4.0.5.pom
2025-09-06 11:06:48,636 [Worker-31: Importing Maven projects] INFO  o.e.m.c.i.e.AbstractTransferListenerAdapter - Downloaded https://repo.maven.apache.org/maven2/org/glassfish/jaxb/jaxb-runtime/4.0.5/jaxb-runtime-4.0.5.pom
2025-09-06 11:06:48,733 [Worker-31: Importing Maven projects] INFO  o.e.m.c.i.e.AbstractTransferListenerAdapter - Downloading https://repo.maven.apache.org/maven2/com/sun/xml/bind/mvn/jaxb-runtime-parent/4.0.5/jaxb-runtime-parent-4.0.5.pom
2025-09-06 11:06:48,736 [Worker-31: Importing Maven projects] INFO  o.e.m.c.i.e.AbstractTransferListenerAdapter - Downloaded https://repo.maven.apache.org/maven2/com/sun/xml/bind/mvn/jaxb-runtime-parent/4.0.5/jaxb-runtime-parent-4.0.5.pom
2025-09-06 11:06:48,938 [Worker-31: Importing Maven projects] INFO  o.e.m.c.i.e.AbstractTransferListenerAdapter - Downloading https://repo.maven.apache.org/maven2/com/sun/xml/bind/mvn/jaxb-parent/4.0.5/jaxb-parent-4.0.5.pom
2025-09-06 11:06:48,942 [Worker-31: Importing Maven projects] INFO  o.e.m.c.i.e.AbstractTransferListenerAdapter - Downloaded https://repo.maven.apache.org/maven2/com/sun/xml/bind/mvn/jaxb-parent/4.0.5/jaxb-parent-4.0.5.pom
2025-09-06 11:06:49,143 [Worker-31: Importing Maven projects] INFO  o.e.m.c.i.e.AbstractTransferListenerAdapter - Downloading https://repo.maven.apache.org/maven2/com/sun/xml/bind/jaxb-bom-ext/4.0.5/jaxb-bom-ext-4.0.5.pom
2025-09-06 11:06:49,144 [Worker-31: Importing Maven projects] INFO  o.e.m.c.i.e.AbstractTransferListenerAdapter - Downloaded https://repo.maven.apache.org/maven2/com/sun/xml/bind/jaxb-bom-ext/4.0.5/jaxb-bom-ext-4.0.5.pom
2025-09-06 11:06:49,243 [Worker-31: Importing Maven projects] INFO  o.e.m.c.i.e.AbstractTransferListenerAdapter - Downloading https://repo.maven.apache.org/maven2/org/glassfish/jaxb/jaxb-core/4.0.5/jaxb-core-4.0.5.pom
2025-09-06 11:06:49,245 [Worker-31: Importing Maven projects] INFO  o.e.m.c.i.e.AbstractTransferListenerAdapter - Downloaded https://repo.maven.apache.org/maven2/org/glassfish/jaxb/jaxb-core/4.0.5/jaxb-core-4.0.5.pom
2025-09-06 11:06:49,347 [Worker-31: Importing Maven projects] INFO  o.e.m.c.i.e.AbstractTransferListenerAdapter - Downloading https://repo.maven.apache.org/maven2/org/eclipse/angus/angus-activation/2.0.2/angus-activation-2.0.2.pom
2025-09-06 11:06:49,349 [Worker-31: Importing Maven projects] INFO  o.e.m.c.i.e.AbstractTransferListenerAdapter - Downloaded https://repo.maven.apache.org/maven2/org/eclipse/angus/angus-activation/2.0.2/angus-activation-2.0.2.pom
2025-09-06 11:06:49,655 [Worker-31: Importing Maven projects] INFO  o.e.m.c.i.e.AbstractTransferListenerAdapter - Downloading https://repo.maven.apache.org/maven2/org/eclipse/angus/angus-activation-project/2.0.2/angus-activation-project-2.0.2.pom
2025-09-06 11:06:49,658 [Worker-31: Importing Maven projects] INFO  o.e.m.c.i.e.AbstractTransferListenerAdapter - Downloaded https://repo.maven.apache.org/maven2/org/eclipse/angus/angus-activation-project/2.0.2/angus-activation-project-2.0.2.pom
2025-09-06 11:06:49,858 [Worker-31: Importing Maven projects] INFO  o.e.m.c.i.e.AbstractTransferListenerAdapter - Downloading https://repo.maven.apache.org/maven2/org/glassfish/jaxb/txw2/4.0.5/txw2-4.0.5.pom
2025-09-06 11:06:49,861 [Worker-31: Importing Maven projects] INFO  o.e.m.c.i.e.AbstractTransferListenerAdapter - Downloaded https://repo.maven.apache.org/maven2/org/glassfish/jaxb/txw2/4.0.5/txw2-4.0.5.pom
2025-09-06 11:06:50,267 [Worker-31: Importing Maven projects] INFO  o.e.m.c.i.e.AbstractTransferListenerAdapter - Downloading https://repo.maven.apache.org/maven2/com/sun/xml/bind/mvn/jaxb-txw-parent/4.0.5/jaxb-txw-parent-4.0.5.pom
2025-09-06 11:06:50,270 [Worker-31: Importing Maven projects] INFO  o.e.m.c.i.e.AbstractTransferListenerAdapter - Downloaded https://repo.maven.apache.org/maven2/com/sun/xml/bind/mvn/jaxb-txw-parent/4.0.5/jaxb-txw-parent-4.0.5.pom
2025-09-06 11:06:50,371 [Worker-31: Importing Maven projects] INFO  o.e.m.c.i.e.AbstractTransferListenerAdapter - Downloading https://repo.maven.apache.org/maven2/com/sun/istack/istack-commons-runtime/4.1.2/istack-commons-runtime-4.1.2.pom
2025-09-06 11:06:50,373 [Worker-31: Importing Maven projects] INFO  o.e.m.c.i.e.AbstractTransferListenerAdapter - Downloaded https://repo.maven.apache.org/maven2/com/sun/istack/istack-commons-runtime/4.1.2/istack-commons-runtime-4.1.2.pom
2025-09-06 11:06:50,475 [Worker-31: Importing Maven projects] INFO  o.e.m.c.i.e.AbstractTransferListenerAdapter - Downloading https://repo.maven.apache.org/maven2/com/sun/istack/istack-commons/4.1.2/istack-commons-4.1.2.pom
2025-09-06 11:06:50,478 [Worker-31: Importing Maven projects] INFO  o.e.m.c.i.e.AbstractTransferListenerAdapter - Downloaded https://repo.maven.apache.org/maven2/com/sun/istack/istack-commons/4.1.2/istack-commons-4.1.2.pom
2025-09-06 11:06:50,779 [Worker-31: Importing Maven projects] INFO  o.e.m.c.i.e.AbstractTransferListenerAdapter - Downloading https://repo.maven.apache.org/maven2/jakarta/inject/jakarta.inject-api/2.0.1/jakarta.inject-api-2.0.1.pom
2025-09-06 11:06:50,781 [Worker-31: Importing Maven projects] INFO  o.e.m.c.i.e.AbstractTransferListenerAdapter - Downloaded https://repo.maven.apache.org/maven2/jakarta/inject/jakarta.inject-api/2.0.1/jakarta.inject-api-2.0.1.pom
2025-09-06 11:06:50,987 [Worker-31: Importing Maven projects] INFO  o.e.m.c.i.e.AbstractTransferListenerAdapter - Downloading https://repo.maven.apache.org/maven2/org/antlr/antlr4-runtime/4.13.0/antlr4-runtime-4.13.0.pom
2025-09-06 11:06:50,991 [Worker-31: Importing Maven projects] INFO  o.e.m.c.i.e.AbstractTransferListenerAdapter - Downloaded https://repo.maven.apache.org/maven2/org/antlr/antlr4-runtime/4.13.0/antlr4-runtime-4.13.0.pom
2025-09-06 11:06:51,190 [Worker-31: Importing Maven projects] INFO  o.e.m.c.i.e.AbstractTransferListenerAdapter - Downloading https://repo.maven.apache.org/maven2/org/antlr/antlr4-master/4.13.0/antlr4-master-4.13.0.pom
2025-09-06 11:06:51,192 [Worker-31: Importing Maven projects] INFO  o.e.m.c.i.e.AbstractTransferListenerAdapter - Downloaded https://repo.maven.apache.org/maven2/org/antlr/antlr4-master/4.13.0/antlr4-master-4.13.0.pom
2025-09-06 11:06:51,394 [Worker-31: Importing Maven projects] INFO  o.e.m.c.i.e.AbstractTransferListenerAdapter - Downloading https://repo.maven.apache.org/maven2/org/springframework/data/spring-data-jpa/3.5.3/spring-data-jpa-3.5.3.pom
2025-09-06 11:06:51,396 [Worker-31: Importing Maven projects] INFO  o.e.m.c.i.e.AbstractTransferListenerAdapter - Downloaded https://repo.maven.apache.org/maven2/org/springframework/data/spring-data-jpa/3.5.3/spring-data-jpa-3.5.3.pom
2025-09-06 11:06:51,507 [Worker-31: Importing Maven projects] INFO  o.e.m.c.i.e.AbstractTransferListenerAdapter - Downloading https://repo.maven.apache.org/maven2/org/springframework/data/spring-data-jpa-parent/3.5.3/spring-data-jpa-parent-3.5.3.pom
2025-09-06 11:06:51,510 [Worker-31: Importing Maven projects] INFO  o.e.m.c.i.e.AbstractTransferListenerAdapter - Downloaded https://repo.maven.apache.org/maven2/org/springframework/data/spring-data-jpa-parent/3.5.3/spring-data-jpa-parent-3.5.3.pom
2025-09-06 11:06:51,604 [Worker-31: Importing Maven projects] INFO  o.e.m.c.i.e.AbstractTransferListenerAdapter - Downloading https://repo.maven.apache.org/maven2/org/springframework/data/build/spring-data-parent/3.5.3/spring-data-parent-3.5.3.pom
2025-09-06 11:06:51,607 [Worker-31: Importing Maven projects] INFO  o.e.m.c.i.e.AbstractTransferListenerAdapter - Downloaded https://repo.maven.apache.org/maven2/org/springframework/data/build/spring-data-parent/3.5.3/spring-data-parent-3.5.3.pom
2025-09-06 11:06:51,909 [Worker-31: Importing Maven projects] INFO  o.e.m.c.i.e.AbstractTransferListenerAdapter - Downloading https://repo.maven.apache.org/maven2/org/springframework/data/build/spring-data-build/3.5.3/spring-data-build-3.5.3.pom
2025-09-06 11:06:51,912 [Worker-31: Importing Maven projects] INFO  o.e.m.c.i.e.AbstractTransferListenerAdapter - Downloaded https://repo.maven.apache.org/maven2/org/springframework/data/build/spring-data-build/3.5.3/spring-data-build-3.5.3.pom
2025-09-06 11:06:52,112 [Worker-31: Importing Maven projects] INFO  o.e.m.c.i.e.AbstractTransferListenerAdapter - Downloading https://repo.maven.apache.org/maven2/org/testcontainers/testcontainers-bom/1.20.6/testcontainers-bom-1.20.6.pom
2025-09-06 11:06:52,114 [Worker-31: Importing Maven projects] INFO  o.e.m.c.i.e.AbstractTransferListenerAdapter - Downloaded https://repo.maven.apache.org/maven2/org/testcontainers/testcontainers-bom/1.20.6/testcontainers-bom-1.20.6.pom
2025-09-06 11:06:52,315 [Worker-31: Importing Maven projects] INFO  o.e.m.c.i.e.AbstractTransferListenerAdapter - Downloading https://repo.maven.apache.org/maven2/org/jetbrains/kotlinx/kotlinx-coroutines-bom/1.9.0/kotlinx-coroutines-bom-1.9.0.pom
2025-09-06 11:06:52,317 [Worker-31: Importing Maven projects] INFO  o.e.m.c.i.e.AbstractTransferListenerAdapter - Downloaded https://repo.maven.apache.org/maven2/org/jetbrains/kotlinx/kotlinx-coroutines-bom/1.9.0/kotlinx-coroutines-bom-1.9.0.pom
2025-09-06 11:06:52,429 [Worker-31: Importing Maven projects] INFO  o.e.m.c.i.e.AbstractTransferListenerAdapter - Downloading https://repo.maven.apache.org/maven2/com/fasterxml/jackson/jackson-bom/2.19.0/jackson-bom-2.19.0.pom
2025-09-06 11:06:52,435 [Worker-31: Importing Maven projects] INFO  o.e.m.c.i.e.AbstractTransferListenerAdapter - Downloaded https://repo.maven.apache.org/maven2/com/fasterxml/jackson/jackson-bom/2.19.0/jackson-bom-2.19.0.pom
2025-09-06 11:06:52,726 [Worker-31: Importing Maven projects] INFO  o.e.m.c.i.e.AbstractTransferListenerAdapter - Downloading https://repo.maven.apache.org/maven2/com/fasterxml/jackson/jackson-parent/2.19/jackson-parent-2.19.pom
2025-09-06 11:06:52,729 [Worker-31: Importing Maven projects] INFO  o.e.m.c.i.e.AbstractTransferListenerAdapter - Downloaded https://repo.maven.apache.org/maven2/com/fasterxml/jackson/jackson-parent/2.19/jackson-parent-2.19.pom
2025-09-06 11:06:52,930 [Worker-31: Importing Maven projects] INFO  o.e.m.c.i.e.AbstractTransferListenerAdapter - Downloading https://repo.maven.apache.org/maven2/com/fasterxml/oss-parent/65/oss-parent-65.pom
2025-09-06 11:06:52,933 [Worker-31: Importing Maven projects] INFO  o.e.m.c.i.e.AbstractTransferListenerAdapter - Downloaded https://repo.maven.apache.org/maven2/com/fasterxml/oss-parent/65/oss-parent-65.pom
2025-09-06 11:06:53,035 [Worker-31: Importing Maven projects] INFO  o.e.m.c.i.e.AbstractTransferListenerAdapter - Downloading https://repo.maven.apache.org/maven2/org/springframework/data/spring-data-commons/3.5.3/spring-data-commons-3.5.3.pom
2025-09-06 11:06:53,037 [Worker-31: Importing Maven projects] INFO  o.e.m.c.i.e.AbstractTransferListenerAdapter - Downloaded https://repo.maven.apache.org/maven2/org/springframework/data/spring-data-commons/3.5.3/spring-data-commons-3.5.3.pom
2025-09-06 11:06:53,237 [Worker-31: Importing Maven projects] INFO  o.e.m.c.i.e.AbstractTransferListenerAdapter - Downloading https://repo.maven.apache.org/maven2/org/springframework/spring-orm/6.2.10/spring-orm-6.2.10.pom
2025-09-06 11:06:53,239 [Worker-31: Importing Maven projects] INFO  o.e.m.c.i.e.AbstractTransferListenerAdapter - Downloaded https://repo.maven.apache.org/maven2/org/springframework/spring-orm/6.2.10/spring-orm-6.2.10.pom
2025-09-06 11:06:53,447 [Worker-31: Importing Maven projects] INFO  o.e.m.c.i.e.AbstractTransferListenerAdapter - Downloading https://repo.maven.apache.org/maven2/org/springframework/spring-aspects/6.2.10/spring-aspects-6.2.10.pom
2025-09-06 11:06:53,449 [Worker-31: Importing Maven projects] INFO  o.e.m.c.i.e.AbstractTransferListenerAdapter - Downloaded https://repo.maven.apache.org/maven2/org/springframework/spring-aspects/6.2.10/spring-aspects-6.2.10.pom
2025-09-06 11:06:53,668 [Worker-31: Importing Maven projects] INFO  o.e.m.c.i.e.AbstractTransferListenerAdapter - Downloading https://repo.maven.apache.org/maven2/org/aspectj/aspectjweaver/1.9.24/aspectjweaver-1.9.24.pom
2025-09-06 11:06:53,669 [Worker-31: Importing Maven projects] INFO  o.e.m.c.i.e.AbstractTransferListenerAdapter - Downloaded https://repo.maven.apache.org/maven2/org/aspectj/aspectjweaver/1.9.24/aspectjweaver-1.9.24.pom
2025-09-06 11:06:53,851 [Worker-31: Importing Maven projects] INFO  o.e.m.c.i.e.AbstractTransferListenerAdapter - Downloading https://repo.maven.apache.org/maven2/org/springframework/boot/spring-boot-starter-web/3.5.5/spring-boot-starter-web-3.5.5.pom
2025-09-06 11:06:53,853 [Worker-31: Importing Maven projects] INFO  o.e.m.c.i.e.AbstractTransferListenerAdapter - Downloaded https://repo.maven.apache.org/maven2/org/springframework/boot/spring-boot-starter-web/3.5.5/spring-boot-starter-web-3.5.5.pom
2025-09-06 11:06:54,158 [Worker-31: Importing Maven projects] INFO  o.e.m.c.i.e.AbstractTransferListenerAdapter - Downloading https://repo.maven.apache.org/maven2/org/springframework/boot/spring-boot-starter-json/3.5.5/spring-boot-starter-json-3.5.5.pom
2025-09-06 11:06:54,160 [Worker-31: Importing Maven projects] INFO  o.e.m.c.i.e.AbstractTransferListenerAdapter - Downloaded https://repo.maven.apache.org/maven2/org/springframework/boot/spring-boot-starter-json/3.5.5/spring-boot-starter-json-3.5.5.pom
2025-09-06 11:06:54,365 [Worker-31: Importing Maven projects] INFO  o.e.m.c.i.e.AbstractTransferListenerAdapter - Downloading https://repo.maven.apache.org/maven2/org/springframework/spring-web/6.2.10/spring-web-6.2.10.pom
2025-09-06 11:06:54,367 [Worker-31: Importing Maven projects] INFO  o.e.m.c.i.e.AbstractTransferListenerAdapter - Downloaded https://repo.maven.apache.org/maven2/org/springframework/spring-web/6.2.10/spring-web-6.2.10.pom
2025-09-06 11:06:54,568 [Worker-31: Importing Maven projects] INFO  o.e.m.c.i.e.AbstractTransferListenerAdapter - Downloading https://repo.maven.apache.org/maven2/com/fasterxml/jackson/datatype/jackson-datatype-jdk8/2.19.2/jackson-datatype-jdk8-2.19.2.pom
2025-09-06 11:06:54,570 [Worker-31: Importing Maven projects] INFO  o.e.m.c.i.e.AbstractTransferListenerAdapter - Downloaded https://repo.maven.apache.org/maven2/com/fasterxml/jackson/datatype/jackson-datatype-jdk8/2.19.2/jackson-datatype-jdk8-2.19.2.pom
2025-09-06 11:06:54,980 [Worker-31: Importing Maven projects] INFO  o.e.m.c.i.e.AbstractTransferListenerAdapter - Downloading https://repo.maven.apache.org/maven2/com/fasterxml/jackson/datatype/jackson-datatype-jsr310/2.19.2/jackson-datatype-jsr310-2.19.2.pom
2025-09-06 11:06:54,982 [Worker-31: Importing Maven projects] INFO  o.e.m.c.i.e.AbstractTransferListenerAdapter - Downloaded https://repo.maven.apache.org/maven2/com/fasterxml/jackson/datatype/jackson-datatype-jsr310/2.19.2/jackson-datatype-jsr310-2.19.2.pom
2025-09-06 11:06:55,182 [Worker-31: Importing Maven projects] INFO  o.e.m.c.i.e.AbstractTransferListenerAdapter - Downloading https://repo.maven.apache.org/maven2/org/springframework/boot/spring-boot-starter-tomcat/3.5.5/spring-boot-starter-tomcat-3.5.5.pom
2025-09-06 11:06:55,184 [Worker-31: Importing Maven projects] INFO  o.e.m.c.i.e.AbstractTransferListenerAdapter - Downloaded https://repo.maven.apache.org/maven2/org/springframework/boot/spring-boot-starter-tomcat/3.5.5/spring-boot-starter-tomcat-3.5.5.pom
2025-09-06 11:06:55,386 [Worker-31: Importing Maven projects] INFO  o.e.m.c.i.e.AbstractTransferListenerAdapter - Downloading https://repo.maven.apache.org/maven2/org/apache/tomcat/embed/tomcat-embed-core/10.1.44/tomcat-embed-core-10.1.44.pom
2025-09-06 11:06:55,387 [Worker-31: Importing Maven projects] INFO  o.e.m.c.i.e.AbstractTransferListenerAdapter - Downloaded https://repo.maven.apache.org/maven2/org/apache/tomcat/embed/tomcat-embed-core/10.1.44/tomcat-embed-core-10.1.44.pom
2025-09-06 11:06:55,490 [Worker-31: Importing Maven projects] INFO  o.e.m.c.i.e.AbstractTransferListenerAdapter - Downloading https://repo.maven.apache.org/maven2/org/apache/tomcat/embed/tomcat-embed-el/10.1.44/tomcat-embed-el-10.1.44.pom
2025-09-06 11:06:55,492 [Worker-31: Importing Maven projects] INFO  o.e.m.c.i.e.AbstractTransferListenerAdapter - Downloaded https://repo.maven.apache.org/maven2/org/apache/tomcat/embed/tomcat-embed-el/10.1.44/tomcat-embed-el-10.1.44.pom
2025-09-06 11:06:55,695 [Worker-31: Importing Maven projects] INFO  o.e.m.c.i.e.AbstractTransferListenerAdapter - Downloading https://repo.maven.apache.org/maven2/org/apache/tomcat/embed/tomcat-embed-websocket/10.1.44/tomcat-embed-websocket-10.1.44.pom
2025-09-06 11:06:55,697 [Worker-31: Importing Maven projects] INFO  o.e.m.c.i.e.AbstractTransferListenerAdapter - Downloaded https://repo.maven.apache.org/maven2/org/apache/tomcat/embed/tomcat-embed-websocket/10.1.44/tomcat-embed-websocket-10.1.44.pom
2025-09-06 11:06:55,802 [Worker-31: Importing Maven projects] INFO  o.e.m.c.i.e.AbstractTransferListenerAdapter - Downloading https://repo.maven.apache.org/maven2/org/springframework/spring-webmvc/6.2.10/spring-webmvc-6.2.10.pom
2025-09-06 11:06:55,804 [Worker-31: Importing Maven projects] INFO  o.e.m.c.i.e.AbstractTransferListenerAdapter - Downloaded https://repo.maven.apache.org/maven2/org/springframework/spring-webmvc/6.2.10/spring-webmvc-6.2.10.pom
2025-09-06 11:06:55,901 [Worker-31: Importing Maven projects] INFO  o.e.m.c.i.e.AbstractTransferListenerAdapter - Downloading https://repo.maven.apache.org/maven2/com/h2database/h2/2.3.232/h2-2.3.232.pom
2025-09-06 11:06:55,904 [Worker-31: Importing Maven projects] INFO  o.e.m.c.i.e.AbstractTransferListenerAdapter - Downloaded https://repo.maven.apache.org/maven2/com/h2database/h2/2.3.232/h2-2.3.232.pom
2025-09-06 11:06:56,002 [Worker-31: Importing Maven projects] INFO  o.e.m.c.i.e.AbstractTransferListenerAdapter - Downloading https://repo.maven.apache.org/maven2/org/projectlombok/lombok/1.18.38/lombok-1.18.38.pom
2025-09-06 11:06:56,004 [Worker-31: Importing Maven projects] INFO  o.e.m.c.i.e.AbstractTransferListenerAdapter - Downloaded https://repo.maven.apache.org/maven2/org/projectlombok/lombok/1.18.38/lombok-1.18.38.pom
2025-09-06 11:06:56,309 [Worker-31: Importing Maven projects] INFO  o.e.m.c.i.e.AbstractTransferListenerAdapter - Downloading https://repo.maven.apache.org/maven2/org/springframework/boot/spring-boot-starter-data-jpa/3.5.5/spring-boot-starter-data-jpa-3.5.5.jar
2025-09-06 11:06:56,311 [Worker-31: Importing Maven projects] INFO  o.e.m.c.i.e.AbstractTransferListenerAdapter - Downloaded https://repo.maven.apache.org/maven2/org/springframework/boot/spring-boot-starter-data-jpa/3.5.5/spring-boot-starter-data-jpa-3.5.5.jar
2025-09-06 11:06:56,412 [BasicRepositoryConnector-repo.maven.apache.org-0-0] INFO  o.e.m.c.i.e.AbstractTransferListenerAdapter - Downloading https://repo.maven.apache.org/maven2/org/springframework/boot/spring-boot-starter-jdbc/3.5.5/spring-boot-starter-jdbc-3.5.5.jar
2025-09-06 11:06:56,415 [BasicRepositoryConnector-repo.maven.apache.org-0-0] INFO  o.e.m.c.i.e.AbstractTransferListenerAdapter - Downloaded https://repo.maven.apache.org/maven2/org/springframework/boot/spring-boot-starter-jdbc/3.5.5/spring-boot-starter-jdbc-3.5.5.jar
2025-09-06 11:06:56,515 [BasicRepositoryConnector-repo.maven.apache.org-0-0] INFO  o.e.m.c.i.e.AbstractTransferListenerAdapter - Downloading https://repo.maven.apache.org/maven2/jakarta/transaction/jakarta.transaction-api/2.0.1/jakarta.transaction-api-2.0.1.jar
2025-09-06 11:06:56,518 [BasicRepositoryConnector-repo.maven.apache.org-0-0] INFO  o.e.m.c.i.e.AbstractTransferListenerAdapter - Downloaded https://repo.maven.apache.org/maven2/jakarta/transaction/jakarta.transaction-api/2.0.1/jakarta.transaction-api-2.0.1.jar
2025-09-06 11:06:56,616 [BasicRepositoryConnector-repo.maven.apache.org-0-0] INFO  o.e.m.c.i.e.AbstractTransferListenerAdapter - Downloading https://repo.maven.apache.org/maven2/org/jboss/logging/jboss-logging/3.6.1.Final/jboss-logging-3.6.1.Final.jar
2025-09-06 11:06:56,618 [BasicRepositoryConnector-repo.maven.apache.org-0-1] INFO  o.e.m.c.i.e.AbstractTransferListenerAdapter - Downloading https://repo.maven.apache.org/maven2/com/zaxxer/HikariCP/6.3.2/HikariCP-6.3.2.jar
2025-09-06 11:06:56,618 [BasicRepositoryConnector-repo.maven.apache.org-0-3] INFO  o.e.m.c.i.e.AbstractTransferListenerAdapter - Downloading https://repo.maven.apache.org/maven2/org/hibernate/orm/hibernate-core/6.6.26.Final/hibernate-core-6.6.26.Final.jar
2025-09-06 11:06:56,632 [BasicRepositoryConnector-repo.maven.apache.org-0-2] INFO  o.e.m.c.i.e.AbstractTransferListenerAdapter - Downloading https://repo.maven.apache.org/maven2/org/springframework/spring-jdbc/6.2.10/spring-jdbc-6.2.10.jar
2025-09-06 11:06:56,635 [BasicRepositoryConnector-repo.maven.apache.org-0-0] INFO  o.e.m.c.i.e.AbstractTransferListenerAdapter - Downloaded https://repo.maven.apache.org/maven2/org/jboss/logging/jboss-logging/3.6.1.Final/jboss-logging-3.6.1.Final.jar
2025-09-06 11:06:56,644 [BasicRepositoryConnector-repo.maven.apache.org-0-4] INFO  o.e.m.c.i.e.AbstractTransferListenerAdapter - Downloading https://repo.maven.apache.org/maven2/jakarta/persistence/jakarta.persistence-api/3.1.0/jakarta.persistence-api-3.1.0.jar
2025-09-06 11:06:56,703 [BasicRepositoryConnector-repo.maven.apache.org-0-0] INFO  o.e.m.c.i.e.AbstractTransferListenerAdapter - Downloading https://repo.maven.apache.org/maven2/org/hibernate/common/hibernate-commons-annotations/7.0.3.Final/hibernate-commons-annotations-7.0.3.Final.jar
2025-09-06 11:06:56,710 [BasicRepositoryConnector-repo.maven.apache.org-0-0] INFO  o.e.m.c.i.e.AbstractTransferListenerAdapter - Downloaded https://repo.maven.apache.org/maven2/org/hibernate/common/hibernate-commons-annotations/7.0.3.Final/hibernate-commons-annotations-7.0.3.Final.jar
2025-09-06 11:06:56,764 [BasicRepositoryConnector-repo.maven.apache.org-0-1] INFO  o.e.m.c.i.e.AbstractTransferListenerAdapter - Downloaded https://repo.maven.apache.org/maven2/com/zaxxer/HikariCP/6.3.2/HikariCP-6.3.2.jar
2025-09-06 11:06:56,799 [BasicRepositoryConnector-repo.maven.apache.org-0-0] INFO  o.e.m.c.i.e.AbstractTransferListenerAdapter - Downloading https://repo.maven.apache.org/maven2/io/smallrye/jandex/3.2.0/jandex-3.2.0.jar
2025-09-06 11:06:56,801 [BasicRepositoryConnector-repo.maven.apache.org-0-4] INFO  o.e.m.c.i.e.AbstractTransferListenerAdapter - Downloaded https://repo.maven.apache.org/maven2/jakarta/persistence/jakarta.persistence-api/3.1.0/jakarta.persistence-api-3.1.0.jar
2025-09-06 11:06:56,834 [BasicRepositoryConnector-repo.maven.apache.org-0-0] INFO  o.e.m.c.i.e.AbstractTransferListenerAdapter - Downloaded https://repo.maven.apache.org/maven2/io/smallrye/jandex/3.2.0/jandex-3.2.0.jar
2025-09-06 11:06:57,182 [BasicRepositoryConnector-repo.maven.apache.org-0-1] INFO  o.e.m.c.i.e.AbstractTransferListenerAdapter - Downloading https://repo.maven.apache.org/maven2/com/fasterxml/classmate/1.7.0/classmate-1.7.0.jar
2025-09-06 11:06:57,201 [BasicRepositoryConnector-repo.maven.apache.org-0-4] INFO  o.e.m.c.i.e.AbstractTransferListenerAdapter - Downloading https://repo.maven.apache.org/maven2/org/glassfish/jaxb/jaxb-runtime/4.0.5/jaxb-runtime-4.0.5.jar
2025-09-06 11:06:57,202 [BasicRepositoryConnector-repo.maven.apache.org-0-1] INFO  o.e.m.c.i.e.AbstractTransferListenerAdapter - Downloaded https://repo.maven.apache.org/maven2/com/fasterxml/classmate/1.7.0/classmate-1.7.0.jar
2025-09-06 11:06:57,215 [BasicRepositoryConnector-repo.maven.apache.org-0-0] INFO  o.e.m.c.i.e.AbstractTransferListenerAdapter - Downloading https://repo.maven.apache.org/maven2/org/glassfish/jaxb/jaxb-core/4.0.5/jaxb-core-4.0.5.jar
2025-09-06 11:06:57,242 [BasicRepositoryConnector-repo.maven.apache.org-0-0] INFO  o.e.m.c.i.e.AbstractTransferListenerAdapter - Downloaded https://repo.maven.apache.org/maven2/org/glassfish/jaxb/jaxb-core/4.0.5/jaxb-core-4.0.5.jar
2025-09-06 11:06:57,316 [BasicRepositoryConnector-repo.maven.apache.org-0-2] INFO  o.e.m.c.i.e.AbstractTransferListenerAdapter - Downloaded https://repo.maven.apache.org/maven2/org/springframework/spring-jdbc/6.2.10/spring-jdbc-6.2.10.jar
2025-09-06 11:06:57,368 [BasicRepositoryConnector-repo.maven.apache.org-0-1] INFO  o.e.m.c.i.e.AbstractTransferListenerAdapter - Downloading https://repo.maven.apache.org/maven2/org/eclipse/angus/angus-activation/2.0.2/angus-activation-2.0.2.jar
2025-09-06 11:06:57,379 [BasicRepositoryConnector-repo.maven.apache.org-0-1] INFO  o.e.m.c.i.e.AbstractTransferListenerAdapter - Downloaded https://repo.maven.apache.org/maven2/org/eclipse/angus/angus-activation/2.0.2/angus-activation-2.0.2.jar
2025-09-06 11:06:57,472 [BasicRepositoryConnector-repo.maven.apache.org-0-0] INFO  o.e.m.c.i.e.AbstractTransferListenerAdapter - Downloading https://repo.maven.apache.org/maven2/org/glassfish/jaxb/txw2/4.0.5/txw2-4.0.5.jar
2025-09-06 11:06:57,482 [BasicRepositoryConnector-repo.maven.apache.org-0-0] INFO  o.e.m.c.i.e.AbstractTransferListenerAdapter - Downloaded https://repo.maven.apache.org/maven2/org/glassfish/jaxb/txw2/4.0.5/txw2-4.0.5.jar
2025-09-06 11:06:57,502 [BasicRepositoryConnector-repo.maven.apache.org-0-2] INFO  o.e.m.c.i.e.AbstractTransferListenerAdapter - Downloading https://repo.maven.apache.org/maven2/com/sun/istack/istack-commons-runtime/4.1.2/istack-commons-runtime-4.1.2.jar
2025-09-06 11:06:57,509 [BasicRepositoryConnector-repo.maven.apache.org-0-2] INFO  o.e.m.c.i.e.AbstractTransferListenerAdapter - Downloaded https://repo.maven.apache.org/maven2/com/sun/istack/istack-commons-runtime/4.1.2/istack-commons-runtime-4.1.2.jar
2025-09-06 11:06:57,528 [BasicRepositoryConnector-repo.maven.apache.org-0-1] INFO  o.e.m.c.i.e.AbstractTransferListenerAdapter - Downloading https://repo.maven.apache.org/maven2/jakarta/inject/jakarta.inject-api/2.0.1/jakarta.inject-api-2.0.1.jar
2025-09-06 11:06:57,530 [BasicRepositoryConnector-repo.maven.apache.org-0-1] INFO  o.e.m.c.i.e.AbstractTransferListenerAdapter - Downloaded https://repo.maven.apache.org/maven2/jakarta/inject/jakarta.inject-api/2.0.1/jakarta.inject-api-2.0.1.jar
2025-09-06 11:06:57,600 [BasicRepositoryConnector-repo.maven.apache.org-0-4] INFO  o.e.m.c.i.e.AbstractTransferListenerAdapter - Downloaded https://repo.maven.apache.org/maven2/org/glassfish/jaxb/jaxb-runtime/4.0.5/jaxb-runtime-4.0.5.jar
2025-09-06 11:06:57,648 [BasicRepositoryConnector-repo.maven.apache.org-0-0] INFO  o.e.m.c.i.e.AbstractTransferListenerAdapter - Downloading https://repo.maven.apache.org/maven2/org/antlr/antlr4-runtime/4.13.0/antlr4-runtime-4.13.0.jar
2025-09-06 11:06:57,679 [BasicRepositoryConnector-repo.maven.apache.org-0-2] INFO  o.e.m.c.i.e.AbstractTransferListenerAdapter - Downloading https://repo.maven.apache.org/maven2/org/springframework/data/spring-data-jpa/3.5.3/spring-data-jpa-3.5.3.jar
2025-09-06 11:06:57,708 [BasicRepositoryConnector-repo.maven.apache.org-0-1] INFO  o.e.m.c.i.e.AbstractTransferListenerAdapter - Downloading https://repo.maven.apache.org/maven2/org/springframework/data/spring-data-commons/3.5.3/spring-data-commons-3.5.3.jar
2025-09-06 11:06:57,762 [BasicRepositoryConnector-repo.maven.apache.org-0-4] INFO  o.e.m.c.i.e.AbstractTransferListenerAdapter - Downloading https://repo.maven.apache.org/maven2/org/springframework/spring-orm/6.2.10/spring-orm-6.2.10.jar
2025-09-06 11:06:57,821 [BasicRepositoryConnector-repo.maven.apache.org-0-0] INFO  o.e.m.c.i.e.AbstractTransferListenerAdapter - Downloaded https://repo.maven.apache.org/maven2/org/antlr/antlr4-runtime/4.13.0/antlr4-runtime-4.13.0.jar
2025-09-06 11:06:57,907 [BasicRepositoryConnector-repo.maven.apache.org-0-4] INFO  o.e.m.c.i.e.AbstractTransferListenerAdapter - Downloaded https://repo.maven.apache.org/maven2/org/springframework/spring-orm/6.2.10/spring-orm-6.2.10.jar
2025-09-06 11:06:57,988 [BasicRepositoryConnector-repo.maven.apache.org-0-0] INFO  o.e.m.c.i.e.AbstractTransferListenerAdapter - Downloading https://repo.maven.apache.org/maven2/org/springframework/spring-tx/6.2.10/spring-tx-6.2.10.jar
2025-09-06 11:06:58,100 [BasicRepositoryConnector-repo.maven.apache.org-0-4] INFO  o.e.m.c.i.e.AbstractTransferListenerAdapter - Downloading https://repo.maven.apache.org/maven2/org/springframework/spring-aspects/6.2.10/spring-aspects-6.2.10.jar
2025-09-06 11:06:58,128 [BasicRepositoryConnector-repo.maven.apache.org-0-4] INFO  o.e.m.c.i.e.AbstractTransferListenerAdapter - Downloaded https://repo.maven.apache.org/maven2/org/springframework/spring-aspects/6.2.10/spring-aspects-6.2.10.jar
2025-09-06 11:06:58,158 [BasicRepositoryConnector-repo.maven.apache.org-0-0] INFO  o.e.m.c.i.e.AbstractTransferListenerAdapter - Downloaded https://repo.maven.apache.org/maven2/org/springframework/spring-tx/6.2.10/spring-tx-6.2.10.jar
2025-09-06 11:06:58,244 [BasicRepositoryConnector-repo.maven.apache.org-0-4] INFO  o.e.m.c.i.e.AbstractTransferListenerAdapter - Downloading https://repo.maven.apache.org/maven2/org/aspectj/aspectjweaver/1.9.24/aspectjweaver-1.9.24.jar
2025-09-06 11:06:58,448 [BasicRepositoryConnector-repo.maven.apache.org-0-0] INFO  o.e.m.c.i.e.AbstractTransferListenerAdapter - Downloading https://repo.maven.apache.org/maven2/org/springframework/boot/spring-boot-starter-web/3.5.5/spring-boot-starter-web-3.5.5.jar
2025-09-06 11:06:58,451 [BasicRepositoryConnector-repo.maven.apache.org-0-0] INFO  o.e.m.c.i.e.AbstractTransferListenerAdapter - Downloaded https://repo.maven.apache.org/maven2/org/springframework/boot/spring-boot-starter-web/3.5.5/spring-boot-starter-web-3.5.5.jar
2025-09-06 11:06:58,658 [BasicRepositoryConnector-repo.maven.apache.org-0-0] INFO  o.e.m.c.i.e.AbstractTransferListenerAdapter - Downloading https://repo.maven.apache.org/maven2/org/springframework/boot/spring-boot-starter-json/3.5.5/spring-boot-starter-json-3.5.5.jar
2025-09-06 11:06:58,660 [BasicRepositoryConnector-repo.maven.apache.org-0-0] INFO  o.e.m.c.i.e.AbstractTransferListenerAdapter - Downloaded https://repo.maven.apache.org/maven2/org/springframework/boot/spring-boot-starter-json/3.5.5/spring-boot-starter-json-3.5.5.jar
2025-09-06 11:06:58,782 [BasicRepositoryConnector-repo.maven.apache.org-0-4] INFO  o.e.m.c.i.e.AbstractTransferListenerAdapter - Downloaded https://repo.maven.apache.org/maven2/org/aspectj/aspectjweaver/1.9.24/aspectjweaver-1.9.24.jar
2025-09-06 11:06:58,804 [BasicRepositoryConnector-repo.maven.apache.org-0-0] INFO  o.e.m.c.i.e.AbstractTransferListenerAdapter - Downloading https://repo.maven.apache.org/maven2/com/fasterxml/jackson/datatype/jackson-datatype-jdk8/2.19.2/jackson-datatype-jdk8-2.19.2.jar
2025-09-06 11:06:58,807 [BasicRepositoryConnector-repo.maven.apache.org-0-0] INFO  o.e.m.c.i.e.AbstractTransferListenerAdapter - Downloaded https://repo.maven.apache.org/maven2/com/fasterxml/jackson/datatype/jackson-datatype-jdk8/2.19.2/jackson-datatype-jdk8-2.19.2.jar
2025-09-06 11:06:58,851 [BasicRepositoryConnector-repo.maven.apache.org-0-4] INFO  o.e.m.c.i.e.AbstractTransferListenerAdapter - Downloading https://repo.maven.apache.org/maven2/com/fasterxml/jackson/datatype/jackson-datatype-jsr310/2.19.2/jackson-datatype-jsr310-2.19.2.jar
2025-09-06 11:06:58,855 [BasicRepositoryConnector-repo.maven.apache.org-0-1] INFO  o.e.m.c.i.e.AbstractTransferListenerAdapter - Downloaded https://repo.maven.apache.org/maven2/org/springframework/data/spring-data-commons/3.5.3/spring-data-commons-3.5.3.jar
2025-09-06 11:06:58,876 [BasicRepositoryConnector-repo.maven.apache.org-0-0] INFO  o.e.m.c.i.e.AbstractTransferListenerAdapter - Downloading https://repo.maven.apache.org/maven2/org/springframework/boot/spring-boot-starter-tomcat/3.5.5/spring-boot-starter-tomcat-3.5.5.jar
2025-09-06 11:06:58,876 [BasicRepositoryConnector-repo.maven.apache.org-0-4] INFO  o.e.m.c.i.e.AbstractTransferListenerAdapter - Downloaded https://repo.maven.apache.org/maven2/com/fasterxml/jackson/datatype/jackson-datatype-jsr310/2.19.2/jackson-datatype-jsr310-2.19.2.jar
2025-09-06 11:06:58,878 [BasicRepositoryConnector-repo.maven.apache.org-0-0] INFO  o.e.m.c.i.e.AbstractTransferListenerAdapter - Downloaded https://repo.maven.apache.org/maven2/org/springframework/boot/spring-boot-starter-tomcat/3.5.5/spring-boot-starter-tomcat-3.5.5.jar
2025-09-06 11:06:58,925 [BasicRepositoryConnector-repo.maven.apache.org-0-1] INFO  o.e.m.c.i.e.AbstractTransferListenerAdapter - Downloading https://repo.maven.apache.org/maven2/org/apache/tomcat/embed/tomcat-embed-core/10.1.44/tomcat-embed-core-10.1.44.jar
2025-09-06 11:06:58,955 [BasicRepositoryConnector-repo.maven.apache.org-0-4] INFO  o.e.m.c.i.e.AbstractTransferListenerAdapter - Downloading https://repo.maven.apache.org/maven2/org/apache/tomcat/embed/tomcat-embed-el/10.1.44/tomcat-embed-el-10.1.44.jar
2025-09-06 11:06:59,012 [BasicRepositoryConnector-repo.maven.apache.org-0-0] INFO  o.e.m.c.i.e.AbstractTransferListenerAdapter - Downloading https://repo.maven.apache.org/maven2/org/apache/tomcat/embed/tomcat-embed-websocket/10.1.44/tomcat-embed-websocket-10.1.44.jar
2025-09-06 11:06:59,037 [BasicRepositoryConnector-repo.maven.apache.org-0-4] INFO  o.e.m.c.i.e.AbstractTransferListenerAdapter - Downloaded https://repo.maven.apache.org/maven2/org/apache/tomcat/embed/tomcat-embed-el/10.1.44/tomcat-embed-el-10.1.44.jar
2025-09-06 11:06:59,083 [BasicRepositoryConnector-repo.maven.apache.org-0-0] INFO  o.e.m.c.i.e.AbstractTransferListenerAdapter - Downloaded https://repo.maven.apache.org/maven2/org/apache/tomcat/embed/tomcat-embed-websocket/10.1.44/tomcat-embed-websocket-10.1.44.jar
2025-09-06 11:06:59,234 [BasicRepositoryConnector-repo.maven.apache.org-0-4] INFO  o.e.m.c.i.e.AbstractTransferListenerAdapter - Downloading https://repo.maven.apache.org/maven2/org/springframework/spring-web/6.2.10/spring-web-6.2.10.jar
2025-09-06 11:06:59,388 [BasicRepositoryConnector-repo.maven.apache.org-0-0] INFO  o.e.m.c.i.e.AbstractTransferListenerAdapter - Downloading https://repo.maven.apache.org/maven2/org/springframework/spring-webmvc/6.2.10/spring-webmvc-6.2.10.jar
2025-09-06 11:07:00,151 [BasicRepositoryConnector-repo.maven.apache.org-0-4] INFO  o.e.m.c.i.e.AbstractTransferListenerAdapter - Downloaded https://repo.maven.apache.org/maven2/org/springframework/spring-web/6.2.10/spring-web-6.2.10.jar
2025-09-06 11:07:00,243 [BasicRepositoryConnector-repo.maven.apache.org-0-0] INFO  o.e.m.c.i.e.AbstractTransferListenerAdapter - Downloaded https://repo.maven.apache.org/maven2/org/springframework/spring-webmvc/6.2.10/spring-webmvc-6.2.10.jar
2025-09-06 11:07:00,328 [BasicRepositoryConnector-repo.maven.apache.org-0-4] INFO  o.e.m.c.i.e.AbstractTransferListenerAdapter - Downloading https://repo.maven.apache.org/maven2/com/h2database/h2/2.3.232/h2-2.3.232.jar
2025-09-06 11:07:00,549 [BasicRepositoryConnector-repo.maven.apache.org-0-0] INFO  o.e.m.c.i.e.AbstractTransferListenerAdapter - Downloading https://repo.maven.apache.org/maven2/org/projectlombok/lombok/1.18.38/lombok-1.18.38.jar
2025-09-06 11:07:01,321 [BasicRepositoryConnector-repo.maven.apache.org-0-4] INFO  o.e.m.c.i.e.AbstractTransferListenerAdapter - Downloaded https://repo.maven.apache.org/maven2/com/h2database/h2/2.3.232/h2-2.3.232.jar
2025-09-06 11:07:01,611 [BasicRepositoryConnector-repo.maven.apache.org-0-2] INFO  o.e.m.c.i.e.AbstractTransferListenerAdapter - Downloaded https://repo.maven.apache.org/maven2/org/springframework/data/spring-data-jpa/3.5.3/spring-data-jpa-3.5.3.jar
2025-09-06 11:07:01,852 [BasicRepositoryConnector-repo.maven.apache.org-0-0] INFO  o.e.m.c.i.e.AbstractTransferListenerAdapter - Downloaded https://repo.maven.apache.org/maven2/org/projectlombok/lombok/1.18.38/lombok-1.18.38.jar
2025-09-06 11:07:02,183 [BasicRepositoryConnector-repo.maven.apache.org-0-1] INFO  o.e.m.c.i.e.AbstractTransferListenerAdapter - Downloaded https://repo.maven.apache.org/maven2/org/apache/tomcat/embed/tomcat-embed-core/10.1.44/tomcat-embed-core-10.1.44.jar
2025-09-06 11:07:15,499 [BasicRepositoryConnector-repo.maven.apache.org-0-3] INFO  o.e.m.c.i.e.AbstractTransferListenerAdapter - Downloaded https://repo.maven.apache.org/maven2/org/hibernate/orm/hibernate-core/6.6.26.Final/hibernate-core-6.6.26.Final.jar
2025-09-06 11:07:15,622 [Worker-31: Importing Maven projects] INFO  o.e.m.c.i.l.LifecycleMappingFactory - Using org.eclipse.m2e.jdt.JarLifecycleMapping lifecycle mapping for MavenProject: com.openclassrom:helloworld:0.0.1-SNAPSHOT @ /home/diamanka/eclipse-workspace /helloworld/pom.xml.
2025-09-06 11:07:15,872 [Worker-31: Importing Maven projects] INFO  o.e.m.j.i.AbstractJavaProjectConfigurator - Adding source folder /api/src/main/java
2025-09-06 11:07:15,873 [Worker-31: Importing Maven projects] INFO  o.e.m.j.i.AbstractJavaProjectConfigurator - Adding resource folder /api/src/main/resources
2025-09-06 11:07:15,874 [Worker-31: Importing Maven projects] INFO  o.e.m.j.i.AbstractJavaProjectConfigurator - Adding resource folder /api/src/main/resources
2025-09-06 11:07:15,875 [Worker-31: Importing Maven projects] INFO  o.e.m.j.i.AbstractJavaProjectConfigurator - Adding source folder /api/src/test/java
2025-09-06 11:07:15,875 [Worker-31: Importing Maven projects] INFO  o.e.m.j.i.AbstractJavaProjectConfigurator - Adding resource folder /api/src/test/resources
2025-09-06 11:07:15,933 [Worker-31: Importing Maven projects] INFO  o.e.m.c.i.p.ProjectConfigurationManager - Imported and configured 1 project(s) in 33 sec
2025-09-06 11:07:16,364 [Worker-4: Building] INFO  o.a.m.s.f.DefaultMavenResourcesFiltering - Copying 1 resource from src/main/resources to target/classes
2025-09-06 11:07:16,382 [Worker-4: Building] INFO  o.a.m.s.f.DefaultMavenResourcesFiltering - Copying 0 resource from src/main/resources to target/classes
2025-09-06 11:07:16,387 [Worker-4: Building] INFO  o.a.m.s.f.DefaultMavenResourcesFiltering - skip non existing resourceDirectory /home/diamanka/eclipse-workspace /api/src/test/resources
2025-09-06 11:07:16,949 [Worker-22: Download sources and javadoc] INFO  o.e.m.c.i.e.AbstractTransferListenerAdapter - Downloading https://repo.maven.apache.org/maven2/org/springframework/boot/spring-boot-starter-data-jpa/3.5.5/spring-boot-starter-data-jpa-3.5.5-sources.jar
2025-09-06 11:07:16,951 [Worker-22: Download sources and javadoc] INFO  o.e.m.c.i.e.AbstractTransferListenerAdapter - Downloaded https://repo.maven.apache.org/maven2/org/springframework/boot/spring-boot-starter-data-jpa/3.5.5/spring-boot-starter-data-jpa-3.5.5-sources.jar
2025-09-06 11:07:16,952 [Worker-22: Download sources and javadoc] INFO  o.e.m.j.internal.DownloadSourcesJob - Downloaded sources for org.springframework.boot:spring-boot-starter-data-jpa:3.5.5
2025-09-06 11:07:17,068 [Worker-22: Download sources and javadoc] INFO  o.e.m.c.i.e.AbstractTransferListenerAdapter - Downloading https://repo.maven.apache.org/maven2/org/springframework/boot/spring-boot-starter-jdbc/3.5.5/spring-boot-starter-jdbc-3.5.5-sources.jar
2025-09-06 11:07:17,070 [Worker-22: Download sources and javadoc] INFO  o.e.m.c.i.e.AbstractTransferListenerAdapter - Downloaded https://repo.maven.apache.org/maven2/org/springframework/boot/spring-boot-starter-jdbc/3.5.5/spring-boot-starter-jdbc-3.5.5-sources.jar
2025-09-06 11:07:17,071 [Worker-22: Download sources and javadoc] INFO  o.e.m.j.internal.DownloadSourcesJob - Downloaded sources for org.springframework.boot:spring-boot-starter-jdbc:3.5.5
2025-09-06 11:07:17,177 [Worker-22: Download sources and javadoc] INFO  o.e.m.c.i.e.AbstractTransferListenerAdapter - Downloading https://repo.maven.apache.org/maven2/com/zaxxer/HikariCP/6.3.2/HikariCP-6.3.2-sources.jar
2025-09-06 11:07:17,274 [Worker-22: Download sources and javadoc] INFO  o.e.m.c.i.e.AbstractTransferListenerAdapter - Downloaded https://repo.maven.apache.org/maven2/com/zaxxer/HikariCP/6.3.2/HikariCP-6.3.2-sources.jar
2025-09-06 11:07:17,275 [Worker-22: Download sources and javadoc] INFO  o.e.m.j.internal.DownloadSourcesJob - Downloaded sources for com.zaxxer:HikariCP:6.3.2
2025-09-06 11:07:17,388 [Worker-22: Download sources and javadoc] INFO  o.e.m.c.i.e.AbstractTransferListenerAdapter - Downloading https://repo.maven.apache.org/maven2/org/springframework/spring-jdbc/6.2.10/spring-jdbc-6.2.10-sources.jar
2025-09-06 11:07:17,563 [Worker-22: Download sources and javadoc] INFO  o.e.m.c.i.e.AbstractTransferListenerAdapter - Downloaded https://repo.maven.apache.org/maven2/org/springframework/spring-jdbc/6.2.10/spring-jdbc-6.2.10-sources.jar
2025-09-06 11:07:17,566 [Worker-22: Download sources and javadoc] INFO  o.e.m.j.internal.DownloadSourcesJob - Downloaded sources for org.springframework:spring-jdbc:6.2.10
2025-09-06 11:07:17,675 [Worker-22: Download sources and javadoc] INFO  o.e.m.c.i.e.AbstractTransferListenerAdapter - Downloading https://repo.maven.apache.org/maven2/org/hibernate/orm/hibernate-core/6.6.26.Final/hibernate-core-6.6.26.Final-sources.jar
2025-09-06 11:07:18,813 [Worker-22: Download sources and javadoc] INFO  o.e.m.c.i.e.AbstractTransferListenerAdapter - Downloaded https://repo.maven.apache.org/maven2/org/hibernate/orm/hibernate-core/6.6.26.Final/hibernate-core-6.6.26.Final-sources.jar
2025-09-06 11:07:18,814 [Worker-22: Download sources and javadoc] INFO  o.e.m.j.internal.DownloadSourcesJob - Downloaded sources for org.hibernate.orm:hibernate-core:6.6.26.Final
2025-09-06 11:07:18,965 [Worker-22: Download sources and javadoc] INFO  o.e.m.c.i.e.AbstractTransferListenerAdapter - Downloading https://repo.maven.apache.org/maven2/jakarta/persistence/jakarta.persistence-api/3.1.0/jakarta.persistence-api-3.1.0-sources.jar
2025-09-06 11:07:19,079 [Worker-22: Download sources and javadoc] INFO  o.e.m.c.i.e.AbstractTransferListenerAdapter - Downloaded https://repo.maven.apache.org/maven2/jakarta/persistence/jakarta.persistence-api/3.1.0/jakarta.persistence-api-3.1.0-sources.jar
2025-09-06 11:07:19,080 [Worker-22: Download sources and javadoc] INFO  o.e.m.j.internal.DownloadSourcesJob - Downloaded sources for jakarta.persistence:jakarta.persistence-api:3.1.0
2025-09-06 11:07:19,215 [Worker-22: Download sources and javadoc] INFO  o.e.m.c.i.e.AbstractTransferListenerAdapter - Downloading https://repo.maven.apache.org/maven2/jakarta/transaction/jakarta.transaction-api/2.0.1/jakarta.transaction-api-2.0.1-sources.jar
2025-09-06 11:07:19,231 [Worker-22: Download sources and javadoc] INFO  o.e.m.c.i.e.AbstractTransferListenerAdapter - Downloaded https://repo.maven.apache.org/maven2/jakarta/transaction/jakarta.transaction-api/2.0.1/jakarta.transaction-api-2.0.1-sources.jar
2025-09-06 11:07:19,233 [Worker-22: Download sources and javadoc] INFO  o.e.m.j.internal.DownloadSourcesJob - Downloaded sources for jakarta.transaction:jakarta.transaction-api:2.0.1
2025-09-06 11:07:19,364 [Worker-22: Download sources and javadoc] INFO  o.e.m.c.i.e.AbstractTransferListenerAdapter - Downloading https://repo.maven.apache.org/maven2/org/jboss/logging/jboss-logging/3.6.1.Final/jboss-logging-3.6.1.Final-sources.jar
2025-09-06 11:07:19,372 [Worker-22: Download sources and javadoc] INFO  o.e.m.c.i.e.AbstractTransferListenerAdapter - Downloaded https://repo.maven.apache.org/maven2/org/jboss/logging/jboss-logging/3.6.1.Final/jboss-logging-3.6.1.Final-sources.jar
2025-09-06 11:07:19,375 [Worker-22: Download sources and javadoc] INFO  o.e.m.j.internal.DownloadSourcesJob - Downloaded sources for org.jboss.logging:jboss-logging:3.6.1.Final
2025-09-06 11:07:19,502 [Worker-22: Download sources and javadoc] INFO  o.e.m.c.i.e.AbstractTransferListenerAdapter - Downloading https://repo.maven.apache.org/maven2/org/hibernate/common/hibernate-commons-annotations/7.0.3.Final/hibernate-commons-annotations-7.0.3.Final-sources.jar
2025-09-06 11:07:19,520 [Worker-22: Download sources and javadoc] INFO  o.e.m.c.i.e.AbstractTransferListenerAdapter - Downloaded https://repo.maven.apache.org/maven2/org/hibernate/common/hibernate-commons-annotations/7.0.3.Final/hibernate-commons-annotations-7.0.3.Final-sources.jar
2025-09-06 11:07:19,522 [Worker-22: Download sources and javadoc] INFO  o.e.m.j.internal.DownloadSourcesJob - Downloaded sources for org.hibernate.common:hibernate-commons-annotations:7.0.3.Final
2025-09-06 11:07:19,633 [Worker-22: Download sources and javadoc] INFO  o.e.m.c.i.e.AbstractTransferListenerAdapter - Downloading https://repo.maven.apache.org/maven2/io/smallrye/jandex/3.2.0/jandex-3.2.0-sources.jar
2025-09-06 11:07:19,743 [Worker-22: Download sources and javadoc] INFO  o.e.m.c.i.e.AbstractTransferListenerAdapter - Downloaded https://repo.maven.apache.org/maven2/io/smallrye/jandex/3.2.0/jandex-3.2.0-sources.jar
2025-09-06 11:07:19,746 [Worker-22: Download sources and javadoc] INFO  o.e.m.j.internal.DownloadSourcesJob - Downloaded sources for io.smallrye:jandex:3.2.0
2025-09-06 11:07:19,887 [Worker-22: Download sources and javadoc] INFO  o.e.m.c.i.e.AbstractTransferListenerAdapter - Downloading https://repo.maven.apache.org/maven2/com/fasterxml/classmate/1.7.0/classmate-1.7.0-sources.jar
2025-09-06 11:07:19,905 [Worker-22: Download sources and javadoc] INFO  o.e.m.c.i.e.AbstractTransferListenerAdapter - Downloaded https://repo.maven.apache.org/maven2/com/fasterxml/classmate/1.7.0/classmate-1.7.0-sources.jar
2025-09-06 11:07:19,907 [Worker-22: Download sources and javadoc] INFO  o.e.m.j.internal.DownloadSourcesJob - Downloaded sources for com.fasterxml:classmate:1.7.0
2025-09-06 11:07:20,078 [Worker-22: Download sources and javadoc] INFO  o.e.m.c.i.e.AbstractTransferListenerAdapter - Downloading https://repo.maven.apache.org/maven2/org/glassfish/jaxb/jaxb-runtime/4.0.5/jaxb-runtime-4.0.5-sources.jar
2025-09-06 11:07:20,303 [Worker-22: Download sources and javadoc] INFO  o.e.m.c.i.e.AbstractTransferListenerAdapter - Downloaded https://repo.maven.apache.org/maven2/org/glassfish/jaxb/jaxb-runtime/4.0.5/jaxb-runtime-4.0.5-sources.jar
2025-09-06 11:07:20,305 [Worker-22: Download sources and javadoc] INFO  o.e.m.j.internal.DownloadSourcesJob - Downloaded sources for org.glassfish.jaxb:jaxb-runtime:4.0.5
2025-09-06 11:07:20,432 [Worker-22: Download sources and javadoc] INFO  o.e.m.c.i.e.AbstractTransferListenerAdapter - Downloading https://repo.maven.apache.org/maven2/org/glassfish/jaxb/jaxb-core/4.0.5/jaxb-core-4.0.5-sources.jar
2025-09-06 11:07:20,507 [Worker-22: Download sources and javadoc] INFO  o.e.m.c.i.e.AbstractTransferListenerAdapter - Downloaded https://repo.maven.apache.org/maven2/org/glassfish/jaxb/jaxb-core/4.0.5/jaxb-core-4.0.5-sources.jar
2025-09-06 11:07:20,508 [Worker-22: Download sources and javadoc] INFO  o.e.m.j.internal.DownloadSourcesJob - Downloaded sources for org.glassfish.jaxb:jaxb-core:4.0.5
2025-09-06 11:07:20,623 [Worker-22: Download sources and javadoc] INFO  o.e.m.c.i.e.AbstractTransferListenerAdapter - Downloading https://repo.maven.apache.org/maven2/org/eclipse/angus/angus-activation/2.0.2/angus-activation-2.0.2-sources.jar
2025-09-06 11:07:20,636 [Worker-22: Download sources and javadoc] INFO  o.e.m.c.i.e.AbstractTransferListenerAdapter - Downloaded https://repo.maven.apache.org/maven2/org/eclipse/angus/angus-activation/2.0.2/angus-activation-2.0.2-sources.jar
2025-09-06 11:07:20,638 [Worker-22: Download sources and javadoc] INFO  o.e.m.j.internal.DownloadSourcesJob - Downloaded sources for org.eclipse.angus:angus-activation:2.0.2
2025-09-06 11:07:20,749 [Worker-22: Download sources and javadoc] INFO  o.e.m.c.i.e.AbstractTransferListenerAdapter - Downloading https://repo.maven.apache.org/maven2/org/glassfish/jaxb/txw2/4.0.5/txw2-4.0.5-sources.jar
2025-09-06 11:07:20,782 [Worker-22: Download sources and javadoc] INFO  o.e.m.c.i.e.AbstractTransferListenerAdapter - Downloaded https://repo.maven.apache.org/maven2/org/glassfish/jaxb/txw2/4.0.5/txw2-4.0.5-sources.jar
2025-09-06 11:07:20,783 [Worker-22: Download sources and javadoc] INFO  o.e.m.j.internal.DownloadSourcesJob - Downloaded sources for org.glassfish.jaxb:txw2:4.0.5
2025-09-06 11:07:20,908 [Worker-22: Download sources and javadoc] INFO  o.e.m.c.i.e.AbstractTransferListenerAdapter - Downloading https://repo.maven.apache.org/maven2/com/sun/istack/istack-commons-runtime/4.1.2/istack-commons-runtime-4.1.2-sources.jar
2025-09-06 11:07:20,927 [Worker-22: Download sources and javadoc] INFO  o.e.m.c.i.e.AbstractTransferListenerAdapter - Downloaded https://repo.maven.apache.org/maven2/com/sun/istack/istack-commons-runtime/4.1.2/istack-commons-runtime-4.1.2-sources.jar
2025-09-06 11:07:20,929 [Worker-22: Download sources and javadoc] INFO  o.e.m.j.internal.DownloadSourcesJob - Downloaded sources for com.sun.istack:istack-commons-runtime:4.1.2
2025-09-06 11:07:21,048 [Worker-22: Download sources and javadoc] INFO  o.e.m.c.i.e.AbstractTransferListenerAdapter - Downloading https://repo.maven.apache.org/maven2/jakarta/inject/jakarta.inject-api/2.0.1/jakarta.inject-api-2.0.1-sources.jar
2025-09-06 11:07:21,077 [Worker-22: Download sources and javadoc] INFO  o.e.m.c.i.e.AbstractTransferListenerAdapter - Downloaded https://repo.maven.apache.org/maven2/jakarta/inject/jakarta.inject-api/2.0.1/jakarta.inject-api-2.0.1-sources.jar
2025-09-06 11:07:21,079 [Worker-22: Download sources and javadoc] INFO  o.e.m.j.internal.DownloadSourcesJob - Downloaded sources for jakarta.inject:jakarta.inject-api:2.0.1
2025-09-06 11:07:21,198 [Worker-22: Download sources and javadoc] INFO  o.e.m.c.i.e.AbstractTransferListenerAdapter - Downloading https://repo.maven.apache.org/maven2/org/antlr/antlr4-runtime/4.13.0/antlr4-runtime-4.13.0-sources.jar
2025-09-06 11:07:21,335 [Worker-22: Download sources and javadoc] INFO  o.e.m.c.i.e.AbstractTransferListenerAdapter - Downloaded https://repo.maven.apache.org/maven2/org/antlr/antlr4-runtime/4.13.0/antlr4-runtime-4.13.0-sources.jar
2025-09-06 11:07:21,337 [Worker-22: Download sources and javadoc] INFO  o.e.m.j.internal.DownloadSourcesJob - Downloaded sources for org.antlr:antlr4-runtime:4.13.0
2025-09-06 11:07:21,465 [Worker-22: Download sources and javadoc] INFO  o.e.m.c.i.e.AbstractTransferListenerAdapter - Downloading https://repo.maven.apache.org/maven2/org/springframework/data/spring-data-jpa/3.5.3/spring-data-jpa-3.5.3-sources.jar
2025-09-06 11:07:21,656 [Worker-22: Download sources and javadoc] INFO  o.e.m.c.i.e.AbstractTransferListenerAdapter - Downloaded https://repo.maven.apache.org/maven2/org/springframework/data/spring-data-jpa/3.5.3/spring-data-jpa-3.5.3-sources.jar
2025-09-06 11:07:21,659 [Worker-22: Download sources and javadoc] INFO  o.e.m.j.internal.DownloadSourcesJob - Downloaded sources for org.springframework.data:spring-data-jpa:3.5.3
2025-09-06 11:07:21,769 [Worker-22: Download sources and javadoc] INFO  o.e.m.c.i.e.AbstractTransferListenerAdapter - Downloading https://repo.maven.apache.org/maven2/org/springframework/data/spring-data-commons/3.5.3/spring-data-commons-3.5.3-sources.jar
2025-09-06 11:07:22,012 [Worker-22: Download sources and javadoc] INFO  o.e.m.c.i.e.AbstractTransferListenerAdapter - Downloaded https://repo.maven.apache.org/maven2/org/springframework/data/spring-data-commons/3.5.3/spring-data-commons-3.5.3-sources.jar
2025-09-06 11:07:22,014 [Worker-22: Download sources and javadoc] INFO  o.e.m.j.internal.DownloadSourcesJob - Downloaded sources for org.springframework.data:spring-data-commons:3.5.3
2025-09-06 11:07:22,136 [Worker-22: Download sources and javadoc] INFO  o.e.m.c.i.e.AbstractTransferListenerAdapter - Downloading https://repo.maven.apache.org/maven2/org/springframework/spring-orm/6.2.10/spring-orm-6.2.10-sources.jar
2025-09-06 11:07:22,216 [Worker-22: Download sources and javadoc] INFO  o.e.m.c.i.e.AbstractTransferListenerAdapter - Downloaded https://repo.maven.apache.org/maven2/org/springframework/spring-orm/6.2.10/spring-orm-6.2.10-sources.jar
2025-09-06 11:07:22,217 [Worker-22: Download sources and javadoc] INFO  o.e.m.j.internal.DownloadSourcesJob - Downloaded sources for org.springframework:spring-orm:6.2.10
2025-09-06 11:07:22,359 [Worker-22: Download sources and javadoc] INFO  o.e.m.c.i.e.AbstractTransferListenerAdapter - Downloading https://repo.maven.apache.org/maven2/org/springframework/spring-tx/6.2.10/spring-tx-6.2.10-sources.jar
2025-09-06 11:07:22,506 [Worker-22: Download sources and javadoc] INFO  o.e.m.c.i.e.AbstractTransferListenerAdapter - Downloaded https://repo.maven.apache.org/maven2/org/springframework/spring-tx/6.2.10/spring-tx-6.2.10-sources.jar
2025-09-06 11:07:22,507 [Worker-22: Download sources and javadoc] INFO  o.e.m.j.internal.DownloadSourcesJob - Downloaded sources for org.springframework:spring-tx:6.2.10
2025-09-06 11:07:22,641 [Worker-22: Download sources and javadoc] INFO  o.e.m.c.i.e.AbstractTransferListenerAdapter - Downloading https://repo.maven.apache.org/maven2/org/springframework/spring-aspects/6.2.10/spring-aspects-6.2.10-sources.jar
2025-09-06 11:07:22,654 [Worker-22: Download sources and javadoc] INFO  o.e.m.c.i.e.AbstractTransferListenerAdapter - Downloaded https://repo.maven.apache.org/maven2/org/springframework/spring-aspects/6.2.10/spring-aspects-6.2.10-sources.jar
2025-09-06 11:07:22,656 [Worker-22: Download sources and javadoc] INFO  o.e.m.j.internal.DownloadSourcesJob - Downloaded sources for org.springframework:spring-aspects:6.2.10
2025-09-06 11:07:22,778 [Worker-22: Download sources and javadoc] INFO  o.e.m.c.i.e.AbstractTransferListenerAdapter - Downloading https://repo.maven.apache.org/maven2/org/aspectj/aspectjweaver/1.9.24/aspectjweaver-1.9.24-sources.jar
2025-09-06 11:07:23,121 [Worker-22: Download sources and javadoc] INFO  o.e.m.c.i.e.AbstractTransferListenerAdapter - Downloaded https://repo.maven.apache.org/maven2/org/aspectj/aspectjweaver/1.9.24/aspectjweaver-1.9.24-sources.jar
2025-09-06 11:07:23,122 [Worker-22: Download sources and javadoc] INFO  o.e.m.j.internal.DownloadSourcesJob - Downloaded sources for org.aspectj:aspectjweaver:1.9.24
2025-09-06 11:07:23,242 [Worker-22: Download sources and javadoc] INFO  o.e.m.c.i.e.AbstractTransferListenerAdapter - Downloading https://repo.maven.apache.org/maven2/org/springframework/boot/spring-boot-starter-web/3.5.5/spring-boot-starter-web-3.5.5-sources.jar
2025-09-06 11:07:23,244 [Worker-22: Download sources and javadoc] INFO  o.e.m.c.i.e.AbstractTransferListenerAdapter - Downloaded https://repo.maven.apache.org/maven2/org/springframework/boot/spring-boot-starter-web/3.5.5/spring-boot-starter-web-3.5.5-sources.jar
2025-09-06 11:07:23,246 [Worker-22: Download sources and javadoc] INFO  o.e.m.j.internal.DownloadSourcesJob - Downloaded sources for org.springframework.boot:spring-boot-starter-web:3.5.5
2025-09-06 11:07:23,382 [Worker-22: Download sources and javadoc] INFO  o.e.m.c.i.e.AbstractTransferListenerAdapter - Downloading https://repo.maven.apache.org/maven2/org/springframework/boot/spring-boot-starter-json/3.5.5/spring-boot-starter-json-3.5.5-sources.jar
2025-09-06 11:07:23,383 [Worker-22: Download sources and javadoc] INFO  o.e.m.c.i.e.AbstractTransferListenerAdapter - Downloaded https://repo.maven.apache.org/maven2/org/springframework/boot/spring-boot-starter-json/3.5.5/spring-boot-starter-json-3.5.5-sources.jar
2025-09-06 11:07:23,385 [Worker-22: Download sources and javadoc] INFO  o.e.m.j.internal.DownloadSourcesJob - Downloaded sources for org.springframework.boot:spring-boot-starter-json:3.5.5
2025-09-06 11:07:23,506 [Worker-22: Download sources and javadoc] INFO  o.e.m.c.i.e.AbstractTransferListenerAdapter - Downloading https://repo.maven.apache.org/maven2/com/fasterxml/jackson/core/jackson-databind/2.19.2/jackson-databind-2.19.2-sources.jar
2025-09-06 11:07:23,828 [Worker-22: Download sources and javadoc] INFO  o.e.m.c.i.e.AbstractTransferListenerAdapter - Downloaded https://repo.maven.apache.org/maven2/com/fasterxml/jackson/core/jackson-databind/2.19.2/jackson-databind-2.19.2-sources.jar
2025-09-06 11:07:23,830 [Worker-22: Download sources and javadoc] INFO  o.e.m.j.internal.DownloadSourcesJob - Downloaded sources for com.fasterxml.jackson.core:jackson-databind:2.19.2
2025-09-06 11:07:23,946 [Worker-22: Download sources and javadoc] INFO  o.e.m.c.i.e.AbstractTransferListenerAdapter - Downloading https://repo.maven.apache.org/maven2/com/fasterxml/jackson/core/jackson-annotations/2.19.2/jackson-annotations-2.19.2-sources.jar
2025-09-06 11:07:24,000 [Worker-22: Download sources and javadoc] INFO  o.e.m.c.i.e.AbstractTransferListenerAdapter - Downloaded https://repo.maven.apache.org/maven2/com/fasterxml/jackson/core/jackson-annotations/2.19.2/jackson-annotations-2.19.2-sources.jar
2025-09-06 11:07:24,001 [Worker-22: Download sources and javadoc] INFO  o.e.m.j.internal.DownloadSourcesJob - Downloaded sources for com.fasterxml.jackson.core:jackson-annotations:2.19.2
2025-09-06 11:07:24,116 [Worker-22: Download sources and javadoc] INFO  o.e.m.c.i.e.AbstractTransferListenerAdapter - Downloading https://repo.maven.apache.org/maven2/com/fasterxml/jackson/core/jackson-core/2.19.2/jackson-core-2.19.2-sources.jar
2025-09-06 11:07:24,295 [Worker-22: Download sources and javadoc] INFO  o.e.m.c.i.e.AbstractTransferListenerAdapter - Downloaded https://repo.maven.apache.org/maven2/com/fasterxml/jackson/core/jackson-core/2.19.2/jackson-core-2.19.2-sources.jar
2025-09-06 11:07:24,297 [Worker-22: Download sources and javadoc] INFO  o.e.m.j.internal.DownloadSourcesJob - Downloaded sources for com.fasterxml.jackson.core:jackson-core:2.19.2
2025-09-06 11:07:24,440 [Worker-22: Download sources and javadoc] INFO  o.e.m.c.i.e.AbstractTransferListenerAdapter - Downloading https://repo.maven.apache.org/maven2/com/fasterxml/jackson/datatype/jackson-datatype-jdk8/2.19.2/jackson-datatype-jdk8-2.19.2-sources.jar
2025-09-06 11:07:24,445 [Worker-22: Download sources and javadoc] INFO  o.e.m.c.i.e.AbstractTransferListenerAdapter - Downloaded https://repo.maven.apache.org/maven2/com/fasterxml/jackson/datatype/jackson-datatype-jdk8/2.19.2/jackson-datatype-jdk8-2.19.2-sources.jar
2025-09-06 11:07:24,447 [Worker-22: Download sources and javadoc] INFO  o.e.m.j.internal.DownloadSourcesJob - Downloaded sources for com.fasterxml.jackson.datatype:jackson-datatype-jdk8:2.19.2
2025-09-06 11:07:24,562 [Worker-22: Download sources and javadoc] INFO  o.e.m.c.i.e.AbstractTransferListenerAdapter - Downloading https://repo.maven.apache.org/maven2/com/fasterxml/jackson/datatype/jackson-datatype-jsr310/2.19.2/jackson-datatype-jsr310-2.19.2-sources.jar
2025-09-06 11:07:24,626 [Worker-22: Download sources and javadoc] INFO  o.e.m.c.i.e.AbstractTransferListenerAdapter - Downloaded https://repo.maven.apache.org/maven2/com/fasterxml/jackson/datatype/jackson-datatype-jsr310/2.19.2/jackson-datatype-jsr310-2.19.2-sources.jar
2025-09-06 11:07:24,628 [Worker-22: Download sources and javadoc] INFO  o.e.m.j.internal.DownloadSourcesJob - Downloaded sources for com.fasterxml.jackson.datatype:jackson-datatype-jsr310:2.19.2
2025-09-06 11:07:24,754 [Worker-22: Download sources and javadoc] INFO  o.e.m.c.i.e.AbstractTransferListenerAdapter - Downloading https://repo.maven.apache.org/maven2/com/fasterxml/jackson/module/jackson-module-parameter-names/2.19.2/jackson-module-parameter-names-2.19.2-sources.jar
2025-09-06 11:07:24,756 [Worker-22: Download sources and javadoc] INFO  o.e.m.c.i.e.AbstractTransferListenerAdapter - Downloaded https://repo.maven.apache.org/maven2/com/fasterxml/jackson/module/jackson-module-parameter-names/2.19.2/jackson-module-parameter-names-2.19.2-sources.jar
2025-09-06 11:07:24,758 [Worker-22: Download sources and javadoc] INFO  o.e.m.j.internal.DownloadSourcesJob - Downloaded sources for com.fasterxml.jackson.module:jackson-module-parameter-names:2.19.2
2025-09-06 11:07:24,889 [Worker-22: Download sources and javadoc] INFO  o.e.m.c.i.e.AbstractTransferListenerAdapter - Downloading https://repo.maven.apache.org/maven2/org/springframework/boot/spring-boot-starter-tomcat/3.5.5/spring-boot-starter-tomcat-3.5.5-sources.jar
2025-09-06 11:07:24,891 [Worker-22: Download sources and javadoc] INFO  o.e.m.c.i.e.AbstractTransferListenerAdapter - Downloaded https://repo.maven.apache.org/maven2/org/springframework/boot/spring-boot-starter-tomcat/3.5.5/spring-boot-starter-tomcat-3.5.5-sources.jar
2025-09-06 11:07:24,893 [Worker-22: Download sources and javadoc] INFO  o.e.m.j.internal.DownloadSourcesJob - Downloaded sources for org.springframework.boot:spring-boot-starter-tomcat:3.5.5
2025-09-06 11:07:25,022 [Worker-22: Download sources and javadoc] INFO  o.e.m.c.i.e.AbstractTransferListenerAdapter - Downloading https://repo.maven.apache.org/maven2/org/apache/tomcat/embed/tomcat-embed-core/10.1.44/tomcat-embed-core-10.1.44-sources.jar
2025-09-06 11:07:25,694 [Worker-22: Download sources and javadoc] INFO  o.e.m.c.i.e.AbstractTransferListenerAdapter - Downloaded https://repo.maven.apache.org/maven2/org/apache/tomcat/embed/tomcat-embed-core/10.1.44/tomcat-embed-core-10.1.44-sources.jar
2025-09-06 11:07:25,697 [Worker-22: Download sources and javadoc] INFO  o.e.m.j.internal.DownloadSourcesJob - Downloaded sources for org.apache.tomcat.embed:tomcat-embed-core:10.1.44
2025-09-06 11:07:25,908 [Worker-22: Download sources and javadoc] INFO  o.e.m.c.i.e.AbstractTransferListenerAdapter - Downloading https://repo.maven.apache.org/maven2/org/apache/tomcat/embed/tomcat-embed-el/10.1.44/tomcat-embed-el-10.1.44-sources.jar
2025-09-06 11:07:26,004 [Worker-22: Download sources and javadoc] INFO  o.e.m.c.i.e.AbstractTransferListenerAdapter - Downloaded https://repo.maven.apache.org/maven2/org/apache/tomcat/embed/tomcat-embed-el/10.1.44/tomcat-embed-el-10.1.44-sources.jar
2025-09-06 11:07:26,005 [Worker-22: Download sources and javadoc] INFO  o.e.m.j.internal.DownloadSourcesJob - Downloaded sources for org.apache.tomcat.embed:tomcat-embed-el:10.1.44
2025-09-06 11:07:26,199 [Worker-22: Download sources and javadoc] INFO  o.e.m.c.i.e.AbstractTransferListenerAdapter - Downloading https://repo.maven.apache.org/maven2/org/apache/tomcat/embed/tomcat-embed-websocket/10.1.44/tomcat-embed-websocket-10.1.44-sources.jar
2025-09-06 11:07:26,326 [Worker-22: Download sources and javadoc] INFO  o.e.m.c.i.e.AbstractTransferListenerAdapter - Downloaded https://repo.maven.apache.org/maven2/org/apache/tomcat/embed/tomcat-embed-websocket/10.1.44/tomcat-embed-websocket-10.1.44-sources.jar
2025-09-06 11:07:26,328 [Worker-22: Download sources and javadoc] INFO  o.e.m.j.internal.DownloadSourcesJob - Downloaded sources for org.apache.tomcat.embed:tomcat-embed-websocket:10.1.44
2025-09-06 11:07:26,498 [Worker-22: Download sources and javadoc] INFO  o.e.m.c.i.e.AbstractTransferListenerAdapter - Downloading https://repo.maven.apache.org/maven2/org/springframework/spring-web/6.2.10/spring-web-6.2.10-sources.jar
2025-09-06 11:07:26,783 [Worker-22: Download sources and javadoc] INFO  o.e.m.c.i.e.AbstractTransferListenerAdapter - Downloaded https://repo.maven.apache.org/maven2/org/springframework/spring-web/6.2.10/spring-web-6.2.10-sources.jar
2025-09-06 11:07:26,784 [Worker-22: Download sources and javadoc] INFO  o.e.m.j.internal.DownloadSourcesJob - Downloaded sources for org.springframework:spring-web:6.2.10
2025-09-06 11:07:26,912 [Worker-22: Download sources and javadoc] INFO  o.e.m.c.i.e.AbstractTransferListenerAdapter - Downloading https://repo.maven.apache.org/maven2/org/springframework/spring-webmvc/6.2.10/spring-webmvc-6.2.10-sources.jar
2025-09-06 11:07:27,163 [Worker-22: Download sources and javadoc] INFO  o.e.m.c.i.e.AbstractTransferListenerAdapter - Downloaded https://repo.maven.apache.org/maven2/org/springframework/spring-webmvc/6.2.10/spring-webmvc-6.2.10-sources.jar
2025-09-06 11:07:27,165 [Worker-22: Download sources and javadoc] INFO  o.e.m.j.internal.DownloadSourcesJob - Downloaded sources for org.springframework:spring-webmvc:6.2.10
2025-09-06 11:07:27,299 [Worker-22: Download sources and javadoc] INFO  o.e.m.c.i.e.AbstractTransferListenerAdapter - Downloading https://repo.maven.apache.org/maven2/com/h2database/h2/2.3.232/h2-2.3.232-sources.jar
2025-09-06 11:07:27,704 [Worker-22: Download sources and javadoc] INFO  o.e.m.c.i.e.AbstractTransferListenerAdapter - Downloaded https://repo.maven.apache.org/maven2/com/h2database/h2/2.3.232/h2-2.3.232-sources.jar
2025-09-06 11:07:27,704 [Worker-22: Download sources and javadoc] INFO  o.e.m.j.internal.DownloadSourcesJob - Downloaded sources for com.h2database:h2:2.3.232
2025-09-06 11:07:27,822 [Worker-22: Download sources and javadoc] INFO  o.e.m.c.i.e.AbstractTransferListenerAdapter - Downloading https://repo.maven.apache.org/maven2/org/projectlombok/lombok/1.18.38/lombok-1.18.38-sources.jar
2025-09-06 11:07:28,142 [Worker-22: Download sources and javadoc] INFO  o.e.m.c.i.e.AbstractTransferListenerAdapter - Downloaded https://repo.maven.apache.org/maven2/org/projectlombok/lombok/1.18.38/lombok-1.18.38-sources.jar
2025-09-06 11:07:28,144 [Worker-22: Download sources and javadoc] INFO  o.e.m.j.internal.DownloadSourcesJob - Downloaded sources for org.projectlombok:lombok:1.18.38
2025-09-06 11:09:15,556 [Worker-32: Building] INFO  o.a.m.s.f.DefaultMavenResourcesFiltering - Copying 1 resource from src/main/resources to target/classes
2025-09-06 11:09:15,586 [Worker-32: Building] INFO  o.a.m.s.f.DefaultMavenResourcesFiltering - Copying 0 resource from src/main/resources to target/classes
2025-09-06 11:09:15,598 [Worker-32: Building] INFO  o.a.m.s.f.DefaultMavenResourcesFiltering - skip non existing resourceDirectory /home/diamanka/eclipse-workspace /api/src/test/resources
2025-09-06 11:13:30,900 [Worker-32: Building] INFO  o.a.m.s.f.DefaultMavenResourcesFiltering - Copying 0 resource from src/main/resources to target/classes
2025-09-06 11:13:30,900 [Worker-32: Building] INFO  o.a.m.s.f.DefaultMavenResourcesFiltering - Copying 1 resource from src/main/resources to target/classes
2025-09-06 11:13:30,905 [Worker-32: Building] INFO  o.a.m.s.f.DefaultMavenResourcesFiltering - skip non existing resourceDirectory /home/diamanka/eclipse-workspace /api/src/test/resources
2025-09-06 11:13:36,587 [Worker-34: Building] INFO  o.a.m.s.f.DefaultMavenResourcesFiltering - Copying 0 resource from src/main/resources to target/classes
2025-09-06 11:13:36,587 [Worker-34: Building] INFO  o.a.m.s.f.DefaultMavenResourcesFiltering - Copying 1 resource from src/main/resources to target/classes
2025-09-06 11:13:36,590 [Worker-34: Building] INFO  o.a.m.s.f.DefaultMavenResourcesFiltering - skip non existing resourceDirectory /home/diamanka/eclipse-workspace /api/src/test/resources
2025-09-06 11:24:58,435 [Worker-34: Building] INFO  o.a.m.s.f.DefaultMavenResourcesFiltering - Copying 1 resource from src/main/resources to target/classes
2025-09-06 11:24:58,441 [Worker-34: Building] INFO  o.a.m.s.f.DefaultMavenResourcesFiltering - Copying 0 resource from src/main/resources to target/classes
2025-09-06 11:24:58,446 [Worker-34: Building] INFO  o.a.m.s.f.DefaultMavenResourcesFiltering - skip non existing resourceDirectory /home/diamanka/eclipse-workspace /api/src/test/resources
2025-09-06 11:27:00,860 [main] INFO  o.e.m.jdt.internal.UnitTestSupport - Updating api from maven configuration
2025-09-06 11:44:09,013 [Worker-37: Building] INFO  o.a.m.s.f.DefaultMavenResourcesFiltering - Copying 1 resource from src/main/resources to target/classes
2025-09-06 11:44:09,019 [Worker-37: Building] INFO  o.a.m.s.f.DefaultMavenResourcesFiltering - Copying 0 resource from src/main/resources to target/classes
2025-09-06 11:44:09,023 [Worker-37: Building] INFO  o.a.m.s.f.DefaultMavenResourcesFiltering - skip non existing resourceDirectory /home/diamanka/eclipse-workspace /api/src/test/resources
2025-09-06 14:47:32,457 [Worker-2: Building] INFO  o.a.m.s.f.DefaultMavenResourcesFiltering - Copying 1 resource from src/main/resources to target/classes
2025-09-06 14:47:32,464 [Worker-2: Building] INFO  o.a.m.s.f.DefaultMavenResourcesFiltering - Copying 1 resource from src/main/resources to target/classes
2025-09-06 14:47:32,470 [Worker-2: Building] INFO  o.a.m.s.f.DefaultMavenResourcesFiltering - skip non existing resourceDirectory /home/diamanka/eclipse-workspace /api/src/test/resources
2025-09-06 14:50:54,959 [Worker-2: Building] INFO  o.a.m.s.f.DefaultMavenResourcesFiltering - Copying 1 resource from src/main/resources to target/classes
2025-09-06 14:50:54,964 [Worker-2: Building] INFO  o.a.m.s.f.DefaultMavenResourcesFiltering - Copying 1 resource from src/main/resources to target/classes
2025-09-06 14:50:54,968 [Worker-2: Building] INFO  o.a.m.s.f.DefaultMavenResourcesFiltering - skip non existing resourceDirectory /home/diamanka/eclipse-workspace /api/src/test/resources
2025-09-06 14:58:37,599 [Worker-40: Building] INFO  o.a.m.s.f.DefaultMavenResourcesFiltering - Copying 1 resource from src/main/resources to target/classes
2025-09-06 14:58:37,603 [Worker-40: Building] INFO  o.a.m.s.f.DefaultMavenResourcesFiltering - Copying 1 resource from src/main/resources to target/classes
2025-09-06 14:58:37,605 [Worker-40: Building] INFO  o.a.m.s.f.DefaultMavenResourcesFiltering - skip non existing resourceDirectory /home/diamanka/eclipse-workspace /api/src/test/resources
2025-09-06 14:58:57,961 [Worker-43: Building] INFO  o.a.m.s.f.DefaultMavenResourcesFiltering - Copying 1 resource from src/main/resources to target/classes
2025-09-06 14:58:57,968 [Worker-43: Building] INFO  o.a.m.s.f.DefaultMavenResourcesFiltering - Copying 1 resource from src/main/resources to target/classes
2025-09-06 14:58:57,973 [Worker-43: Building] INFO  o.a.m.s.f.DefaultMavenResourcesFiltering - skip non existing resourceDirectory /home/diamanka/eclipse-workspace /api/src/test/resources
2025-09-06 14:59:33,250 [Worker-36: Building] INFO  o.a.m.s.f.DefaultMavenResourcesFiltering - Copying 1 resource from src/main/resources to target/classes
2025-09-06 14:59:33,253 [Worker-36: Building] INFO  o.a.m.s.f.DefaultMavenResourcesFiltering - Copying 1 resource from src/main/resources to target/classes
2025-09-06 14:59:33,255 [Worker-36: Building] INFO  o.a.m.s.f.DefaultMavenResourcesFiltering - skip non existing resourceDirectory /home/diamanka/eclipse-workspace /api/src/test/resources
2025-09-06 15:00:21,574 [Worker-2: Building] INFO  o.a.m.s.f.DefaultMavenResourcesFiltering - Copying 1 resource from src/main/resources to target/classes
2025-09-06 15:00:21,579 [Worker-2: Building] INFO  o.a.m.s.f.DefaultMavenResourcesFiltering - Copying 1 resource from src/main/resources to target/classes
2025-09-06 15:00:21,584 [Worker-2: Building] INFO  o.a.m.s.f.DefaultMavenResourcesFiltering - skip non existing resourceDirectory /home/diamanka/eclipse-workspace /api/src/test/resources
2025-09-06 15:01:55,403 [Worker-36: Building] INFO  o.a.m.s.f.DefaultMavenResourcesFiltering - Copying 1 resource from src/main/resources to target/classes
2025-09-06 15:01:55,406 [Worker-36: Building] INFO  o.a.m.s.f.DefaultMavenResourcesFiltering - Copying 1 resource from src/main/resources to target/classes
2025-09-06 15:01:55,408 [Worker-36: Building] INFO  o.a.m.s.f.DefaultMavenResourcesFiltering - skip non existing resourceDirectory /home/diamanka/eclipse-workspace /api/src/test/resources
2025-09-06 15:02:20,542 [Worker-2: Building] INFO  o.a.m.s.f.DefaultMavenResourcesFiltering - Copying 1 resource from src/main/resources to target/classes
2025-09-06 15:02:20,547 [Worker-2: Building] INFO  o.a.m.s.f.DefaultMavenResourcesFiltering - Copying 1 resource from src/main/resources to target/classes
2025-09-06 15:02:20,550 [Worker-2: Building] INFO  o.a.m.s.f.DefaultMavenResourcesFiltering - skip non existing resourceDirectory /home/diamanka/eclipse-workspace /api/src/test/resources
2025-09-07 12:28:00,038 [Worker-7: Loading available Gradle versions] INFO  o.e.b.c.i.u.g.PublishedGradleVersions - Gradle version information cache is out-of-date. Trying to update.
2025-09-07 13:31:47,418 [Worker-36: Building] INFO  o.a.m.s.f.DefaultMavenResourcesFiltering - Copying 1 resource from src/main/resources to target/classes
2025-09-07 13:31:47,443 [Worker-36: Building] INFO  o.a.m.s.f.DefaultMavenResourcesFiltering - Copying 1 resource from src/main/resources to target/classes
2025-09-07 13:31:47,450 [Worker-36: Building] INFO  o.a.m.s.f.DefaultMavenResourcesFiltering - skip non existing resourceDirectory /home/diamanka/eclipse-workspace /api/src/test/resources
2025-09-07 13:36:10,719 [Worker-39: Building] INFO  o.a.m.s.f.DefaultMavenResourcesFiltering - Copying 1 resource from src/main/resources to target/classes
2025-09-07 13:36:10,724 [Worker-39: Building] INFO  o.a.m.s.f.DefaultMavenResourcesFiltering - Copying 1 resource from src/main/resources to target/classes
2025-09-07 13:36:10,727 [Worker-39: Building] INFO  o.a.m.s.f.DefaultMavenResourcesFiltering - skip non existing resourceDirectory /home/diamanka/eclipse-workspace /api/src/test/resources
2025-09-07 13:36:24,685 [Worker-37: Building] INFO  o.a.m.s.f.DefaultMavenResourcesFiltering - Copying 1 resource from src/main/resources to target/classes
2025-09-07 13:36:24,693 [Worker-37: Building] INFO  o.a.m.s.f.DefaultMavenResourcesFiltering - Copying 1 resource from src/main/resources to target/classes
2025-09-07 13:36:24,699 [Worker-37: Building] INFO  o.a.m.s.f.DefaultMavenResourcesFiltering - skip non existing resourceDirectory /home/diamanka/eclipse-workspace /api/src/test/resources
2025-09-07 13:37:32,883 [Worker-16: Building] INFO  o.a.m.s.f.DefaultMavenResourcesFiltering - Copying 1 resource from src/main/resources to target/classes
2025-09-07 13:37:32,890 [Worker-16: Building] INFO  o.a.m.s.f.DefaultMavenResourcesFiltering - Copying 1 resource from src/main/resources to target/classes
2025-09-07 13:37:32,895 [Worker-16: Building] INFO  o.a.m.s.f.DefaultMavenResourcesFiltering - skip non existing resourceDirectory /home/diamanka/eclipse-workspace /api/src/test/resources
2025-09-07 13:38:53,365 [Worker-41: Building] INFO  o.a.m.s.f.DefaultMavenResourcesFiltering - Copying 1 resource from src/main/resources to target/classes
2025-09-07 13:38:53,369 [Worker-41: Building] INFO  o.a.m.s.f.DefaultMavenResourcesFiltering - Copying 1 resource from src/main/resources to target/classes
2025-09-07 13:38:53,372 [Worker-41: Building] INFO  o.a.m.s.f.DefaultMavenResourcesFiltering - skip non existing resourceDirectory /home/diamanka/eclipse-workspace /api/src/test/resources
2025-09-07 13:40:43,497 [Worker-16: Building] INFO  o.a.m.s.f.DefaultMavenResourcesFiltering - Copying 1 resource from src/main/resources to target/classes
2025-09-07 13:40:43,506 [Worker-16: Building] INFO  o.a.m.s.f.DefaultMavenResourcesFiltering - Copying 1 resource from src/main/resources to target/classes
2025-09-07 13:40:43,513 [Worker-16: Building] INFO  o.a.m.s.f.DefaultMavenResourcesFiltering - skip non existing resourceDirectory /home/diamanka/eclipse-workspace /api/src/test/resources
2025-09-07 13:41:04,113 [Worker-41: Building] INFO  o.a.m.s.f.DefaultMavenResourcesFiltering - Copying 1 resource from src/main/resources to target/classes
2025-09-07 13:41:04,117 [Worker-41: Building] INFO  o.a.m.s.f.DefaultMavenResourcesFiltering - Copying 1 resource from src/main/resources to target/classes
2025-09-07 13:41:04,121 [Worker-41: Building] INFO  o.a.m.s.f.DefaultMavenResourcesFiltering - skip non existing resourceDirectory /home/diamanka/eclipse-workspace /api/src/test/resources
2025-09-07 13:44:14,720 [Worker-37: Building] INFO  o.a.m.s.f.DefaultMavenResourcesFiltering - Copying 1 resource from src/main/resources to target/classes
2025-09-07 13:44:14,727 [Worker-37: Building] INFO  o.a.m.s.f.DefaultMavenResourcesFiltering - Copying 1 resource from src/main/resources to target/classes
2025-09-07 13:44:14,732 [Worker-37: Building] INFO  o.a.m.s.f.DefaultMavenResourcesFiltering - skip non existing resourceDirectory /home/diamanka/eclipse-workspace /api/src/test/resources
2025-09-07 13:44:53,858 [Worker-16: Building] INFO  o.a.m.s.f.DefaultMavenResourcesFiltering - Copying 1 resource from src/main/resources to target/classes
2025-09-07 13:44:53,878 [Worker-16: Building] INFO  o.a.m.s.f.DefaultMavenResourcesFiltering - Copying 1 resource from src/main/resources to target/classes
2025-09-07 13:44:53,881 [Worker-16: Building] INFO  o.a.m.s.f.DefaultMavenResourcesFiltering - skip non existing resourceDirectory /home/diamanka/eclipse-workspace /api/src/test/resources
2025-09-07 13:48:30,608 [Worker-41: Building] INFO  o.a.m.s.f.DefaultMavenResourcesFiltering - Copying 1 resource from src/main/resources to target/classes
2025-09-07 13:48:30,613 [Worker-41: Building] INFO  o.a.m.s.f.DefaultMavenResourcesFiltering - Copying 1 resource from src/main/resources to target/classes
2025-09-07 13:48:30,616 [Worker-41: Building] INFO  o.a.m.s.f.DefaultMavenResourcesFiltering - skip non existing resourceDirectory /home/diamanka/eclipse-workspace /api/src/test/resources
2025-09-07 13:48:38,648 [Worker-36: Building] INFO  o.a.m.s.f.DefaultMavenResourcesFiltering - Copying 1 resource from src/main/resources to target/classes
2025-09-07 13:48:38,654 [Worker-36: Building] INFO  o.a.m.s.f.DefaultMavenResourcesFiltering - Copying 1 resource from src/main/resources to target/classes
2025-09-07 13:48:38,659 [Worker-36: Building] INFO  o.a.m.s.f.DefaultMavenResourcesFiltering - skip non existing resourceDirectory /home/diamanka/eclipse-workspace /api/src/test/resources
2025-09-07 22:14:47,352 [Worker-36: Building] INFO  o.a.m.s.f.DefaultMavenResourcesFiltering - Copying 1 resource from src/main/resources to target/classes
2025-09-07 22:14:47,356 [Worker-36: Building] INFO  o.a.m.s.f.DefaultMavenResourcesFiltering - Copying 1 resource from src/main/resources to target/classes
2025-09-07 22:14:47,361 [Worker-36: Building] INFO  o.a.m.s.f.DefaultMavenResourcesFiltering - skip non existing resourceDirectory /home/diamanka/eclipse-workspace /api/src/test/resources
2025-09-07 22:16:07,574 [Worker-41: Building] INFO  o.a.m.s.f.DefaultMavenResourcesFiltering - Copying 1 resource from src/main/resources to target/classes
2025-09-07 22:16:07,577 [Worker-41: Building] INFO  o.a.m.s.f.DefaultMavenResourcesFiltering - Copying 1 resource from src/main/resources to target/classes
2025-09-07 22:16:07,579 [Worker-41: Building] INFO  o.a.m.s.f.DefaultMavenResourcesFiltering - skip non existing resourceDirectory /home/diamanka/eclipse-workspace /api/src/test/resources
2025-09-07 22:19:27,988 [Worker-16: Building] INFO  o.a.m.s.f.DefaultMavenResourcesFiltering - Copying 1 resource from src/main/resources to target/classes
2025-09-07 22:19:27,994 [Worker-16: Building] INFO  o.a.m.s.f.DefaultMavenResourcesFiltering - Copying 1 resource from src/main/resources to target/classes
2025-09-07 22:19:27,999 [Worker-16: Building] INFO  o.a.m.s.f.DefaultMavenResourcesFiltering - skip non existing resourceDirectory /home/diamanka/eclipse-workspace /api/src/test/resources
2025-09-07 22:31:21,632 [Worker-40: Building] INFO  o.a.m.s.f.DefaultMavenResourcesFiltering - Copying 1 resource from src/main/resources to target/classes
2025-09-07 22:31:21,646 [Worker-40: Building] INFO  o.a.m.s.f.DefaultMavenResourcesFiltering - Copying 0 resource from src/main/resources to target/classes
2025-09-07 22:31:21,657 [Worker-40: Building] INFO  o.a.m.s.f.DefaultMavenResourcesFiltering - skip non existing resourceDirectory /home/diamanka/eclipse-workspace /api/src/test/resources
2025-09-07 22:31:26,552 [Worker-16: Building] INFO  o.a.m.s.f.DefaultMavenResourcesFiltering - Copying 1 resource from src/main/resources to target/classes
2025-09-07 22:31:26,556 [Worker-16: Building] INFO  o.a.m.s.f.DefaultMavenResourcesFiltering - Copying 1 resource from src/main/resources to target/classes
2025-09-07 22:31:26,557 [Worker-16: Building] INFO  o.a.m.s.f.DefaultMavenResourcesFiltering - skip non existing resourceDirectory /home/diamanka/eclipse-workspace /api/src/test/resources
2025-09-07 22:32:17,631 [Worker-39: Building] INFO  o.a.m.s.f.DefaultMavenResourcesFiltering - Copying 1 resource from src/main/resources to target/classes
2025-09-07 22:32:17,644 [Worker-39: Building] INFO  o.a.m.s.f.DefaultMavenResourcesFiltering - Copying 1 resource from src/main/resources to target/classes
2025-09-07 22:32:17,646 [Worker-39: Building] INFO  o.a.m.s.f.DefaultMavenResourcesFiltering - skip non existing resourceDirectory /home/diamanka/eclipse-workspace /api/src/test/resources
2025-09-07 22:33:17,705 [Worker-42: Building] INFO  o.a.m.s.f.DefaultMavenResourcesFiltering - Copying 0 resource from src/main/resources to target/classes
2025-09-07 22:33:17,706 [Worker-42: Building] INFO  o.a.m.s.f.DefaultMavenResourcesFiltering - Copying 1 resource from src/main/resources to target/classes
2025-09-07 22:33:17,709 [Worker-42: Building] INFO  o.a.m.s.f.DefaultMavenResourcesFiltering - skip non existing resourceDirectory /home/diamanka/eclipse-workspace /api/src/test/resources
2025-09-07 22:33:29,214 [Worker-36: Building] INFO  o.a.m.s.f.DefaultMavenResourcesFiltering - Copying 0 resource from src/main/resources to target/classes
2025-09-07 22:33:29,214 [Worker-36: Building] INFO  o.a.m.s.f.DefaultMavenResourcesFiltering - Copying 1 resource from src/main/resources to target/classes
2025-09-07 22:33:29,218 [Worker-36: Building] INFO  o.a.m.s.f.DefaultMavenResourcesFiltering - skip non existing resourceDirectory /home/diamanka/eclipse-workspace /api/src/test/resources
2025-09-07 22:33:33,634 [Worker-39: Building] INFO  o.a.m.s.f.DefaultMavenResourcesFiltering - Copying 0 resource from src/main/resources to target/classes
2025-09-07 22:33:33,634 [Worker-39: Building] INFO  o.a.m.s.f.DefaultMavenResourcesFiltering - Copying 1 resource from src/main/resources to target/classes
2025-09-07 22:33:33,638 [Worker-39: Building] INFO  o.a.m.s.f.DefaultMavenResourcesFiltering - skip non existing resourceDirectory /home/diamanka/eclipse-workspace /api/src/test/resources
2025-09-07 22:33:42,266 [Worker-40: Building] INFO  o.a.m.s.f.DefaultMavenResourcesFiltering - Copying 1 resource from src/main/resources to target/classes
2025-09-07 22:33:42,269 [Worker-40: Building] INFO  o.a.m.s.f.DefaultMavenResourcesFiltering - Copying 0 resource from src/main/resources to target/classes
2025-09-07 22:33:42,272 [Worker-40: Building] INFO  o.a.m.s.f.DefaultMavenResourcesFiltering - skip non existing resourceDirectory /home/diamanka/eclipse-workspace /api/src/test/resources
2025-09-07 22:34:40,907 [Worker-16: Building] INFO  o.a.m.s.f.DefaultMavenResourcesFiltering - Copying 1 resource from src/main/resources to target/classes
2025-09-07 22:34:40,911 [Worker-16: Building] INFO  o.a.m.s.f.DefaultMavenResourcesFiltering - Copying 0 resource from src/main/resources to target/classes
2025-09-07 22:34:40,913 [Worker-16: Building] INFO  o.a.m.s.f.DefaultMavenResourcesFiltering - skip non existing resourceDirectory /home/diamanka/eclipse-workspace /api/src/test/resources
2025-09-07 22:43:01,673 [Worker-37: Building] INFO  o.a.m.s.f.DefaultMavenResourcesFiltering - Copying 1 resource from src/main/resources to target/classes
2025-09-07 22:43:01,677 [Worker-37: Building] INFO  o.a.m.s.f.DefaultMavenResourcesFiltering - Copying 2 resources from src/main/resources to target/classes
2025-09-07 22:43:01,679 [Worker-37: Building] INFO  o.a.m.s.f.DefaultMavenResourcesFiltering - skip non existing resourceDirectory /home/diamanka/eclipse-workspace /api/src/test/resources
2025-09-07 22:45:32,919 [Worker-36: Building] INFO  o.a.m.s.f.DefaultMavenResourcesFiltering - Copying 0 resource from src/main/resources to target/classes
2025-09-07 22:45:32,920 [Worker-36: Building] INFO  o.a.m.s.f.DefaultMavenResourcesFiltering - Copying 0 resource from src/main/resources to target/classes
2025-09-07 22:45:32,922 [Worker-36: Building] INFO  o.a.m.s.f.DefaultMavenResourcesFiltering - skip non existing resourceDirectory /home/diamanka/eclipse-workspace /api/src/test/resources
2025-09-07 22:55:55,801 [Worker-16: Building] INFO  o.e.m.c.i.l.LifecycleMappingFactory - Using org.eclipse.m2e.jdt.JarLifecycleMapping lifecycle mapping for MavenProject: com.openclassroom:api:0.0.1-SNAPSHOT @ /home/diamanka/eclipse-workspace /api/pom.xml.
2025-09-07 22:55:56,903 [Worker-16: Building] INFO  o.e.m.c.i.e.AbstractTransferListenerAdapter - Downloading https://repo.maven.apache.org/maven2/org/hamcrest/hamcrest/2.2/hamcrest-2.2.pom
2025-09-07 22:55:56,907 [Worker-16: Building] INFO  o.e.m.c.i.e.AbstractTransferListenerAdapter - Downloaded https://repo.maven.apache.org/maven2/org/hamcrest/hamcrest/2.2/hamcrest-2.2.pom
2025-09-07 22:55:57,408 [Worker-16: Building] INFO  o.e.m.c.i.e.AbstractTransferListenerAdapter - Downloading https://repo.maven.apache.org/maven2/org/hamcrest/hamcrest/2.2/hamcrest-2.2.jar
2025-09-07 22:55:57,931 [Worker-16: Building] INFO  o.e.m.c.i.e.AbstractTransferListenerAdapter - Downloaded https://repo.maven.apache.org/maven2/org/hamcrest/hamcrest/2.2/hamcrest-2.2.jar
2025-09-07 22:55:58,132 [Worker-16: Building] INFO  o.a.m.s.f.DefaultMavenResourcesFiltering - Copying 0 resource from src/main/resources to target/classes
2025-09-07 22:55:58,133 [Worker-16: Building] INFO  o.a.m.s.f.DefaultMavenResourcesFiltering - Copying 0 resource from src/main/resources to target/classes
2025-09-07 22:55:58,135 [Worker-16: Building] INFO  o.a.m.s.f.DefaultMavenResourcesFiltering - skip non existing resourceDirectory /home/diamanka/eclipse-workspace /api/src/test/resources
2025-09-07 22:55:59,240 [Worker-38: Building] INFO  o.a.m.s.f.DefaultMavenResourcesFiltering - Copying 1 resource from src/main/resources to target/classes
2025-09-07 22:55:59,255 [Worker-38: Building] INFO  o.a.m.s.f.DefaultMavenResourcesFiltering - Copying 2 resources from src/main/resources to target/classes
2025-09-07 22:55:59,258 [Worker-38: Building] INFO  o.a.m.s.f.DefaultMavenResourcesFiltering - skip non existing resourceDirectory /home/diamanka/eclipse-workspace /api/src/test/resources
2025-09-07 22:55:59,764 [Worker-39: Download sources and javadoc] INFO  o.e.m.c.i.e.AbstractTransferListenerAdapter - Downloading https://repo.maven.apache.org/maven2/org/hamcrest/hamcrest/2.2/hamcrest-2.2-sources.jar
2025-09-07 22:56:00,994 [Worker-39: Download sources and javadoc] INFO  o.e.m.c.i.e.AbstractTransferListenerAdapter - Downloaded https://repo.maven.apache.org/maven2/org/hamcrest/hamcrest/2.2/hamcrest-2.2-sources.jar
2025-09-07 22:56:00,997 [Worker-39: Download sources and javadoc] INFO  o.e.m.j.internal.DownloadSourcesJob - Downloaded sources for org.hamcrest:hamcrest:2.2
2025-09-07 22:56:04,635 [Worker-36: Building] INFO  o.a.m.s.f.DefaultMavenResourcesFiltering - Copying 1 resource from src/main/resources to target/classes
2025-09-07 22:56:04,638 [Worker-36: Building] INFO  o.a.m.s.f.DefaultMavenResourcesFiltering - Copying 2 resources from src/main/resources to target/classes
2025-09-07 22:56:04,639 [Worker-36: Building] INFO  o.a.m.s.f.DefaultMavenResourcesFiltering - skip non existing resourceDirectory /home/diamanka/eclipse-workspace /api/src/test/resources
2025-09-07 22:56:32,767 [main] INFO  o.e.m.jdt.internal.UnitTestSupport - Updating EmployeeControllerTest from maven configuration
2025-09-07 22:56:34,740 [Worker-16: Launching EmployeeControllerTest] INFO  o.a.m.s.f.DefaultMavenResourcesFiltering - Copying 0 resource from src/main/resources to target/classes
2025-09-07 22:56:34,742 [Worker-16: Launching EmployeeControllerTest] INFO  o.a.m.s.f.DefaultMavenResourcesFiltering - Copying 0 resource from src/main/resources to target/classes
2025-09-07 22:56:34,746 [Worker-16: Launching EmployeeControllerTest] INFO  o.a.m.s.f.DefaultMavenResourcesFiltering - skip non existing resourceDirectory /home/diamanka/eclipse-workspace /api/src/test/resources
2025-09-07 23:00:11,008 [Worker-37: Building] INFO  o.a.m.s.f.DefaultMavenResourcesFiltering - Copying 0 resource from src/main/resources to target/classes
2025-09-07 23:00:11,008 [Worker-37: Building] INFO  o.a.m.s.f.DefaultMavenResourcesFiltering - Copying 0 resource from src/main/resources to target/classes
2025-09-07 23:00:11,011 [Worker-37: Building] INFO  o.a.m.s.f.DefaultMavenResourcesFiltering - skip non existing resourceDirectory /home/diamanka/eclipse-workspace /api/src/test/resources
2025-09-07 23:02:20,739 [Worker-39: Building] INFO  o.a.m.s.f.DefaultMavenResourcesFiltering - Copying 0 resource from src/main/resources to target/classes
2025-09-07 23:02:20,739 [Worker-39: Building] INFO  o.a.m.s.f.DefaultMavenResourcesFiltering - Copying 0 resource from src/main/resources to target/classes
2025-09-07 23:02:20,741 [Worker-39: Building] INFO  o.a.m.s.f.DefaultMavenResourcesFiltering - skip non existing resourceDirectory /home/diamanka/eclipse-workspace /api/src/test/resources
2025-09-07 23:03:00,879 [Worker-39: Building] INFO  o.a.m.s.f.DefaultMavenResourcesFiltering - Copying 0 resource from src/main/resources to target/classes
2025-09-07 23:03:00,880 [Worker-39: Building] INFO  o.a.m.s.f.DefaultMavenResourcesFiltering - Copying 0 resource from src/main/resources to target/classes
2025-09-07 23:03:00,882 [Worker-39: Building] INFO  o.a.m.s.f.DefaultMavenResourcesFiltering - skip non existing resourceDirectory /home/diamanka/eclipse-workspace /api/src/test/resources
2025-09-07 23:09:50,859 [Worker-37: Building] INFO  o.a.m.s.f.DefaultMavenResourcesFiltering - Copying 1 resource from src/main/resources to target/classes
2025-09-07 23:09:50,862 [Worker-37: Building] INFO  o.a.m.s.f.DefaultMavenResourcesFiltering - Copying 2 resources from src/main/resources to target/classes
2025-09-07 23:09:50,863 [Worker-37: Building] INFO  o.a.m.s.f.DefaultMavenResourcesFiltering - skip non existing resourceDirectory /home/diamanka/eclipse-workspace /api/src/test/resources
2025-09-07 23:14:14,423 [Worker-41: Building] INFO  o.a.m.s.f.DefaultMavenResourcesFiltering - Copying 1 resource from src/main/resources to target/classes
2025-09-07 23:14:14,428 [Worker-41: Building] INFO  o.a.m.s.f.DefaultMavenResourcesFiltering - Copying 2 resources from src/main/resources to target/classes
2025-09-07 23:14:14,431 [Worker-41: Building] INFO  o.a.m.s.f.DefaultMavenResourcesFiltering - skip non existing resourceDirectory /home/diamanka/eclipse-workspace /api/src/test/resources
2025-09-07 23:15:36,956 [Worker-42: Building] INFO  o.a.m.s.f.DefaultMavenResourcesFiltering - Copying 0 resource from src/main/resources to target/classes
2025-09-07 23:15:36,956 [Worker-42: Building] INFO  o.a.m.s.f.DefaultMavenResourcesFiltering - Copying 0 resource from src/main/resources to target/classes
2025-09-07 23:15:36,958 [Worker-42: Building] INFO  o.a.m.s.f.DefaultMavenResourcesFiltering - skip non existing resourceDirectory /home/diamanka/eclipse-workspace /api/src/test/resources
2025-09-07 23:15:53,863 [Worker-16: Building] INFO  o.a.m.s.f.DefaultMavenResourcesFiltering - Copying 0 resource from src/main/resources to target/classes
2025-09-07 23:15:53,864 [Worker-16: Building] INFO  o.a.m.s.f.DefaultMavenResourcesFiltering - Copying 0 resource from src/main/resources to target/classes
2025-09-07 23:15:53,866 [Worker-16: Building] INFO  o.a.m.s.f.DefaultMavenResourcesFiltering - skip non existing resourceDirectory /home/diamanka/eclipse-workspace /api/src/test/resources
2025-09-07 23:19:33,749 [Worker-40: Building] INFO  o.a.m.s.f.DefaultMavenResourcesFiltering - Copying 1 resource from src/main/resources to target/classes
2025-09-07 23:19:33,752 [Worker-40: Building] INFO  o.a.m.s.f.DefaultMavenResourcesFiltering - Copying 2 resources from src/main/resources to target/classes
2025-09-07 23:19:33,754 [Worker-40: Building] INFO  o.a.m.s.f.DefaultMavenResourcesFiltering - skip non existing resourceDirectory /home/diamanka/eclipse-workspace /api/src/test/resources
2025-09-07 23:19:51,613 [Worker-40: Building] INFO  o.a.m.s.f.DefaultMavenResourcesFiltering - Copying 1 resource from src/main/resources to target/classes
2025-09-07 23:19:51,617 [Worker-40: Building] INFO  o.a.m.s.f.DefaultMavenResourcesFiltering - Copying 2 resources from src/main/resources to target/classes
2025-09-07 23:19:51,618 [Worker-40: Building] INFO  o.a.m.s.f.DefaultMavenResourcesFiltering - skip non existing resourceDirectory /home/diamanka/eclipse-workspace /api/src/test/resources
2025-09-07 23:23:47,558 [Worker-38: Building] INFO  o.a.m.s.f.DefaultMavenResourcesFiltering - Copying 1 resource from src/main/resources to target/classes
2025-09-07 23:23:47,563 [Worker-38: Building] INFO  o.a.m.s.f.DefaultMavenResourcesFiltering - Copying 2 resources from src/main/resources to target/classes
2025-09-07 23:23:47,564 [Worker-38: Building] INFO  o.a.m.s.f.DefaultMavenResourcesFiltering - skip non existing resourceDirectory /home/diamanka/eclipse-workspace /api/src/test/resources
2025-09-07 23:29:34,519 [Worker-36: Building] INFO  o.a.m.s.f.DefaultMavenResourcesFiltering - Copying 0 resource from src/main/resources to target/classes
2025-09-07 23:29:34,520 [Worker-36: Building] INFO  o.a.m.s.f.DefaultMavenResourcesFiltering - Copying 0 resource from src/main/resources to target/classes
2025-09-07 23:29:34,522 [Worker-36: Building] INFO  o.a.m.s.f.DefaultMavenResourcesFiltering - skip non existing resourceDirectory /home/diamanka/eclipse-workspace /api/src/test/resources
2025-09-07 23:30:15,196 [Worker-48: Building] INFO  o.a.m.s.f.DefaultMavenResourcesFiltering - Copying 1 resource from src/main/resources to target/classes
2025-09-07 23:30:15,210 [Worker-48: Building] INFO  o.a.m.s.f.DefaultMavenResourcesFiltering - Copying 2 resources from src/main/resources to target/classes
2025-09-07 23:30:15,213 [Worker-48: Building] INFO  o.a.m.s.f.DefaultMavenResourcesFiltering - skip non existing resourceDirectory /home/diamanka/eclipse-workspace /api/src/test/resources
2025-09-07 23:31:50,910 [Worker-48: Building] INFO  o.a.m.s.f.DefaultMavenResourcesFiltering - Copying 1 resource from src/main/resources to target/classes
2025-09-07 23:31:50,914 [Worker-48: Building] INFO  o.a.m.s.f.DefaultMavenResourcesFiltering - Copying 2 resources from src/main/resources to target/classes
2025-09-07 23:31:50,916 [Worker-48: Building] INFO  o.a.m.s.f.DefaultMavenResourcesFiltering - skip non existing resourceDirectory /home/diamanka/eclipse-workspace /api/src/test/resources
2025-09-07 23:35:34,602 [Worker-51: Building] INFO  o.a.m.s.f.DefaultMavenResourcesFiltering - Copying 0 resource from src/main/resources to target/classes
2025-09-07 23:35:34,603 [Worker-51: Building] INFO  o.a.m.s.f.DefaultMavenResourcesFiltering - Copying 0 resource from src/main/resources to target/classes
2025-09-07 23:35:34,606 [Worker-51: Building] INFO  o.a.m.s.f.DefaultMavenResourcesFiltering - skip non existing resourceDirectory /home/diamanka/eclipse-workspace /api/src/test/resources
2025-09-07 23:44:56,097 [Worker-6: Loading available Gradle versions] INFO  o.e.b.c.i.u.g.PublishedGradleVersions - Gradle version information cache is up-to-date. Trying to read.
2025-09-07 23:46:07,615 [Worker-30: Building] INFO  o.a.m.s.f.DefaultMavenResourcesFiltering - Copying 1 resource from src/main/resources to target/classes
2025-09-07 23:46:07,627 [Worker-30: Building] INFO  o.a.m.s.f.DefaultMavenResourcesFiltering - Copying 2 resources from src/main/resources to target/classes
2025-09-07 23:46:07,631 [Worker-30: Building] INFO  o.a.m.s.f.DefaultMavenResourcesFiltering - skip non existing resourceDirectory /home/diamanka/eclipse-workspace /api/src/test/resources
2025-09-07 23:46:21,633 [Worker-32: Launching EmployeeControllerTest] INFO  o.a.m.s.f.DefaultMavenResourcesFiltering - Copying 0 resource from src/main/resources to target/classes
2025-09-07 23:46:21,634 [Worker-32: Launching EmployeeControllerTest] INFO  o.a.m.s.f.DefaultMavenResourcesFiltering - Copying 0 resource from src/main/resources to target/classes
2025-09-07 23:46:21,639 [Worker-32: Launching EmployeeControllerTest] INFO  o.a.m.s.f.DefaultMavenResourcesFiltering - skip non existing resourceDirectory /home/diamanka/eclipse-workspace /api/src/test/resources
2025-09-07 23:46:32,136 [Worker-13: Building] INFO  o.a.m.s.f.DefaultMavenResourcesFiltering - Copying 0 resource from src/main/resources to target/classes
2025-09-07 23:46:32,136 [Worker-13: Building] INFO  o.a.m.s.f.DefaultMavenResourcesFiltering - Copying 0 resource from src/main/resources to target/classes
2025-09-07 23:46:32,138 [Worker-13: Building] INFO  o.a.m.s.f.DefaultMavenResourcesFiltering - skip non existing resourceDirectory /home/diamanka/eclipse-workspace /api/src/test/resources
2025-09-08 09:57:04,878 [Worker-22: Loading available Gradle versions] INFO  o.e.b.c.i.u.g.PublishedGradleVersions - Gradle version information cache is up-to-date. Trying to read.
2025-09-08 09:59:47,754 [Worker-8: Building] INFO  o.a.m.s.f.DefaultMavenResourcesFiltering - Copying 1 resource from src/main/resources to target/classes
2025-09-08 09:59:47,781 [Worker-8: Building] INFO  o.a.m.s.f.DefaultMavenResourcesFiltering - Copying 2 resources from src/main/resources to target/classes
2025-09-08 09:59:47,791 [Worker-8: Building] INFO  o.a.m.s.f.DefaultMavenResourcesFiltering - skip non existing resourceDirectory /home/diamanka/eclipse-workspace /api/src/test/resources
2025-09-08 10:00:39,069 [Worker-16: Building] INFO  o.e.m.c.i.l.LifecycleMappingFactory - Using org.eclipse.m2e.jdt.JarLifecycleMapping lifecycle mapping for MavenProject: com.openclassroom:api:0.0.1-SNAPSHOT @ /home/diamanka/eclipse-workspace /api/pom.xml.
2025-09-08 10:00:39,586 [Worker-16: Building] INFO  o.a.m.s.f.DefaultMavenResourcesFiltering - Copying 0 resource from src/main/resources to target/classes
2025-09-08 10:00:39,588 [Worker-16: Building] INFO  o.a.m.s.f.DefaultMavenResourcesFiltering - Copying 0 resource from src/main/resources to target/classes
2025-09-08 10:00:39,595 [Worker-16: Building] INFO  o.a.m.s.f.DefaultMavenResourcesFiltering - skip non existing resourceDirectory /home/diamanka/eclipse-workspace /api/src/test/resources
2025-09-08 10:00:40,846 [Worker-17: Building] INFO  o.a.m.s.f.DefaultMavenResourcesFiltering - Copying 1 resource from src/main/resources to target/classes
2025-09-08 10:00:40,859 [Worker-17: Building] INFO  o.a.m.s.f.DefaultMavenResourcesFiltering - Copying 2 resources from src/main/resources to target/classes
2025-09-08 10:00:40,864 [Worker-17: Building] INFO  o.a.m.s.f.DefaultMavenResourcesFiltering - skip non existing resourceDirectory /home/diamanka/eclipse-workspace /api/src/test/resources
2025-09-08 10:07:57,359 [Worker-0: Building] INFO  o.a.m.s.f.DefaultMavenResourcesFiltering - Copying 1 resource from src/main/resources to target/classes
2025-09-08 10:07:57,394 [Worker-0: Building] INFO  o.a.m.s.f.DefaultMavenResourcesFiltering - skip non existing resourceDirectory /home/diamanka/eclipse-workspace /api/src/test/resources
2025-09-08 10:12:39,876 [Worker-4: Loading available Gradle versions] INFO  o.e.b.c.i.u.g.PublishedGradleVersions - Gradle version information cache is up-to-date. Trying to read.
2025-09-08 10:14:05,621 [Worker-13: Building] INFO  o.a.m.s.f.DefaultMavenResourcesFiltering - Copying 1 resource from src/main/resources to target/classes
2025-09-08 10:14:05,640 [Worker-13: Building] INFO  o.a.m.s.f.DefaultMavenResourcesFiltering - skip non existing resourceDirectory /home/diamanka/eclipse-workspace /api/src/test/resources
2025-09-08 10:16:23,669 [Worker-18: Building] INFO  o.a.m.s.f.DefaultMavenResourcesFiltering - Copying 1 resource from src/main/resources to target/classes
2025-09-08 10:16:23,691 [Worker-18: Building] INFO  o.a.m.s.f.DefaultMavenResourcesFiltering - Copying 2 resources from src/main/resources to target/classes
2025-09-08 10:16:23,701 [Worker-18: Building] INFO  o.a.m.s.f.DefaultMavenResourcesFiltering - skip non existing resourceDirectory /home/diamanka/eclipse-workspace /api/src/test/resources
2025-09-08 10:19:54,971 [Worker-11: Building] INFO  o.a.m.s.f.DefaultMavenResourcesFiltering - Copying 1 resource from src/main/resources to target/classes
2025-09-08 10:19:54,992 [Worker-11: Building] INFO  o.a.m.s.f.DefaultMavenResourcesFiltering - skip non existing resourceDirectory /home/diamanka/eclipse-workspace /api/src/test/resources
2025-09-08 10:31:36,501 [Worker-33: Building] INFO  o.a.m.s.f.DefaultMavenResourcesFiltering - Copying 1 resource from src/main/resources to target/classes
2025-09-08 10:31:36,515 [Worker-33: Building] INFO  o.a.m.s.f.DefaultMavenResourcesFiltering - skip non existing resourceDirectory /home/diamanka/eclipse-workspace /api/src/test/resources
2025-09-08 17:56:39,674 [Worker-43: Importing Maven projects] INFO  o.e.m.c.i.l.LifecycleMappingFactory - Using org.eclipse.m2e.jdt.JarLifecycleMapping lifecycle mapping for MavenProject: com.openclassroom:webapp:0.0.1-SNAPSHOT @ /home/diamanka/eclipse-workspace /webapp/pom.xml.
2025-09-08 17:56:40,911 [Worker-43: Importing Maven projects] INFO  o.e.m.c.i.e.AbstractTransferListenerAdapter - Downloading https://repo.maven.apache.org/maven2/org/springframework/boot/spring-boot-starter-thymeleaf/3.5.5/spring-boot-starter-thymeleaf-3.5.5.pom
2025-09-08 17:56:40,933 [Worker-43: Importing Maven projects] INFO  o.e.m.c.i.e.AbstractTransferListenerAdapter - Downloaded https://repo.maven.apache.org/maven2/org/springframework/boot/spring-boot-starter-thymeleaf/3.5.5/spring-boot-starter-thymeleaf-3.5.5.pom
2025-09-08 17:56:41,207 [Worker-43: Importing Maven projects] INFO  o.e.m.c.i.e.AbstractTransferListenerAdapter - Downloading https://repo.maven.apache.org/maven2/org/thymeleaf/thymeleaf-spring6/3.1.3.RELEASE/thymeleaf-spring6-3.1.3.RELEASE.pom
2025-09-08 17:56:41,212 [Worker-43: Importing Maven projects] INFO  o.e.m.c.i.e.AbstractTransferListenerAdapter - Downloaded https://repo.maven.apache.org/maven2/org/thymeleaf/thymeleaf-spring6/3.1.3.RELEASE/thymeleaf-spring6-3.1.3.RELEASE.pom
2025-09-08 17:56:41,517 [Worker-43: Importing Maven projects] INFO  o.e.m.c.i.e.AbstractTransferListenerAdapter - Downloading https://repo.maven.apache.org/maven2/org/thymeleaf/thymeleaf-lib/3.1.3.RELEASE/thymeleaf-lib-3.1.3.RELEASE.pom
2025-09-08 17:56:41,520 [Worker-43: Importing Maven projects] INFO  o.e.m.c.i.e.AbstractTransferListenerAdapter - Downloaded https://repo.maven.apache.org/maven2/org/thymeleaf/thymeleaf-lib/3.1.3.RELEASE/thymeleaf-lib-3.1.3.RELEASE.pom
2025-09-08 17:56:41,720 [Worker-43: Importing Maven projects] INFO  o.e.m.c.i.e.AbstractTransferListenerAdapter - Downloading https://repo.maven.apache.org/maven2/org/thymeleaf/thymeleaf-parent/3.1.3.RELEASE/thymeleaf-parent-3.1.3.RELEASE.pom
2025-09-08 17:56:42,137 [Worker-43: Importing Maven projects] INFO  o.e.m.c.i.e.AbstractTransferListenerAdapter - Downloaded https://repo.maven.apache.org/maven2/org/thymeleaf/thymeleaf-parent/3.1.3.RELEASE/thymeleaf-parent-3.1.3.RELEASE.pom
2025-09-08 17:56:42,379 [Worker-43: Importing Maven projects] INFO  o.e.m.c.i.e.AbstractTransferListenerAdapter - Downloading https://repo.maven.apache.org/maven2/org/springframework/spring-framework-bom/6.2.0/spring-framework-bom-6.2.0.pom
2025-09-08 17:56:42,382 [Worker-43: Importing Maven projects] INFO  o.e.m.c.i.e.AbstractTransferListenerAdapter - Downloaded https://repo.maven.apache.org/maven2/org/springframework/spring-framework-bom/6.2.0/spring-framework-bom-6.2.0.pom
2025-09-08 17:56:42,544 [Worker-43: Importing Maven projects] INFO  o.e.m.c.i.e.AbstractTransferListenerAdapter - Downloading https://repo.maven.apache.org/maven2/com/fasterxml/jackson/jackson-bom/2.18.2/jackson-bom-2.18.2.pom
2025-09-08 17:56:42,549 [Worker-43: Importing Maven projects] INFO  o.e.m.c.i.e.AbstractTransferListenerAdapter - Downloaded https://repo.maven.apache.org/maven2/com/fasterxml/jackson/jackson-bom/2.18.2/jackson-bom-2.18.2.pom
2025-09-08 17:56:42,650 [Worker-43: Importing Maven projects] INFO  o.e.m.c.i.e.AbstractTransferListenerAdapter - Downloading https://repo.maven.apache.org/maven2/com/fasterxml/jackson/jackson-parent/2.18.1/jackson-parent-2.18.1.pom
2025-09-08 17:56:42,652 [Worker-43: Importing Maven projects] INFO  o.e.m.c.i.e.AbstractTransferListenerAdapter - Downloaded https://repo.maven.apache.org/maven2/com/fasterxml/jackson/jackson-parent/2.18.1/jackson-parent-2.18.1.pom
2025-09-08 17:56:42,746 [Worker-43: Importing Maven projects] INFO  o.e.m.c.i.e.AbstractTransferListenerAdapter - Downloading https://repo.maven.apache.org/maven2/com/fasterxml/oss-parent/61/oss-parent-61.pom
2025-09-08 17:56:42,751 [Worker-43: Importing Maven projects] INFO  o.e.m.c.i.e.AbstractTransferListenerAdapter - Downloaded https://repo.maven.apache.org/maven2/com/fasterxml/oss-parent/61/oss-parent-61.pom
2025-09-08 17:56:42,849 [Worker-43: Importing Maven projects] INFO  o.e.m.c.i.e.AbstractTransferListenerAdapter - Downloading https://repo.maven.apache.org/maven2/io/projectreactor/reactor-bom/2024.0.0/reactor-bom-2024.0.0.pom
2025-09-08 17:56:42,851 [Worker-43: Importing Maven projects] INFO  o.e.m.c.i.e.AbstractTransferListenerAdapter - Downloaded https://repo.maven.apache.org/maven2/io/projectreactor/reactor-bom/2024.0.0/reactor-bom-2024.0.0.pom
2025-09-08 17:56:43,055 [Worker-43: Importing Maven projects] INFO  o.e.m.c.i.e.AbstractTransferListenerAdapter - Downloading https://repo.maven.apache.org/maven2/org/apache/logging/log4j/log4j-bom/2.24.2/log4j-bom-2.24.2.pom
2025-09-08 17:56:43,058 [Worker-43: Importing Maven projects] INFO  o.e.m.c.i.e.AbstractTransferListenerAdapter - Downloaded https://repo.maven.apache.org/maven2/org/apache/logging/log4j/log4j-bom/2.24.2/log4j-bom-2.24.2.pom
2025-09-08 17:56:43,155 [Worker-43: Importing Maven projects] INFO  o.e.m.c.i.e.AbstractTransferListenerAdapter - Downloading https://repo.maven.apache.org/maven2/org/junit/junit-bom/5.11.3/junit-bom-5.11.3.pom
2025-09-08 17:56:43,157 [Worker-43: Importing Maven projects] INFO  o.e.m.c.i.e.AbstractTransferListenerAdapter - Downloaded https://repo.maven.apache.org/maven2/org/junit/junit-bom/5.11.3/junit-bom-5.11.3.pom
2025-09-08 17:56:43,255 [Worker-43: Importing Maven projects] INFO  o.e.m.c.i.e.AbstractTransferListenerAdapter - Downloading https://repo.maven.apache.org/maven2/org/thymeleaf/thymeleaf/3.1.3.RELEASE/thymeleaf-3.1.3.RELEASE.pom
2025-09-08 17:56:43,256 [Worker-43: Importing Maven projects] INFO  o.e.m.c.i.e.AbstractTransferListenerAdapter - Downloaded https://repo.maven.apache.org/maven2/org/thymeleaf/thymeleaf/3.1.3.RELEASE/thymeleaf-3.1.3.RELEASE.pom
2025-09-08 17:56:43,471 [Worker-43: Importing Maven projects] INFO  o.e.m.c.i.e.AbstractTransferListenerAdapter - Downloading https://repo.maven.apache.org/maven2/org/attoparser/attoparser/2.0.7.RELEASE/attoparser-2.0.7.RELEASE.pom
2025-09-08 17:56:43,473 [Worker-43: Importing Maven projects] INFO  o.e.m.c.i.e.AbstractTransferListenerAdapter - Downloaded https://repo.maven.apache.org/maven2/org/attoparser/attoparser/2.0.7.RELEASE/attoparser-2.0.7.RELEASE.pom
2025-09-08 17:56:43,665 [Worker-43: Importing Maven projects] INFO  o.e.m.c.i.e.AbstractTransferListenerAdapter - Downloading https://repo.maven.apache.org/maven2/org/unbescape/unbescape/1.1.6.RELEASE/unbescape-1.1.6.RELEASE.pom
2025-09-08 17:56:43,679 [Worker-43: Importing Maven projects] INFO  o.e.m.c.i.e.AbstractTransferListenerAdapter - Downloaded https://repo.maven.apache.org/maven2/org/unbescape/unbescape/1.1.6.RELEASE/unbescape-1.1.6.RELEASE.pom
2025-09-08 17:56:44,001 [Worker-43: Importing Maven projects] INFO  o.e.m.c.i.e.AbstractTransferListenerAdapter - Downloading https://repo.maven.apache.org/maven2/org/springframework/boot/spring-boot-starter-thymeleaf/3.5.5/spring-boot-starter-thymeleaf-3.5.5.jar
2025-09-08 17:56:44,007 [Worker-43: Importing Maven projects] INFO  o.e.m.c.i.e.AbstractTransferListenerAdapter - Downloaded https://repo.maven.apache.org/maven2/org/springframework/boot/spring-boot-starter-thymeleaf/3.5.5/spring-boot-starter-thymeleaf-3.5.5.jar
2025-09-08 17:56:44,363 [BasicRepositoryConnector-repo.maven.apache.org-0-2] INFO  o.e.m.c.i.e.AbstractTransferListenerAdapter - Downloading https://repo.maven.apache.org/maven2/org/attoparser/attoparser/2.0.7.RELEASE/attoparser-2.0.7.RELEASE.jar
2025-09-08 17:56:44,598 [BasicRepositoryConnector-repo.maven.apache.org-0-2] INFO  o.e.m.c.i.e.AbstractTransferListenerAdapter - Downloaded https://repo.maven.apache.org/maven2/org/attoparser/attoparser/2.0.7.RELEASE/attoparser-2.0.7.RELEASE.jar
2025-09-08 17:56:44,693 [BasicRepositoryConnector-repo.maven.apache.org-0-3] INFO  o.e.m.c.i.e.AbstractTransferListenerAdapter - Downloading https://repo.maven.apache.org/maven2/org/unbescape/unbescape/1.1.6.RELEASE/unbescape-1.1.6.RELEASE.jar
2025-09-08 17:56:44,693 [BasicRepositoryConnector-repo.maven.apache.org-0-0] INFO  o.e.m.c.i.e.AbstractTransferListenerAdapter - Downloading https://repo.maven.apache.org/maven2/org/thymeleaf/thymeleaf-spring6/3.1.3.RELEASE/thymeleaf-spring6-3.1.3.RELEASE.jar
2025-09-08 17:56:44,693 [BasicRepositoryConnector-repo.maven.apache.org-0-1] INFO  o.e.m.c.i.e.AbstractTransferListenerAdapter - Downloading https://repo.maven.apache.org/maven2/org/thymeleaf/thymeleaf/3.1.3.RELEASE/thymeleaf-3.1.3.RELEASE.jar
2025-09-08 17:56:46,129 [BasicRepositoryConnector-repo.maven.apache.org-0-3] INFO  o.e.m.c.i.e.AbstractTransferListenerAdapter - Downloaded https://repo.maven.apache.org/maven2/org/unbescape/unbescape/1.1.6.RELEASE/unbescape-1.1.6.RELEASE.jar
2025-09-08 17:56:46,135 [BasicRepositoryConnector-repo.maven.apache.org-0-0] INFO  o.e.m.c.i.e.AbstractTransferListenerAdapter - Downloaded https://repo.maven.apache.org/maven2/org/thymeleaf/thymeleaf-spring6/3.1.3.RELEASE/thymeleaf-spring6-3.1.3.RELEASE.jar
2025-09-08 17:56:46,508 [BasicRepositoryConnector-repo.maven.apache.org-0-1] INFO  o.e.m.c.i.e.AbstractTransferListenerAdapter - Downloaded https://repo.maven.apache.org/maven2/org/thymeleaf/thymeleaf/3.1.3.RELEASE/thymeleaf-3.1.3.RELEASE.jar
2025-09-08 17:56:46,829 [Worker-43: Importing Maven projects] INFO  o.e.m.c.i.l.LifecycleMappingFactory - Using org.eclipse.m2e.jdt.JarLifecycleMapping lifecycle mapping for MavenProject: com.openclassrom:helloworld:0.0.1-SNAPSHOT @ /home/diamanka/eclipse-workspace /helloworld/pom.xml.
2025-09-08 17:56:47,033 [Worker-43: Importing Maven projects] INFO  o.e.m.c.i.l.LifecycleMappingFactory - Using org.eclipse.m2e.jdt.JarLifecycleMapping lifecycle mapping for MavenProject: com.openclassroom:api:0.0.1-SNAPSHOT @ /home/diamanka/eclipse-workspace /api/pom.xml.
2025-09-08 17:56:47,518 [Worker-43: Importing Maven projects] INFO  o.e.m.j.i.AbstractJavaProjectConfigurator - Adding source folder /webapp/src/main/java
2025-09-08 17:56:47,520 [Worker-43: Importing Maven projects] INFO  o.e.m.j.i.AbstractJavaProjectConfigurator - Adding resource folder /webapp/src/main/resources
2025-09-08 17:56:47,522 [Worker-43: Importing Maven projects] INFO  o.e.m.j.i.AbstractJavaProjectConfigurator - Adding resource folder /webapp/src/main/resources
2025-09-08 17:56:47,524 [Worker-43: Importing Maven projects] INFO  o.e.m.j.i.AbstractJavaProjectConfigurator - Adding source folder /webapp/src/test/java
2025-09-08 17:56:47,525 [Worker-43: Importing Maven projects] INFO  o.e.m.j.i.AbstractJavaProjectConfigurator - Adding resource folder /webapp/src/test/resources
2025-09-08 17:56:47,584 [Worker-43: Importing Maven projects] INFO  o.e.m.c.i.p.ProjectConfigurationManager - Imported and configured 1 project(s) in 8 sec
2025-09-08 17:56:47,913 [Worker-43: Building] INFO  o.a.m.s.f.DefaultMavenResourcesFiltering - Copying 1 resource from src/main/resources to target/classes
2025-09-08 17:56:47,923 [Worker-43: Building] INFO  o.a.m.s.f.DefaultMavenResourcesFiltering - Copying 0 resource from src/main/resources to target/classes
2025-09-08 17:56:47,928 [Worker-43: Building] INFO  o.a.m.s.f.DefaultMavenResourcesFiltering - skip non existing resourceDirectory /home/diamanka/eclipse-workspace /webapp/src/test/resources
2025-09-08 17:56:48,614 [Worker-43: Download sources and javadoc] INFO  o.e.m.c.i.e.AbstractTransferListenerAdapter - Downloading https://repo.maven.apache.org/maven2/org/springframework/boot/spring-boot-starter-thymeleaf/3.5.5/spring-boot-starter-thymeleaf-3.5.5-sources.jar
2025-09-08 17:56:48,617 [Worker-43: Download sources and javadoc] INFO  o.e.m.c.i.e.AbstractTransferListenerAdapter - Downloaded https://repo.maven.apache.org/maven2/org/springframework/boot/spring-boot-starter-thymeleaf/3.5.5/spring-boot-starter-thymeleaf-3.5.5-sources.jar
2025-09-08 17:56:48,621 [Worker-43: Download sources and javadoc] INFO  o.e.m.j.internal.DownloadSourcesJob - Downloaded sources for org.springframework.boot:spring-boot-starter-thymeleaf:3.5.5
2025-09-08 17:56:48,792 [Worker-43: Download sources and javadoc] INFO  o.e.m.c.i.e.AbstractTransferListenerAdapter - Downloading https://repo.maven.apache.org/maven2/org/thymeleaf/thymeleaf-spring6/3.1.3.RELEASE/thymeleaf-spring6-3.1.3.RELEASE-sources.jar
2025-09-08 17:56:48,901 [Worker-43: Download sources and javadoc] INFO  o.e.m.c.i.e.AbstractTransferListenerAdapter - Downloaded https://repo.maven.apache.org/maven2/org/thymeleaf/thymeleaf-spring6/3.1.3.RELEASE/thymeleaf-spring6-3.1.3.RELEASE-sources.jar
2025-09-08 17:56:48,904 [Worker-43: Download sources and javadoc] INFO  o.e.m.j.internal.DownloadSourcesJob - Downloaded sources for org.thymeleaf:thymeleaf-spring6:3.1.3.RELEASE
2025-09-08 17:56:49,056 [Worker-43: Download sources and javadoc] INFO  o.e.m.c.i.e.AbstractTransferListenerAdapter - Downloading https://repo.maven.apache.org/maven2/org/thymeleaf/thymeleaf/3.1.3.RELEASE/thymeleaf-3.1.3.RELEASE-sources.jar
2025-09-08 17:56:49,308 [Worker-43: Download sources and javadoc] INFO  o.e.m.c.i.e.AbstractTransferListenerAdapter - Downloaded https://repo.maven.apache.org/maven2/org/thymeleaf/thymeleaf/3.1.3.RELEASE/thymeleaf-3.1.3.RELEASE-sources.jar
2025-09-08 17:56:49,310 [Worker-43: Download sources and javadoc] INFO  o.e.m.j.internal.DownloadSourcesJob - Downloaded sources for org.thymeleaf:thymeleaf:3.1.3.RELEASE
2025-09-08 17:56:49,468 [Worker-43: Download sources and javadoc] INFO  o.e.m.c.i.e.AbstractTransferListenerAdapter - Downloading https://repo.maven.apache.org/maven2/org/attoparser/attoparser/2.0.7.RELEASE/attoparser-2.0.7.RELEASE-sources.jar
2025-09-08 17:56:49,618 [Worker-43: Download sources and javadoc] INFO  o.e.m.c.i.e.AbstractTransferListenerAdapter - Downloaded https://repo.maven.apache.org/maven2/org/attoparser/attoparser/2.0.7.RELEASE/attoparser-2.0.7.RELEASE-sources.jar
2025-09-08 17:56:49,620 [Worker-43: Download sources and javadoc] INFO  o.e.m.j.internal.DownloadSourcesJob - Downloaded sources for org.attoparser:attoparser:2.0.7.RELEASE
2025-09-08 17:56:49,755 [Worker-43: Download sources and javadoc] INFO  o.e.m.c.i.e.AbstractTransferListenerAdapter - Downloading https://repo.maven.apache.org/maven2/org/unbescape/unbescape/1.1.6.RELEASE/unbescape-1.1.6.RELEASE-sources.jar
2025-09-08 17:56:49,883 [Worker-43: Download sources and javadoc] INFO  o.e.m.c.i.e.AbstractTransferListenerAdapter - Downloaded https://repo.maven.apache.org/maven2/org/unbescape/unbescape/1.1.6.RELEASE/unbescape-1.1.6.RELEASE-sources.jar
2025-09-08 17:56:49,885 [Worker-43: Download sources and javadoc] INFO  o.e.m.j.internal.DownloadSourcesJob - Downloaded sources for org.unbescape:unbescape:1.1.6.RELEASE
2025-09-08 17:57:20,544 [main] INFO  o.e.m.jdt.internal.UnitTestSupport - Updating webapp from maven configuration
2025-09-09 10:32:26,210 [Worker-1: Loading available Gradle versions] INFO  o.e.b.c.i.u.g.PublishedGradleVersions - Gradle version information cache is out-of-date. Trying to update.
2025-09-09 10:33:08,030 [Worker-16: Building] INFO  o.a.m.s.f.DefaultMavenResourcesFiltering - Copying 1 resource from src/main/resources to target/classes
2025-09-09 10:33:08,059 [Worker-16: Building] INFO  o.a.m.s.f.DefaultMavenResourcesFiltering - skip non existing resourceDirectory /home/diamanka/eclipse-workspace /api/src/test/resources
2025-09-09 10:33:09,318 [Worker-16: Building] INFO  o.a.m.s.f.DefaultMavenResourcesFiltering - Copying 1 resource from src/main/resources to target/classes
2025-09-09 10:33:09,354 [Worker-16: Building] INFO  o.a.m.s.f.DefaultMavenResourcesFiltering - Copying 0 resource from src/main/resources to target/classes
2025-09-09 10:33:09,362 [Worker-16: Building] INFO  o.a.m.s.f.DefaultMavenResourcesFiltering - skip non existing resourceDirectory /home/diamanka/eclipse-workspace /helloworld/src/test/resources
2025-09-09 10:33:10,259 [Worker-16: Building] INFO  o.a.m.s.f.DefaultMavenResourcesFiltering - Copying 1 resource from src/main/resources to target/classes
2025-09-09 10:33:10,270 [Worker-16: Building] INFO  o.a.m.s.f.DefaultMavenResourcesFiltering - Copying 0 resource from src/main/resources to target/classes
2025-09-09 10:33:10,274 [Worker-16: Building] INFO  o.a.m.s.f.DefaultMavenResourcesFiltering - skip non existing resourceDirectory /home/diamanka/eclipse-workspace /webapp/src/test/resources
2025-09-09 10:42:46,452 [Worker-34: Building] INFO  o.a.m.s.f.DefaultMavenResourcesFiltering - Copying 1 resource from src/main/resources to target/classes
2025-09-09 10:42:46,481 [Worker-34: Building] INFO  o.a.m.s.f.DefaultMavenResourcesFiltering - Copying 0 resource from src/main/resources to target/classes
2025-09-09 10:42:46,497 [Worker-34: Building] INFO  o.a.m.s.f.DefaultMavenResourcesFiltering - skip non existing resourceDirectory /home/diamanka/eclipse-workspace /webapp/src/test/resources
2025-09-09 10:45:40,297 [Worker-35: Building] INFO  o.a.m.s.f.DefaultMavenResourcesFiltering - Copying 1 resource from src/main/resources to target/classes
2025-09-09 10:45:40,308 [Worker-35: Building] INFO  o.a.m.s.f.DefaultMavenResourcesFiltering - Copying 0 resource from src/main/resources to target/classes
2025-09-09 10:45:40,315 [Worker-35: Building] INFO  o.a.m.s.f.DefaultMavenResourcesFiltering - skip non existing resourceDirectory /home/diamanka/eclipse-workspace /webapp/src/test/resources
2025-09-09 10:48:29,518 [Worker-35: Building] INFO  o.a.m.s.f.DefaultMavenResourcesFiltering - Copying 1 resource from src/main/resources to target/classes
2025-09-09 10:48:29,525 [Worker-35: Building] INFO  o.a.m.s.f.DefaultMavenResourcesFiltering - Copying 0 resource from src/main/resources to target/classes
2025-09-09 10:48:29,531 [Worker-35: Building] INFO  o.a.m.s.f.DefaultMavenResourcesFiltering - skip non existing resourceDirectory /home/diamanka/eclipse-workspace /webapp/src/test/resources
2025-09-09 10:52:38,984 [Worker-36: Building] INFO  o.a.m.s.f.DefaultMavenResourcesFiltering - Copying 1 resource from src/main/resources to target/classes
2025-09-09 10:52:38,991 [Worker-36: Building] INFO  o.a.m.s.f.DefaultMavenResourcesFiltering - Copying 0 resource from src/main/resources to target/classes
2025-09-09 10:52:38,998 [Worker-36: Building] INFO  o.a.m.s.f.DefaultMavenResourcesFiltering - skip non existing resourceDirectory /home/diamanka/eclipse-workspace /webapp/src/test/resources
2025-09-09 10:52:58,844 [Worker-34: Building] INFO  o.a.m.s.f.DefaultMavenResourcesFiltering - Copying 1 resource from src/main/resources to target/classes
2025-09-09 10:52:58,849 [Worker-34: Building] INFO  o.a.m.s.f.DefaultMavenResourcesFiltering - Copying 0 resource from src/main/resources to target/classes
2025-09-09 10:52:58,852 [Worker-34: Building] INFO  o.a.m.s.f.DefaultMavenResourcesFiltering - skip non existing resourceDirectory /home/diamanka/eclipse-workspace /webapp/src/test/resources
2025-09-09 10:56:42,948 [Worker-37: Building] INFO  o.a.m.s.f.DefaultMavenResourcesFiltering - Copying 1 resource from src/main/resources to target/classes
2025-09-09 10:56:42,954 [Worker-37: Building] INFO  o.a.m.s.f.DefaultMavenResourcesFiltering - Copying 0 resource from src/main/resources to target/classes
2025-09-09 10:56:42,959 [Worker-37: Building] INFO  o.a.m.s.f.DefaultMavenResourcesFiltering - skip non existing resourceDirectory /home/diamanka/eclipse-workspace /webapp/src/test/resources
2025-09-09 10:57:39,032 [Worker-35: Building] INFO  o.a.m.s.f.DefaultMavenResourcesFiltering - Copying 1 resource from src/main/resources to target/classes
2025-09-09 10:57:39,042 [Worker-35: Building] INFO  o.a.m.s.f.DefaultMavenResourcesFiltering - Copying 0 resource from src/main/resources to target/classes
2025-09-09 10:57:39,048 [Worker-35: Building] INFO  o.a.m.s.f.DefaultMavenResourcesFiltering - skip non existing resourceDirectory /home/diamanka/eclipse-workspace /webapp/src/test/resources
2025-09-09 11:00:37,165 [Worker-38: Building] INFO  o.a.m.s.f.DefaultMavenResourcesFiltering - Copying 1 resource from src/main/resources to target/classes
2025-09-09 11:00:37,177 [Worker-38: Building] INFO  o.a.m.s.f.DefaultMavenResourcesFiltering - Copying 0 resource from src/main/resources to target/classes
2025-09-09 11:00:37,185 [Worker-38: Building] INFO  o.a.m.s.f.DefaultMavenResourcesFiltering - skip non existing resourceDirectory /home/diamanka/eclipse-workspace /webapp/src/test/resources
2025-09-09 11:00:49,584 [Worker-40: Building] INFO  o.a.m.s.f.DefaultMavenResourcesFiltering - Copying 1 resource from src/main/resources to target/classes
2025-09-09 11:00:49,590 [Worker-40: Building] INFO  o.a.m.s.f.DefaultMavenResourcesFiltering - Copying 0 resource from src/main/resources to target/classes
2025-09-09 11:00:49,594 [Worker-40: Building] INFO  o.a.m.s.f.DefaultMavenResourcesFiltering - skip non existing resourceDirectory /home/diamanka/eclipse-workspace /webapp/src/test/resources
2025-09-09 11:02:31,350 [Worker-42: Building] INFO  o.a.m.s.f.DefaultMavenResourcesFiltering - Copying 1 resource from src/main/resources to target/classes
2025-09-09 11:02:31,355 [Worker-42: Building] INFO  o.a.m.s.f.DefaultMavenResourcesFiltering - Copying 0 resource from src/main/resources to target/classes
2025-09-09 11:02:31,358 [Worker-42: Building] INFO  o.a.m.s.f.DefaultMavenResourcesFiltering - skip non existing resourceDirectory /home/diamanka/eclipse-workspace /webapp/src/test/resources
2025-09-09 11:05:35,508 [Worker-44: Building] INFO  o.a.m.s.f.DefaultMavenResourcesFiltering - Copying 1 resource from src/main/resources to target/classes
2025-09-09 11:05:35,512 [Worker-44: Building] INFO  o.a.m.s.f.DefaultMavenResourcesFiltering - Copying 0 resource from src/main/resources to target/classes
2025-09-09 11:05:35,515 [Worker-44: Building] INFO  o.a.m.s.f.DefaultMavenResourcesFiltering - skip non existing resourceDirectory /home/diamanka/eclipse-workspace /webapp/src/test/resources
2025-09-09 11:07:43,056 [Worker-45: Building] INFO  o.a.m.s.f.DefaultMavenResourcesFiltering - Copying 1 resource from src/main/resources to target/classes
2025-09-09 11:07:43,061 [Worker-45: Building] INFO  o.a.m.s.f.DefaultMavenResourcesFiltering - Copying 0 resource from src/main/resources to target/classes
2025-09-09 11:07:43,064 [Worker-45: Building] INFO  o.a.m.s.f.DefaultMavenResourcesFiltering - skip non existing resourceDirectory /home/diamanka/eclipse-workspace /webapp/src/test/resources
2025-09-09 11:12:51,980 [Worker-47: Building] INFO  o.a.m.s.f.DefaultMavenResourcesFiltering - Copying 1 resource from src/main/resources to target/classes
2025-09-09 11:12:51,985 [Worker-47: Building] INFO  o.a.m.s.f.DefaultMavenResourcesFiltering - Copying 0 resource from src/main/resources to target/classes
2025-09-09 11:12:51,988 [Worker-47: Building] INFO  o.a.m.s.f.DefaultMavenResourcesFiltering - skip non existing resourceDirectory /home/diamanka/eclipse-workspace /webapp/src/test/resources
2025-09-09 11:15:07,762 [Worker-46: Building] INFO  o.a.m.s.f.DefaultMavenResourcesFiltering - Copying 1 resource from src/main/resources to target/classes
2025-09-09 11:15:07,766 [Worker-46: Building] INFO  o.a.m.s.f.DefaultMavenResourcesFiltering - Copying 0 resource from src/main/resources to target/classes
2025-09-09 11:15:07,769 [Worker-46: Building] INFO  o.a.m.s.f.DefaultMavenResourcesFiltering - skip non existing resourceDirectory /home/diamanka/eclipse-workspace /webapp/src/test/resources
2025-09-09 23:44:51,595 [Worker-142: Building] INFO  o.a.m.s.f.DefaultMavenResourcesFiltering - Copying 1 resource from src/main/resources to target/classes
2025-09-09 23:44:51,601 [Worker-142: Building] INFO  o.a.m.s.f.DefaultMavenResourcesFiltering - Copying 0 resource from src/main/resources to target/classes
2025-09-09 23:44:51,605 [Worker-142: Building] INFO  o.a.m.s.f.DefaultMavenResourcesFiltering - skip non existing resourceDirectory /home/diamanka/eclipse-workspace /webapp/src/test/resources
2025-09-10 10:18:08,452 [Worker-4: Loading available Gradle versions] INFO  o.e.b.c.i.u.g.PublishedGradleVersions - Gradle version information cache is up-to-date. Trying to read.
2025-09-10 10:23:21,628 [Worker-31: Building] INFO  o.a.m.s.f.DefaultMavenResourcesFiltering - Copying 1 resource from src/main/resources to target/classes
2025-09-10 10:23:21,656 [Worker-31: Building] INFO  o.a.m.s.f.DefaultMavenResourcesFiltering - Copying 2 resources from src/main/resources to target/classes
2025-09-10 10:23:21,666 [Worker-31: Building] INFO  o.a.m.s.f.DefaultMavenResourcesFiltering - skip non existing resourceDirectory /home/diamanka/eclipse-workspace /webapp/src/test/resources
2025-09-10 10:28:03,205 [Worker-35: Building] INFO  o.a.m.s.f.DefaultMavenResourcesFiltering - Copying 1 resource from src/main/resources to target/classes
2025-09-10 10:28:03,229 [Worker-35: Building] INFO  o.a.m.s.f.DefaultMavenResourcesFiltering - Copying 0 resource from src/main/resources to target/classes
2025-09-10 10:28:03,239 [Worker-35: Building] INFO  o.a.m.s.f.DefaultMavenResourcesFiltering - skip non existing resourceDirectory /home/diamanka/eclipse-workspace /webapp/src/test/resources
2025-09-10 10:30:32,809 [Worker-39: Launching WebappApplication] INFO  o.a.m.s.f.DefaultMavenResourcesFiltering - Copying 1 resource from src/main/resources to target/classes
2025-09-10 10:30:32,817 [Worker-39: Launching WebappApplication] INFO  o.a.m.s.f.DefaultMavenResourcesFiltering - Copying 2 resources from src/main/resources to target/classes
2025-09-10 10:30:32,823 [Worker-39: Launching WebappApplication] INFO  o.a.m.s.f.DefaultMavenResourcesFiltering - skip non existing resourceDirectory /home/diamanka/eclipse-workspace /webapp/src/test/resources
2025-09-10 10:31:20,441 [Worker-42: Building] INFO  o.a.m.s.f.DefaultMavenResourcesFiltering - Copying 1 resource from src/main/resources to target/classes
2025-09-10 10:31:20,447 [Worker-42: Building] INFO  o.a.m.s.f.DefaultMavenResourcesFiltering - Copying 2 resources from src/main/resources to target/classes
2025-09-10 10:31:20,453 [Worker-42: Building] INFO  o.a.m.s.f.DefaultMavenResourcesFiltering - skip non existing resourceDirectory /home/diamanka/eclipse-workspace /webapp/src/test/resources
2025-09-10 10:33:07,035 [Worker-43: Building] INFO  o.a.m.s.f.DefaultMavenResourcesFiltering - Copying 1 resource from src/main/resources to target/classes
2025-09-10 10:33:07,042 [Worker-43: Building] INFO  o.a.m.s.f.DefaultMavenResourcesFiltering - Copying 2 resources from src/main/resources to target/classes
2025-09-10 10:33:07,047 [Worker-43: Building] INFO  o.a.m.s.f.DefaultMavenResourcesFiltering - skip non existing resourceDirectory /home/diamanka/eclipse-workspace /webapp/src/test/resources
2025-09-10 10:33:10,378 [Worker-39: Building] INFO  o.a.m.s.f.DefaultMavenResourcesFiltering - Copying 1 resource from src/main/resources to target/classes
2025-09-10 10:33:10,392 [Worker-39: Building] INFO  o.a.m.s.f.DefaultMavenResourcesFiltering - Copying 2 resources from src/main/resources to target/classes
2025-09-10 10:33:10,402 [Worker-39: Building] INFO  o.a.m.s.f.DefaultMavenResourcesFiltering - skip non existing resourceDirectory /home/diamanka/eclipse-workspace /webapp/src/test/resources
2025-09-10 12:14:54,824 [Worker-57: Building] INFO  o.a.m.s.f.DefaultMavenResourcesFiltering - Copying 1 resource from src/main/resources to target/classes
2025-09-10 12:14:54,847 [Worker-57: Building] INFO  o.a.m.s.f.DefaultMavenResourcesFiltering - Copying 0 resource from src/main/resources to target/classes
2025-09-10 12:14:54,857 [Worker-57: Building] INFO  o.a.m.s.f.DefaultMavenResourcesFiltering - skip non existing resourceDirectory /home/diamanka/eclipse-workspace /webapp/src/test/resources
2025-09-10 12:20:42,741 [Worker-60: Building] INFO  o.a.m.s.f.DefaultMavenResourcesFiltering - Copying 1 resource from src/main/resources to target/classes
2025-09-10 12:20:42,750 [Worker-60: Building] INFO  o.a.m.s.f.DefaultMavenResourcesFiltering - Copying 2 resources from src/main/resources to target/classes
2025-09-10 12:20:42,757 [Worker-60: Building] INFO  o.a.m.s.f.DefaultMavenResourcesFiltering - skip non existing resourceDirectory /home/diamanka/eclipse-workspace /webapp/src/test/resources
2025-09-10 12:20:50,398 [Worker-58: Building] INFO  o.a.m.s.f.DefaultMavenResourcesFiltering - Copying 1 resource from src/main/resources to target/classes
2025-09-10 12:20:50,402 [Worker-58: Building] INFO  o.a.m.s.f.DefaultMavenResourcesFiltering - Copying 2 resources from src/main/resources to target/classes
2025-09-10 12:20:50,405 [Worker-58: Building] INFO  o.a.m.s.f.DefaultMavenResourcesFiltering - skip non existing resourceDirectory /home/diamanka/eclipse-workspace /webapp/src/test/resources
2025-09-10 12:38:12,929 [Worker-76: Building] INFO  o.a.m.s.f.DefaultMavenResourcesFiltering - Copying 1 resource from src/main/resources to target/classes
2025-09-10 12:38:12,933 [Worker-76: Building] INFO  o.a.m.s.f.DefaultMavenResourcesFiltering - Copying 0 resource from src/main/resources to target/classes
2025-09-10 12:38:12,936 [Worker-76: Building] INFO  o.a.m.s.f.DefaultMavenResourcesFiltering - skip non existing resourceDirectory /home/diamanka/eclipse-workspace /webapp/src/test/resources
2025-09-10 12:38:36,387 [Worker-78: Building] INFO  o.a.m.s.f.DefaultMavenResourcesFiltering - Copying 1 resource from src/main/resources to target/classes
2025-09-10 12:38:36,391 [Worker-78: Building] INFO  o.a.m.s.f.DefaultMavenResourcesFiltering - Copying 0 resource from src/main/resources to target/classes
2025-09-10 12:38:36,393 [Worker-78: Building] INFO  o.a.m.s.f.DefaultMavenResourcesFiltering - skip non existing resourceDirectory /home/diamanka/eclipse-workspace /webapp/src/test/resources
2025-09-10 12:43:04,332 [Worker-65: Building] INFO  o.a.m.s.f.DefaultMavenResourcesFiltering - Copying 1 resource from src/main/resources to target/classes
2025-09-10 12:43:04,335 [Worker-65: Building] INFO  o.a.m.s.f.DefaultMavenResourcesFiltering - Copying 2 resources from src/main/resources to target/classes
2025-09-10 12:43:04,337 [Worker-65: Building] INFO  o.a.m.s.f.DefaultMavenResourcesFiltering - skip non existing resourceDirectory /home/diamanka/eclipse-workspace /webapp/src/test/resources
2025-09-10 12:44:32,031 [Worker-77: Building] INFO  o.a.m.s.f.DefaultMavenResourcesFiltering - Copying 1 resource from src/main/resources to target/classes
2025-09-10 12:44:32,035 [Worker-77: Building] INFO  o.a.m.s.f.DefaultMavenResourcesFiltering - Copying 2 resources from src/main/resources to target/classes
2025-09-10 12:44:32,038 [Worker-77: Building] INFO  o.a.m.s.f.DefaultMavenResourcesFiltering - skip non existing resourceDirectory /home/diamanka/eclipse-workspace /webapp/src/test/resources
2025-09-10 12:45:03,105 [Worker-77: Building] INFO  o.a.m.s.f.DefaultMavenResourcesFiltering - Copying 1 resource from src/main/resources to target/classes
2025-09-10 12:45:03,108 [Worker-77: Building] INFO  o.a.m.s.f.DefaultMavenResourcesFiltering - Copying 2 resources from src/main/resources to target/classes
2025-09-10 12:45:03,109 [Worker-77: Building] INFO  o.a.m.s.f.DefaultMavenResourcesFiltering - skip non existing resourceDirectory /home/diamanka/eclipse-workspace /webapp/src/test/resources
2025-09-10 12:45:47,210 [Worker-78: Building] INFO  o.a.m.s.f.DefaultMavenResourcesFiltering - Copying 1 resource from src/main/resources to target/classes
2025-09-10 12:45:47,214 [Worker-78: Building] INFO  o.a.m.s.f.DefaultMavenResourcesFiltering - Copying 2 resources from src/main/resources to target/classes
2025-09-10 12:45:47,218 [Worker-78: Building] INFO  o.a.m.s.f.DefaultMavenResourcesFiltering - skip non existing resourceDirectory /home/diamanka/eclipse-workspace /webapp/src/test/resources
2025-09-10 14:35:37,355 [Worker-65: Building] INFO  o.e.m.c.i.l.LifecycleMappingFactory - Using org.eclipse.m2e.jdt.JarLifecycleMapping lifecycle mapping for MavenProject: com.openclassroom:webapp:0.0.1-SNAPSHOT @ /home/diamanka/eclipse-workspace /webapp/pom.xml.
2025-09-10 14:35:38,137 [Worker-65: Building] INFO  o.e.m.c.i.e.AbstractTransferListenerAdapter - Downloading https://repo.maven.apache.org/maven2/org/projectlombok/lombok/1.18.32/lombok-1.18.32.pom
2025-09-10 14:35:38,179 [Worker-65: Building] INFO  o.e.m.c.i.e.AbstractTransferListenerAdapter - Downloaded https://repo.maven.apache.org/maven2/org/projectlombok/lombok/1.18.32/lombok-1.18.32.pom
2025-09-10 14:35:38,437 [Worker-65: Building] INFO  o.e.m.c.i.e.AbstractTransferListenerAdapter - Downloading https://repo.maven.apache.org/maven2/org/projectlombok/lombok/1.18.32/lombok-1.18.32.jar
2025-09-10 14:35:39,372 [Worker-65: Building] INFO  o.e.m.c.i.e.AbstractTransferListenerAdapter - Downloaded https://repo.maven.apache.org/maven2/org/projectlombok/lombok/1.18.32/lombok-1.18.32.jar
2025-09-10 14:35:39,597 [Worker-65: Building] INFO  o.a.m.s.f.DefaultMavenResourcesFiltering - Copying 0 resource from src/main/resources to target/classes
2025-09-10 14:35:39,598 [Worker-65: Building] INFO  o.a.m.s.f.DefaultMavenResourcesFiltering - Copying 0 resource from src/main/resources to target/classes
2025-09-10 14:35:39,601 [Worker-65: Building] INFO  o.a.m.s.f.DefaultMavenResourcesFiltering - skip non existing resourceDirectory /home/diamanka/eclipse-workspace /webapp/src/test/resources
2025-09-10 14:35:40,695 [Worker-65: Building] INFO  o.a.m.s.f.DefaultMavenResourcesFiltering - Copying 1 resource from src/main/resources to target/classes
2025-09-10 14:35:40,707 [Worker-77: Download sources and javadoc] INFO  o.e.m.c.i.e.AbstractTransferListenerAdapter - Downloading https://repo.maven.apache.org/maven2/org/projectlombok/lombok/1.18.32/lombok-1.18.32-sources.jar
2025-09-10 14:35:40,709 [Worker-65: Building] INFO  o.a.m.s.f.DefaultMavenResourcesFiltering - Copying 2 resources from src/main/resources to target/classes
2025-09-10 14:35:40,713 [Worker-65: Building] INFO  o.a.m.s.f.DefaultMavenResourcesFiltering - skip non existing resourceDirectory /home/diamanka/eclipse-workspace /webapp/src/test/resources
2025-09-10 14:35:41,117 [Worker-77: Download sources and javadoc] INFO  o.e.m.c.i.e.AbstractTransferListenerAdapter - Downloaded https://repo.maven.apache.org/maven2/org/projectlombok/lombok/1.18.32/lombok-1.18.32-sources.jar
2025-09-10 14:35:41,120 [Worker-77: Download sources and javadoc] INFO  o.e.m.j.internal.DownloadSourcesJob - Downloaded sources for org.projectlombok:lombok:1.18.32
2025-09-10 14:36:44,402 [Worker-79: Building] INFO  o.a.m.s.f.DefaultMavenResourcesFiltering - Copying 1 resource from src/main/resources to target/classes
2025-09-10 14:36:44,405 [Worker-79: Building] INFO  o.a.m.s.f.DefaultMavenResourcesFiltering - Copying 2 resources from src/main/resources to target/classes
2025-09-10 14:36:44,406 [Worker-79: Building] INFO  o.a.m.s.f.DefaultMavenResourcesFiltering - skip non existing resourceDirectory /home/diamanka/eclipse-workspace /webapp/src/test/resources
2025-09-10 14:38:44,542 [Worker-77: Building] INFO  o.a.m.s.f.DefaultMavenResourcesFiltering - Copying 1 resource from src/main/resources to target/classes
2025-09-10 14:38:44,546 [Worker-77: Building] INFO  o.a.m.s.f.DefaultMavenResourcesFiltering - Copying 2 resources from src/main/resources to target/classes
2025-09-10 14:38:44,548 [Worker-77: Building] INFO  o.a.m.s.f.DefaultMavenResourcesFiltering - skip non existing resourceDirectory /home/diamanka/eclipse-workspace /webapp/src/test/resources
2025-09-10 14:43:40,790 [Worker-79: Building] INFO  o.a.m.s.f.DefaultMavenResourcesFiltering - Copying 1 resource from src/main/resources to target/classes
2025-09-10 14:43:40,806 [Worker-79: Building] INFO  o.a.m.s.f.DefaultMavenResourcesFiltering - Copying 2 resources from src/main/resources to target/classes
2025-09-10 14:43:40,812 [Worker-79: Building] INFO  o.a.m.s.f.DefaultMavenResourcesFiltering - skip non existing resourceDirectory /home/diamanka/eclipse-workspace /webapp/src/test/resources
2025-09-10 14:44:00,774 [ModalContext] INFO  o.a.m.s.f.DefaultMavenResourcesFiltering - Copying 1 resource from src/main/resources to target/classes
2025-09-10 14:44:00,779 [ModalContext] INFO  o.a.m.s.f.DefaultMavenResourcesFiltering - Copying 2 resources from src/main/resources to target/classes
2025-09-10 14:44:00,783 [ModalContext] INFO  o.a.m.s.f.DefaultMavenResourcesFiltering - skip non existing resourceDirectory /home/diamanka/eclipse-workspace /webapp/src/test/resources
2025-09-10 14:47:41,474 [Worker-77: Building] INFO  o.a.m.s.f.DefaultMavenResourcesFiltering - Copying 1 resource from src/main/resources to target/classes
2025-09-10 14:47:41,480 [Worker-77: Building] INFO  o.a.m.s.f.DefaultMavenResourcesFiltering - Copying 2 resources from src/main/resources to target/classes
2025-09-10 14:47:41,484 [Worker-77: Building] INFO  o.a.m.s.f.DefaultMavenResourcesFiltering - skip non existing resourceDirectory /home/diamanka/eclipse-workspace /webapp/src/test/resources
2025-09-10 14:50:51,757 [Worker-72: Building] INFO  o.a.m.s.f.DefaultMavenResourcesFiltering - Copying 1 resource from src/main/resources to target/classes
2025-09-10 14:50:51,759 [Worker-72: Building] INFO  o.a.m.s.f.DefaultMavenResourcesFiltering - Copying 2 resources from src/main/resources to target/classes
2025-09-10 14:50:51,761 [Worker-72: Building] INFO  o.a.m.s.f.DefaultMavenResourcesFiltering - skip non existing resourceDirectory /home/diamanka/eclipse-workspace /webapp/src/test/resources
2025-09-10 14:54:15,720 [Worker-76: Building] INFO  o.a.m.s.f.DefaultMavenResourcesFiltering - Copying 1 resource from src/main/resources to target/classes
2025-09-10 14:54:15,724 [Worker-76: Building] INFO  o.a.m.s.f.DefaultMavenResourcesFiltering - Copying 2 resources from src/main/resources to target/classes
2025-09-10 14:54:15,726 [Worker-76: Building] INFO  o.a.m.s.f.DefaultMavenResourcesFiltering - skip non existing resourceDirectory /home/diamanka/eclipse-workspace /webapp/src/test/resources
2025-09-10 15:02:22,072 [Worker-77: Building] INFO  o.a.m.s.f.DefaultMavenResourcesFiltering - Copying 1 resource from src/main/resources to target/classes
2025-09-10 15:02:22,076 [Worker-77: Building] INFO  o.a.m.s.f.DefaultMavenResourcesFiltering - Copying 2 resources from src/main/resources to target/classes
2025-09-10 15:02:22,078 [Worker-77: Building] INFO  o.a.m.s.f.DefaultMavenResourcesFiltering - skip non existing resourceDirectory /home/diamanka/eclipse-workspace /webapp/src/test/resources
2025-09-10 15:02:54,926 [Worker-75: Building] INFO  o.a.m.s.f.DefaultMavenResourcesFiltering - Copying 1 resource from src/main/resources to target/classes
2025-09-10 15:02:54,930 [Worker-75: Building] INFO  o.a.m.s.f.DefaultMavenResourcesFiltering - Copying 2 resources from src/main/resources to target/classes
2025-09-10 15:02:54,933 [Worker-75: Building] INFO  o.a.m.s.f.DefaultMavenResourcesFiltering - skip non existing resourceDirectory /home/diamanka/eclipse-workspace /webapp/src/test/resources
2025-09-10 15:04:06,864 [Worker-76: Building] INFO  o.a.m.s.f.DefaultMavenResourcesFiltering - Copying 1 resource from src/main/resources to target/classes
2025-09-10 15:04:06,874 [Worker-76: Building] INFO  o.a.m.s.f.DefaultMavenResourcesFiltering - skip non existing resourceDirectory /home/diamanka/eclipse-workspace /api/src/test/resources
2025-09-10 15:12:19,207 [Worker-79: Building] INFO  o.a.m.s.f.DefaultMavenResourcesFiltering - Copying 1 resource from src/main/resources to target/classes
2025-09-10 15:12:19,209 [Worker-79: Building] INFO  o.a.m.s.f.DefaultMavenResourcesFiltering - Copying 2 resources from src/main/resources to target/classes
2025-09-10 15:12:19,211 [Worker-79: Building] INFO  o.a.m.s.f.DefaultMavenResourcesFiltering - skip non existing resourceDirectory /home/diamanka/eclipse-workspace /webapp/src/test/resources
2025-09-10 15:15:56,262 [Worker-72: Building] INFO  o.a.m.s.f.DefaultMavenResourcesFiltering - Copying 1 resource from src/main/resources to target/classes
2025-09-10 15:15:56,267 [Worker-72: Building] INFO  o.a.m.s.f.DefaultMavenResourcesFiltering - Copying 2 resources from src/main/resources to target/classes
2025-09-10 15:15:56,270 [Worker-72: Building] INFO  o.a.m.s.f.DefaultMavenResourcesFiltering - skip non existing resourceDirectory /home/diamanka/eclipse-workspace /webapp/src/test/resources
2025-09-10 20:50:10,972 [Worker-75: Building] INFO  o.a.m.s.f.DefaultMavenResourcesFiltering - Copying 1 resource from src/main/resources to target/classes
2025-09-10 20:50:10,982 [Worker-75: Building] INFO  o.a.m.s.f.DefaultMavenResourcesFiltering - Copying 2 resources from src/main/resources to target/classes
2025-09-10 20:50:10,988 [Worker-75: Building] INFO  o.a.m.s.f.DefaultMavenResourcesFiltering - skip non existing resourceDirectory /home/diamanka/eclipse-workspace /webapp/src/test/resources
2025-09-10 20:50:21,325 [Worker-72: Building] INFO  o.a.m.s.f.DefaultMavenResourcesFiltering - Copying 1 resource from src/main/resources to target/classes
2025-09-10 20:50:21,330 [Worker-72: Building] INFO  o.a.m.s.f.DefaultMavenResourcesFiltering - Copying 2 resources from src/main/resources to target/classes
2025-09-10 20:50:21,333 [Worker-72: Building] INFO  o.a.m.s.f.DefaultMavenResourcesFiltering - skip non existing resourceDirectory /home/diamanka/eclipse-workspace /webapp/src/test/resources
2025-09-10 20:50:26,577 [Worker-77: Building] INFO  o.a.m.s.f.DefaultMavenResourcesFiltering - Copying 1 resource from src/main/resources to target/classes
2025-09-10 20:50:26,584 [Worker-77: Building] INFO  o.a.m.s.f.DefaultMavenResourcesFiltering - Copying 2 resources from src/main/resources to target/classes
2025-09-10 20:50:26,588 [Worker-77: Building] INFO  o.a.m.s.f.DefaultMavenResourcesFiltering - skip non existing resourceDirectory /home/diamanka/eclipse-workspace /webapp/src/test/resources
2025-09-10 20:50:32,292 [Worker-77: Building] INFO  o.a.m.s.f.DefaultMavenResourcesFiltering - Copying 1 resource from src/main/resources to target/classes
2025-09-10 20:50:32,311 [Worker-77: Building] INFO  o.a.m.s.f.DefaultMavenResourcesFiltering - Copying 2 resources from src/main/resources to target/classes
2025-09-10 20:50:32,314 [Worker-77: Building] INFO  o.a.m.s.f.DefaultMavenResourcesFiltering - skip non existing resourceDirectory /home/diamanka/eclipse-workspace /webapp/src/test/resources
2025-09-10 20:51:51,820 [Worker-76: Building] INFO  o.a.m.s.f.DefaultMavenResourcesFiltering - Copying 1 resource from src/main/resources to target/classes
2025-09-10 20:51:51,825 [Worker-76: Building] INFO  o.a.m.s.f.DefaultMavenResourcesFiltering - Copying 2 resources from src/main/resources to target/classes
2025-09-10 20:51:51,828 [Worker-76: Building] INFO  o.a.m.s.f.DefaultMavenResourcesFiltering - skip non existing resourceDirectory /home/diamanka/eclipse-workspace /webapp/src/test/resources
2025-09-10 21:00:11,691 [Worker-77: Building] INFO  o.a.m.s.f.DefaultMavenResourcesFiltering - Copying 1 resource from src/main/resources to target/classes
2025-09-10 21:00:11,696 [Worker-77: Building] INFO  o.a.m.s.f.DefaultMavenResourcesFiltering - Copying 2 resources from src/main/resources to target/classes
2025-09-10 21:00:11,699 [Worker-77: Building] INFO  o.a.m.s.f.DefaultMavenResourcesFiltering - skip non existing resourceDirectory /home/diamanka/eclipse-workspace /webapp/src/test/resources
2025-09-10 21:00:30,193 [Worker-79: Building] INFO  o.a.m.s.f.DefaultMavenResourcesFiltering - Copying 1 resource from src/main/resources to target/classes
2025-09-10 21:00:30,201 [Worker-79: Building] INFO  o.a.m.s.f.DefaultMavenResourcesFiltering - Copying 2 resources from src/main/resources to target/classes
2025-09-10 21:00:30,204 [Worker-79: Building] INFO  o.a.m.s.f.DefaultMavenResourcesFiltering - skip non existing resourceDirectory /home/diamanka/eclipse-workspace /webapp/src/test/resources
2025-09-10 21:00:53,085 [Worker-76: Building] INFO  o.a.m.s.f.DefaultMavenResourcesFiltering - Copying 1 resource from src/main/resources to target/classes
2025-09-10 21:00:53,089 [Worker-76: Building] INFO  o.a.m.s.f.DefaultMavenResourcesFiltering - Copying 2 resources from src/main/resources to target/classes
2025-09-10 21:00:53,092 [Worker-76: Building] INFO  o.a.m.s.f.DefaultMavenResourcesFiltering - skip non existing resourceDirectory /home/diamanka/eclipse-workspace /webapp/src/test/resources
2025-09-10 21:01:33,640 [Worker-76: Building] INFO  o.a.m.s.f.DefaultMavenResourcesFiltering - Copying 1 resource from src/main/resources to target/classes
2025-09-10 21:01:33,644 [Worker-76: Building] INFO  o.a.m.s.f.DefaultMavenResourcesFiltering - Copying 2 resources from src/main/resources to target/classes
2025-09-10 21:01:33,646 [Worker-76: Building] INFO  o.a.m.s.f.DefaultMavenResourcesFiltering - skip non existing resourceDirectory /home/diamanka/eclipse-workspace /webapp/src/test/resources
2025-09-10 21:01:50,752 [Worker-76: Building] INFO  o.a.m.s.f.DefaultMavenResourcesFiltering - Copying 1 resource from src/main/resources to target/classes
2025-09-10 21:01:50,757 [Worker-76: Building] INFO  o.a.m.s.f.DefaultMavenResourcesFiltering - Copying 2 resources from src/main/resources to target/classes
2025-09-10 21:01:50,760 [Worker-76: Building] INFO  o.a.m.s.f.DefaultMavenResourcesFiltering - skip non existing resourceDirectory /home/diamanka/eclipse-workspace /webapp/src/test/resources
2025-09-10 21:02:43,481 [Worker-79: Building] INFO  o.a.m.s.f.DefaultMavenResourcesFiltering - Copying 1 resource from src/main/resources to target/classes
2025-09-10 21:02:43,489 [Worker-79: Building] INFO  o.a.m.s.f.DefaultMavenResourcesFiltering - Copying 2 resources from src/main/resources to target/classes
2025-09-10 21:02:43,494 [Worker-79: Building] INFO  o.a.m.s.f.DefaultMavenResourcesFiltering - skip non existing resourceDirectory /home/diamanka/eclipse-workspace /webapp/src/test/resources
2025-09-10 21:05:45,137 [Worker-75: Building] INFO  o.a.m.s.f.DefaultMavenResourcesFiltering - Copying 1 resource from src/main/resources to target/classes
2025-09-10 21:05:45,148 [Worker-75: Building] INFO  o.a.m.s.f.DefaultMavenResourcesFiltering - Copying 2 resources from src/main/resources to target/classes
2025-09-10 21:05:45,155 [Worker-75: Building] INFO  o.a.m.s.f.DefaultMavenResourcesFiltering - skip non existing resourceDirectory /home/diamanka/eclipse-workspace /webapp/src/test/resources
2025-09-10 21:06:00,965 [Worker-76: Building] INFO  o.a.m.s.f.DefaultMavenResourcesFiltering - Copying 1 resource from src/main/resources to target/classes
2025-09-10 21:06:00,974 [Worker-76: Building] INFO  o.a.m.s.f.DefaultMavenResourcesFiltering - Copying 2 resources from src/main/resources to target/classes
2025-09-10 21:06:00,979 [Worker-76: Building] INFO  o.a.m.s.f.DefaultMavenResourcesFiltering - skip non existing resourceDirectory /home/diamanka/eclipse-workspace /webapp/src/test/resources
2025-09-10 21:13:06,105 [Worker-77: Building] INFO  o.a.m.s.f.DefaultMavenResourcesFiltering - Copying 1 resource from src/main/resources to target/classes
2025-09-10 21:13:06,109 [Worker-77: Building] INFO  o.a.m.s.f.DefaultMavenResourcesFiltering - Copying 2 resources from src/main/resources to target/classes
2025-09-10 21:13:06,111 [Worker-77: Building] INFO  o.a.m.s.f.DefaultMavenResourcesFiltering - skip non existing resourceDirectory /home/diamanka/eclipse-workspace /webapp/src/test/resources
2025-09-10 21:13:21,045 [Worker-77: Building] INFO  o.a.m.s.f.DefaultMavenResourcesFiltering - Copying 1 resource from src/main/resources to target/classes
2025-09-10 21:13:21,050 [Worker-77: Building] INFO  o.a.m.s.f.DefaultMavenResourcesFiltering - Copying 2 resources from src/main/resources to target/classes
2025-09-10 21:13:21,052 [Worker-77: Building] INFO  o.a.m.s.f.DefaultMavenResourcesFiltering - skip non existing resourceDirectory /home/diamanka/eclipse-workspace /webapp/src/test/resources
2025-09-10 21:22:42,405 [Worker-76: Building] INFO  o.a.m.s.f.DefaultMavenResourcesFiltering - Copying 1 resource from src/main/resources to target/classes
2025-09-10 21:22:42,412 [Worker-76: Building] INFO  o.a.m.s.f.DefaultMavenResourcesFiltering - Copying 2 resources from src/main/resources to target/classes
2025-09-10 21:22:42,416 [Worker-76: Building] INFO  o.a.m.s.f.DefaultMavenResourcesFiltering - skip non existing resourceDirectory /home/diamanka/eclipse-workspace /webapp/src/test/resources
2025-09-10 21:24:06,377 [Worker-76: Building] INFO  o.a.m.s.f.DefaultMavenResourcesFiltering - Copying 1 resource from src/main/resources to target/classes
2025-09-10 21:24:06,383 [Worker-76: Building] INFO  o.a.m.s.f.DefaultMavenResourcesFiltering - Copying 2 resources from src/main/resources to target/classes
2025-09-10 21:24:06,386 [Worker-76: Building] INFO  o.a.m.s.f.DefaultMavenResourcesFiltering - skip non existing resourceDirectory /home/diamanka/eclipse-workspace /webapp/src/test/resources
2025-09-10 21:24:52,797 [Worker-77: Building] INFO  o.a.m.s.f.DefaultMavenResourcesFiltering - Copying 0 resource from src/main/resources to target/classes
2025-09-10 21:24:52,798 [Worker-77: Building] INFO  o.a.m.s.f.DefaultMavenResourcesFiltering - Copying 1 resource from src/main/resources to target/classes
2025-09-10 21:24:52,802 [Worker-77: Building] INFO  o.a.m.s.f.DefaultMavenResourcesFiltering - skip non existing resourceDirectory /home/diamanka/eclipse-workspace /webapp/src/test/resources
2025-09-10 21:25:24,965 [Worker-79: Building] INFO  o.a.m.s.f.DefaultMavenResourcesFiltering - Copying 1 resource from src/main/resources to target/classes
2025-09-10 21:25:24,969 [Worker-79: Building] INFO  o.a.m.s.f.DefaultMavenResourcesFiltering - Copying 3 resources from src/main/resources to target/classes
2025-09-10 21:25:24,971 [Worker-79: Building] INFO  o.a.m.s.f.DefaultMavenResourcesFiltering - skip non existing resourceDirectory /home/diamanka/eclipse-workspace /webapp/src/test/resources
2025-09-10 21:32:41,626 [Worker-65: Building] INFO  o.a.m.s.f.DefaultMavenResourcesFiltering - Copying 1 resource from src/main/resources to target/classes
2025-09-10 21:32:41,634 [Worker-65: Building] INFO  o.a.m.s.f.DefaultMavenResourcesFiltering - Copying 3 resources from src/main/resources to target/classes
2025-09-10 21:32:41,638 [Worker-65: Building] INFO  o.a.m.s.f.DefaultMavenResourcesFiltering - skip non existing resourceDirectory /home/diamanka/eclipse-workspace /webapp/src/test/resources
2025-09-10 21:32:52,502 [Worker-65: Building] INFO  o.a.m.s.f.DefaultMavenResourcesFiltering - Copying 1 resource from src/main/resources to target/classes
2025-09-10 21:32:52,506 [Worker-65: Building] INFO  o.a.m.s.f.DefaultMavenResourcesFiltering - Copying 3 resources from src/main/resources to target/classes
2025-09-10 21:32:52,509 [Worker-65: Building] INFO  o.a.m.s.f.DefaultMavenResourcesFiltering - skip non existing resourceDirectory /home/diamanka/eclipse-workspace /webapp/src/test/resources
2025-09-10 21:33:26,656 [Worker-72: Building] INFO  o.a.m.s.f.DefaultMavenResourcesFiltering - Copying 0 resource from src/main/resources to target/classes
2025-09-10 21:33:26,656 [Worker-72: Building] INFO  o.a.m.s.f.DefaultMavenResourcesFiltering - Copying 1 resource from src/main/resources to target/classes
2025-09-10 21:33:26,659 [Worker-72: Building] INFO  o.a.m.s.f.DefaultMavenResourcesFiltering - skip non existing resourceDirectory /home/diamanka/eclipse-workspace /webapp/src/test/resources
2025-09-10 21:34:28,430 [Worker-77: Building] INFO  o.a.m.s.f.DefaultMavenResourcesFiltering - Copying 1 resource from src/main/resources to target/classes
2025-09-10 21:34:28,441 [Worker-77: Building] INFO  o.a.m.s.f.DefaultMavenResourcesFiltering - Copying 3 resources from src/main/resources to target/classes
2025-09-10 21:34:28,448 [Worker-77: Building] INFO  o.a.m.s.f.DefaultMavenResourcesFiltering - skip non existing resourceDirectory /home/diamanka/eclipse-workspace /webapp/src/test/resources
2025-09-10 21:35:14,094 [Worker-75: Building] INFO  o.a.m.s.f.DefaultMavenResourcesFiltering - Copying 1 resource from src/main/resources to target/classes
2025-09-10 21:35:14,101 [Worker-75: Building] INFO  o.a.m.s.f.DefaultMavenResourcesFiltering - Copying 3 resources from src/main/resources to target/classes
2025-09-10 21:35:14,106 [Worker-75: Building] INFO  o.a.m.s.f.DefaultMavenResourcesFiltering - skip non existing resourceDirectory /home/diamanka/eclipse-workspace /webapp/src/test/resources
2025-09-10 21:35:40,499 [Worker-72: Building] INFO  o.a.m.s.f.DefaultMavenResourcesFiltering - Copying 1 resource from src/main/resources to target/classes
2025-09-10 21:35:40,503 [Worker-72: Building] INFO  o.a.m.s.f.DefaultMavenResourcesFiltering - Copying 3 resources from src/main/resources to target/classes
2025-09-10 21:35:40,506 [Worker-72: Building] INFO  o.a.m.s.f.DefaultMavenResourcesFiltering - skip non existing resourceDirectory /home/diamanka/eclipse-workspace /webapp/src/test/resources
2025-09-10 21:37:33,624 [Worker-80: Building] INFO  o.a.m.s.f.DefaultMavenResourcesFiltering - Copying 1 resource from src/main/resources to target/classes
2025-09-10 21:37:33,630 [Worker-80: Building] INFO  o.a.m.s.f.DefaultMavenResourcesFiltering - Copying 3 resources from src/main/resources to target/classes
2025-09-10 21:37:33,632 [Worker-80: Building] INFO  o.a.m.s.f.DefaultMavenResourcesFiltering - skip non existing resourceDirectory /home/diamanka/eclipse-workspace /webapp/src/test/resources
2025-09-10 21:38:43,676 [Worker-72: Building] INFO  o.a.m.s.f.DefaultMavenResourcesFiltering - Copying 1 resource from src/main/resources to target/classes
2025-09-10 21:38:43,682 [Worker-72: Building] INFO  o.a.m.s.f.DefaultMavenResourcesFiltering - Copying 3 resources from src/main/resources to target/classes
2025-09-10 21:38:43,685 [Worker-72: Building] INFO  o.a.m.s.f.DefaultMavenResourcesFiltering - skip non existing resourceDirectory /home/diamanka/eclipse-workspace /webapp/src/test/resources
2025-09-10 21:41:17,248 [Worker-77: Building] INFO  o.a.m.s.f.DefaultMavenResourcesFiltering - Copying 1 resource from src/main/resources to target/classes
2025-09-10 21:41:17,253 [Worker-77: Building] INFO  o.a.m.s.f.DefaultMavenResourcesFiltering - Copying 3 resources from src/main/resources to target/classes
2025-09-10 21:41:17,258 [Worker-77: Building] INFO  o.a.m.s.f.DefaultMavenResourcesFiltering - skip non existing resourceDirectory /home/diamanka/eclipse-workspace /webapp/src/test/resources
2025-09-10 21:44:08,367 [Worker-75: Building] INFO  o.a.m.s.f.DefaultMavenResourcesFiltering - Copying 1 resource from src/main/resources to target/classes
2025-09-10 21:44:08,372 [Worker-75: Building] INFO  o.a.m.s.f.DefaultMavenResourcesFiltering - Copying 3 resources from src/main/resources to target/classes
2025-09-10 21:44:08,375 [Worker-75: Building] INFO  o.a.m.s.f.DefaultMavenResourcesFiltering - skip non existing resourceDirectory /home/diamanka/eclipse-workspace /webapp/src/test/resources
2025-09-10 21:44:38,544 [Worker-65: Building] INFO  o.a.m.s.f.DefaultMavenResourcesFiltering - Copying 1 resource from src/main/resources to target/classes
2025-09-10 21:44:38,549 [Worker-65: Building] INFO  o.a.m.s.f.DefaultMavenResourcesFiltering - Copying 3 resources from src/main/resources to target/classes
2025-09-10 21:44:38,552 [Worker-65: Building] INFO  o.a.m.s.f.DefaultMavenResourcesFiltering - skip non existing resourceDirectory /home/diamanka/eclipse-workspace /webapp/src/test/resources
2025-09-10 21:45:08,915 [Worker-77: Building] INFO  o.a.m.s.f.DefaultMavenResourcesFiltering - Copying 1 resource from src/main/resources to target/classes
2025-09-10 21:45:08,924 [Worker-77: Building] INFO  o.a.m.s.f.DefaultMavenResourcesFiltering - Copying 3 resources from src/main/resources to target/classes
2025-09-10 21:45:08,931 [Worker-77: Building] INFO  o.a.m.s.f.DefaultMavenResourcesFiltering - skip non existing resourceDirectory /home/diamanka/eclipse-workspace /webapp/src/test/resources
2025-09-10 21:45:18,017 [Worker-75: Building] INFO  o.a.m.s.f.DefaultMavenResourcesFiltering - Copying 1 resource from src/main/resources to target/classes
2025-09-10 21:45:18,023 [Worker-75: Building] INFO  o.a.m.s.f.DefaultMavenResourcesFiltering - Copying 3 resources from src/main/resources to target/classes
2025-09-10 21:45:18,026 [Worker-75: Building] INFO  o.a.m.s.f.DefaultMavenResourcesFiltering - skip non existing resourceDirectory /home/diamanka/eclipse-workspace /webapp/src/test/resources
2025-09-10 21:48:26,874 [ModalContext] INFO  o.a.m.s.f.DefaultMavenResourcesFiltering - Copying 0 resource from src/main/resources to target/classes
2025-09-10 21:48:26,875 [ModalContext] INFO  o.a.m.s.f.DefaultMavenResourcesFiltering - Copying 1 resource from src/main/resources to target/classes
2025-09-10 21:48:26,880 [ModalContext] INFO  o.a.m.s.f.DefaultMavenResourcesFiltering - skip non existing resourceDirectory /home/diamanka/eclipse-workspace /webapp/src/test/resources
2025-09-10 21:57:53,371 [Worker-77: Building] INFO  o.a.m.s.f.DefaultMavenResourcesFiltering - Copying 1 resource from src/main/resources to target/classes
2025-09-10 21:57:53,392 [Worker-77: Building] INFO  o.a.m.s.f.DefaultMavenResourcesFiltering - Copying 0 resource from src/main/resources to target/classes
2025-09-10 21:57:53,403 [Worker-77: Building] INFO  o.a.m.s.f.DefaultMavenResourcesFiltering - skip non existing resourceDirectory /home/diamanka/eclipse-workspace /webapp/src/test/resources
2025-09-11 10:07:02,873 [Worker-7: Loading available Gradle versions] INFO  o.e.b.c.i.u.g.PublishedGradleVersions - Gradle version information cache is out-of-date. Trying to update.
2025-09-11 12:09:17,874 [Worker-30: Building] INFO  o.a.m.s.f.DefaultMavenResourcesFiltering - Copying 1 resource from src/main/resources to target/classes
2025-09-11 12:09:17,922 [Worker-30: Building] INFO  o.a.m.s.f.DefaultMavenResourcesFiltering - Copying 2 resources from src/main/resources to target/classes
2025-09-11 12:09:17,935 [Worker-30: Building] INFO  o.a.m.s.f.DefaultMavenResourcesFiltering - skip non existing resourceDirectory /home/diamanka/eclipse-workspace /api/src/test/resources
2025-09-11 12:10:11,191 [Worker-34: Building] INFO  o.a.m.s.f.DefaultMavenResourcesFiltering - Copying 1 resource from src/main/resources to target/classes
2025-09-11 12:10:11,201 [Worker-34: Building] INFO  o.a.m.s.f.DefaultMavenResourcesFiltering - Copying 3 resources from src/main/resources to target/classes
2025-09-11 12:10:11,218 [Worker-34: Building] INFO  o.a.m.s.f.DefaultMavenResourcesFiltering - skip non existing resourceDirectory /home/diamanka/eclipse-workspace /webapp/src/test/resources
2025-09-11 20:47:21,292 [Worker-36: Building] INFO  o.a.m.s.f.DefaultMavenResourcesFiltering - Copying 0 resource from src/main/resources to target/classes
2025-09-11 20:47:21,294 [Worker-36: Building] INFO  o.a.m.s.f.DefaultMavenResourcesFiltering - Copying 1 resource from src/main/resources to target/classes
2025-09-11 20:47:21,299 [Worker-36: Building] INFO  o.a.m.s.f.DefaultMavenResourcesFiltering - skip non existing resourceDirectory /home/diamanka/eclipse-workspace /webapp/src/test/resources
2025-09-11 20:51:02,442 [Worker-34: Building] INFO  o.a.m.s.f.DefaultMavenResourcesFiltering - Copying 0 resource from src/main/resources to target/classes
2025-09-11 20:51:02,443 [Worker-34: Building] INFO  o.a.m.s.f.DefaultMavenResourcesFiltering - Copying 1 resource from src/main/resources to target/classes
2025-09-11 20:51:02,446 [Worker-34: Building] INFO  o.a.m.s.f.DefaultMavenResourcesFiltering - skip non existing resourceDirectory /home/diamanka/eclipse-workspace /webapp/src/test/resources
2025-09-11 20:55:47,483 [Worker-18: Building] INFO  o.a.m.s.f.DefaultMavenResourcesFiltering - Copying 0 resource from src/main/resources to target/classes
2025-09-11 20:55:47,484 [Worker-18: Building] INFO  o.a.m.s.f.DefaultMavenResourcesFiltering - Copying 1 resource from src/main/resources to target/classes
2025-09-11 20:55:47,490 [Worker-18: Building] INFO  o.a.m.s.f.DefaultMavenResourcesFiltering - skip non existing resourceDirectory /home/diamanka/eclipse-workspace /webapp/src/test/resources
2025-09-11 20:56:19,752 [Worker-30: Building] INFO  o.a.m.s.f.DefaultMavenResourcesFiltering - Copying 0 resource from src/main/resources to target/classes
2025-09-11 20:56:19,753 [Worker-30: Building] INFO  o.a.m.s.f.DefaultMavenResourcesFiltering - Copying 1 resource from src/main/resources to target/classes
2025-09-11 20:56:19,760 [Worker-30: Building] INFO  o.a.m.s.f.DefaultMavenResourcesFiltering - skip non existing resourceDirectory /home/diamanka/eclipse-workspace /webapp/src/test/resources
2025-09-11 21:01:49,955 [Worker-34: Building] INFO  o.a.m.s.f.DefaultMavenResourcesFiltering - Copying 1 resource from src/main/resources to target/classes
2025-09-11 21:01:49,961 [Worker-34: Building] INFO  o.a.m.s.f.DefaultMavenResourcesFiltering - Copying 4 resources from src/main/resources to target/classes
2025-09-11 21:01:49,965 [Worker-34: Building] INFO  o.a.m.s.f.DefaultMavenResourcesFiltering - skip non existing resourceDirectory /home/diamanka/eclipse-workspace /webapp/src/test/resources
2025-09-11 21:04:44,665 [Worker-18: Building] INFO  o.a.m.s.f.DefaultMavenResourcesFiltering - Copying 0 resource from src/main/resources to target/classes
2025-09-11 21:04:44,666 [Worker-18: Building] INFO  o.a.m.s.f.DefaultMavenResourcesFiltering - Copying 1 resource from src/main/resources to target/classes
2025-09-11 21:04:44,669 [Worker-18: Building] INFO  o.a.m.s.f.DefaultMavenResourcesFiltering - skip non existing resourceDirectory /home/diamanka/eclipse-workspace /webapp/src/test/resources
2025-09-11 21:05:12,598 [Worker-30: Building] INFO  o.a.m.s.f.DefaultMavenResourcesFiltering - Copying 0 resource from src/main/resources to target/classes
2025-09-11 21:05:12,599 [Worker-30: Building] INFO  o.a.m.s.f.DefaultMavenResourcesFiltering - Copying 1 resource from src/main/resources to target/classes
2025-09-11 21:05:12,601 [Worker-30: Building] INFO  o.a.m.s.f.DefaultMavenResourcesFiltering - skip non existing resourceDirectory /home/diamanka/eclipse-workspace /webapp/src/test/resources
2025-09-11 21:05:59,347 [Worker-18: Building] INFO  o.a.m.s.f.DefaultMavenResourcesFiltering - Copying 1 resource from src/main/resources to target/classes
2025-09-11 21:05:59,355 [Worker-18: Building] INFO  o.a.m.s.f.DefaultMavenResourcesFiltering - Copying 4 resources from src/main/resources to target/classes
2025-09-11 21:05:59,361 [Worker-18: Building] INFO  o.a.m.s.f.DefaultMavenResourcesFiltering - skip non existing resourceDirectory /home/diamanka/eclipse-workspace /webapp/src/test/resources
2025-09-11 21:48:50,948 [Worker-36: Building] INFO  o.a.m.s.f.DefaultMavenResourcesFiltering - Copying 1 resource from src/main/resources to target/classes
2025-09-11 21:48:50,952 [Worker-36: Building] INFO  o.a.m.s.f.DefaultMavenResourcesFiltering - Copying 4 resources from src/main/resources to target/classes
2025-09-11 21:48:50,956 [Worker-36: Building] INFO  o.a.m.s.f.DefaultMavenResourcesFiltering - skip non existing resourceDirectory /home/diamanka/eclipse-workspace /webapp/src/test/resources
2025-09-12 09:51:57,125 [Worker-4: Loading available Gradle versions] INFO  o.e.b.c.i.u.g.PublishedGradleVersions - Gradle version information cache is up-to-date. Trying to read.
2025-09-14 23:07:53,949 [Worker-5: Loading available Gradle versions] INFO  o.e.b.c.i.u.g.PublishedGradleVersions - Gradle version information cache is out-of-date. Trying to update.
2025-09-14 23:08:39,706 [Worker-13: Building] INFO  o.e.m.c.i.l.LifecycleMappingFactory - Using org.eclipse.m2e.jdt.JarLifecycleMapping lifecycle mapping for MavenProject: com.openclassroom:api:0.0.1-SNAPSHOT @ /home/diamanka/eclipse-workspace /api/pom.xml.
2025-09-14 23:08:40,849 [Worker-13: Building] INFO  o.a.m.s.f.DefaultMavenResourcesFiltering - Copying 1 resource from src/main/resources to target/classes
2025-09-14 23:08:40,879 [Worker-13: Building] INFO  o.a.m.s.f.DefaultMavenResourcesFiltering - Copying 2 resources from src/main/resources to target/classes
2025-09-14 23:08:40,886 [Worker-13: Building] INFO  o.a.m.s.f.DefaultMavenResourcesFiltering - skip non existing resourceDirectory /home/diamanka/eclipse-workspace /api/src/test/resources
2025-09-14 23:08:41,514 [Worker-13: Building] INFO  o.a.m.s.f.DefaultMavenResourcesFiltering - Copying 1 resource from src/main/resources to target/classes
2025-09-14 23:08:41,538 [Worker-13: Building] INFO  o.a.m.s.f.DefaultMavenResourcesFiltering - Copying 0 resource from src/main/resources to target/classes
2025-09-14 23:08:41,544 [Worker-13: Building] INFO  o.a.m.s.f.DefaultMavenResourcesFiltering - skip non existing resourceDirectory /home/diamanka/eclipse-workspace /helloworld/src/test/resources
2025-09-15 11:25:03,874 [Worker-13: Building] INFO  o.a.m.s.f.DefaultMavenResourcesFiltering - Copying 1 resource from src/main/resources to target/classes
2025-09-15 11:25:03,894 [Worker-13: Building] INFO  o.a.m.s.f.DefaultMavenResourcesFiltering - Copying 4 resources from src/main/resources to target/classes
2025-09-15 11:25:03,899 [Worker-13: Building] INFO  o.a.m.s.f.DefaultMavenResourcesFiltering - skip non existing resourceDirectory /home/diamanka/eclipse-workspace /webapp/src/test/resources
2025-09-15 11:33:46,485 [Worker-30: Building] INFO  o.a.m.s.f.DefaultMavenResourcesFiltering - Copying 1 resource from src/main/resources to target/classes
2025-09-15 11:33:46,494 [Worker-30: Building] INFO  o.a.m.s.f.DefaultMavenResourcesFiltering - Copying 2 resources from src/main/resources to target/classes
2025-09-15 11:33:46,500 [Worker-30: Building] INFO  o.a.m.s.f.DefaultMavenResourcesFiltering - skip non existing resourceDirectory /home/diamanka/eclipse-workspace /api/src/test/resources
2025-09-15 11:34:14,570 [Worker-30: Building] INFO  o.a.m.s.f.DefaultMavenResourcesFiltering - Copying 1 resource from src/main/resources to target/classes
2025-09-15 11:34:14,575 [Worker-30: Building] INFO  o.a.m.s.f.DefaultMavenResourcesFiltering - Copying 2 resources from src/main/resources to target/classes
2025-09-15 11:34:14,578 [Worker-30: Building] INFO  o.a.m.s.f.DefaultMavenResourcesFiltering - skip non existing resourceDirectory /home/diamanka/eclipse-workspace /api/src/test/resources
2025-09-15 11:34:31,851 [Worker-30: Building] INFO  o.a.m.s.f.DefaultMavenResourcesFiltering - Copying 1 resource from src/main/resources to target/classes
2025-09-15 11:34:31,866 [Worker-30: Building] INFO  o.a.m.s.f.DefaultMavenResourcesFiltering - Copying 2 resources from src/main/resources to target/classes
2025-09-15 11:34:31,878 [Worker-30: Building] INFO  o.a.m.s.f.DefaultMavenResourcesFiltering - skip non existing resourceDirectory /home/diamanka/eclipse-workspace /api/src/test/resources
2025-09-15 11:35:05,114 [Worker-4: Building] INFO  o.a.m.s.f.DefaultMavenResourcesFiltering - Copying 1 resource from src/main/resources to target/classes
2025-09-15 11:35:05,121 [Worker-4: Building] INFO  o.a.m.s.f.DefaultMavenResourcesFiltering - Copying 2 resources from src/main/resources to target/classes
2025-09-15 11:35:05,124 [Worker-4: Building] INFO  o.a.m.s.f.DefaultMavenResourcesFiltering - skip non existing resourceDirectory /home/diamanka/eclipse-workspace /api/src/test/resources
2025-09-15 11:35:49,366 [Worker-0: Building] INFO  o.a.m.s.f.DefaultMavenResourcesFiltering - Copying 1 resource from src/main/resources to target/classes
2025-09-15 11:35:49,374 [Worker-0: Building] INFO  o.a.m.s.f.DefaultMavenResourcesFiltering - Copying 2 resources from src/main/resources to target/classes
2025-09-15 11:35:49,379 [Worker-0: Building] INFO  o.a.m.s.f.DefaultMavenResourcesFiltering - skip non existing resourceDirectory /home/diamanka/eclipse-workspace /api/src/test/resources
2025-09-15 11:35:54,260 [Worker-1: Building] INFO  o.a.m.s.f.DefaultMavenResourcesFiltering - Copying 1 resource from src/main/resources to target/classes
2025-09-15 11:35:54,265 [Worker-1: Building] INFO  o.a.m.s.f.DefaultMavenResourcesFiltering - Copying 2 resources from src/main/resources to target/classes
2025-09-15 11:35:54,268 [Worker-1: Building] INFO  o.a.m.s.f.DefaultMavenResourcesFiltering - skip non existing resourceDirectory /home/diamanka/eclipse-workspace /api/src/test/resources
2025-09-15 11:36:05,035 [Worker-18: Building] INFO  o.a.m.s.f.DefaultMavenResourcesFiltering - Copying 1 resource from src/main/resources to target/classes
2025-09-15 11:36:05,045 [Worker-18: Building] INFO  o.a.m.s.f.DefaultMavenResourcesFiltering - Copying 2 resources from src/main/resources to target/classes
2025-09-15 11:36:05,053 [Worker-18: Building] INFO  o.a.m.s.f.DefaultMavenResourcesFiltering - skip non existing resourceDirectory /home/diamanka/eclipse-workspace /api/src/test/resources
2025-09-15 11:36:14,462 [Worker-30: Building] INFO  o.a.m.s.f.DefaultMavenResourcesFiltering - Copying 1 resource from src/main/resources to target/classes
2025-09-15 11:36:14,466 [Worker-30: Building] INFO  o.a.m.s.f.DefaultMavenResourcesFiltering - Copying 2 resources from src/main/resources to target/classes
2025-09-15 11:36:14,469 [Worker-30: Building] INFO  o.a.m.s.f.DefaultMavenResourcesFiltering - skip non existing resourceDirectory /home/diamanka/eclipse-workspace /api/src/test/resources
2025-09-15 11:36:47,120 [Worker-18: Building] INFO  o.a.m.s.f.DefaultMavenResourcesFiltering - Copying 1 resource from src/main/resources to target/classes
2025-09-15 11:36:47,125 [Worker-18: Building] INFO  o.a.m.s.f.DefaultMavenResourcesFiltering - Copying 2 resources from src/main/resources to target/classes
2025-09-15 11:36:47,129 [Worker-18: Building] INFO  o.a.m.s.f.DefaultMavenResourcesFiltering - skip non existing resourceDirectory /home/diamanka/eclipse-workspace /api/src/test/resources
2025-09-15 11:36:58,649 [Worker-30: Building] INFO  o.a.m.s.f.DefaultMavenResourcesFiltering - Copying 1 resource from src/main/resources to target/classes
2025-09-15 11:36:58,656 [Worker-30: Building] INFO  o.a.m.s.f.DefaultMavenResourcesFiltering - Copying 2 resources from src/main/resources to target/classes
2025-09-15 11:36:58,661 [Worker-30: Building] INFO  o.a.m.s.f.DefaultMavenResourcesFiltering - skip non existing resourceDirectory /home/diamanka/eclipse-workspace /api/src/test/resources
2025-09-15 11:45:45,214 [Worker-18: Building] INFO  o.a.m.s.f.DefaultMavenResourcesFiltering - Copying 1 resource from src/main/resources to target/classes
2025-09-15 11:45:45,227 [Worker-18: Building] INFO  o.a.m.s.f.DefaultMavenResourcesFiltering - Copying 2 resources from src/main/resources to target/classes
2025-09-15 11:45:45,233 [Worker-18: Building] INFO  o.a.m.s.f.DefaultMavenResourcesFiltering - skip non existing resourceDirectory /home/diamanka/eclipse-workspace /api/src/test/resources
2025-09-15 11:56:32,842 [Worker-1: Building] INFO  o.a.m.s.f.DefaultMavenResourcesFiltering - Copying 1 resource from src/main/resources to target/classes
2025-09-15 11:56:32,849 [Worker-1: Building] INFO  o.a.m.s.f.DefaultMavenResourcesFiltering - Copying 2 resources from src/main/resources to target/classes
2025-09-15 11:56:32,855 [Worker-1: Building] INFO  o.a.m.s.f.DefaultMavenResourcesFiltering - skip non existing resourceDirectory /home/diamanka/eclipse-workspace /api/src/test/resources
2025-09-15 12:03:24,678 [Worker-5: Building] INFO  o.a.m.s.f.DefaultMavenResourcesFiltering - Copying 1 resource from src/main/resources to target/classes
2025-09-15 12:03:24,683 [Worker-5: Building] INFO  o.a.m.s.f.DefaultMavenResourcesFiltering - Copying 2 resources from src/main/resources to target/classes
2025-09-15 12:03:24,685 [Worker-5: Building] INFO  o.a.m.s.f.DefaultMavenResourcesFiltering - skip non existing resourceDirectory /home/diamanka/eclipse-workspace /api/src/test/resources
2025-09-15 12:06:53,724 [Worker-32: Building] INFO  o.a.m.s.f.DefaultMavenResourcesFiltering - Copying 1 resource from src/main/resources to target/classes
2025-09-15 12:06:53,732 [Worker-32: Building] INFO  o.a.m.s.f.DefaultMavenResourcesFiltering - Copying 2 resources from src/main/resources to target/classes
2025-09-15 12:06:53,736 [Worker-32: Building] INFO  o.a.m.s.f.DefaultMavenResourcesFiltering - skip non existing resourceDirectory /home/diamanka/eclipse-workspace /api/src/test/resources
2025-09-15 12:07:24,123 [Worker-32: Building] INFO  o.a.m.s.f.DefaultMavenResourcesFiltering - Copying 1 resource from src/main/resources to target/classes
2025-09-15 12:07:24,133 [Worker-32: Building] INFO  o.a.m.s.f.DefaultMavenResourcesFiltering - Copying 4 resources from src/main/resources to target/classes
2025-09-15 12:07:24,140 [Worker-32: Building] INFO  o.a.m.s.f.DefaultMavenResourcesFiltering - skip non existing resourceDirectory /home/diamanka/eclipse-workspace /webapp/src/test/resources
2025-09-15 12:15:44,143 [Worker-32: Building] INFO  o.a.m.s.f.DefaultMavenResourcesFiltering - Copying 1 resource from src/main/resources to target/classes
2025-09-15 12:15:44,154 [Worker-32: Building] INFO  o.a.m.s.f.DefaultMavenResourcesFiltering - Copying 4 resources from src/main/resources to target/classes
2025-09-15 12:15:44,161 [Worker-32: Building] INFO  o.a.m.s.f.DefaultMavenResourcesFiltering - skip non existing resourceDirectory /home/diamanka/eclipse-workspace /webapp/src/test/resources
2025-09-15 12:16:23,912 [Worker-12: Building] INFO  o.e.m.c.i.l.LifecycleMappingFactory - Using org.eclipse.m2e.jdt.JarLifecycleMapping lifecycle mapping for MavenProject: com.openclassroom:webapp:0.0.1-SNAPSHOT @ /home/diamanka/eclipse-workspace /webapp/pom.xml.
2025-09-15 12:16:24,287 [Worker-12: Building] INFO  o.e.m.c.i.p.WorkspaceClassifierResolverManager - Resolving P/api: com.openclassroom:api:0.0.1-SNAPSHOT with classifier  to /api/target/classes
2025-09-15 12:16:24,527 [Worker-12: Building] INFO  o.a.m.s.f.DefaultMavenResourcesFiltering - Copying 0 resource from src/main/resources to target/classes
2025-09-15 12:16:24,528 [Worker-12: Building] INFO  o.a.m.s.f.DefaultMavenResourcesFiltering - Copying 0 resource from src/main/resources to target/classes
2025-09-15 12:16:24,535 [Worker-12: Building] INFO  o.a.m.s.f.DefaultMavenResourcesFiltering - skip non existing resourceDirectory /home/diamanka/eclipse-workspace /webapp/src/test/resources
2025-09-15 12:16:25,718 [Worker-4: Building] INFO  o.a.m.s.f.DefaultMavenResourcesFiltering - Copying 1 resource from src/main/resources to target/classes
2025-09-15 12:16:25,734 [Worker-4: Building] INFO  o.a.m.s.f.DefaultMavenResourcesFiltering - Copying 4 resources from src/main/resources to target/classes
2025-09-15 12:16:25,738 [Worker-4: Building] INFO  o.a.m.s.f.DefaultMavenResourcesFiltering - skip non existing resourceDirectory /home/diamanka/eclipse-workspace /webapp/src/test/resources
2025-09-15 12:16:28,541 [Worker-5: Building] INFO  o.e.m.c.i.l.LifecycleMappingFactory - Using org.eclipse.m2e.jdt.JarLifecycleMapping lifecycle mapping for MavenProject: com.openclassroom:webapp:0.0.1-SNAPSHOT @ /home/diamanka/eclipse-workspace /webapp/pom.xml.
2025-09-15 12:16:28,836 [Worker-5: Building] INFO  o.e.m.c.i.p.WorkspaceClassifierResolverManager - Resolving P/api: com.openclassroom:api:0.0.1-SNAPSHOT with classifier  to /api/target/classes
2025-09-15 12:16:29,030 [Worker-5: Building] INFO  o.a.m.s.f.DefaultMavenResourcesFiltering - Copying 0 resource from src/main/resources to target/classes
2025-09-15 12:16:29,031 [Worker-5: Building] INFO  o.a.m.s.f.DefaultMavenResourcesFiltering - Copying 0 resource from src/main/resources to target/classes
2025-09-15 12:16:29,036 [Worker-5: Building] INFO  o.a.m.s.f.DefaultMavenResourcesFiltering - skip non existing resourceDirectory /home/diamanka/eclipse-workspace /webapp/src/test/resources
2025-09-15 12:16:33,150 [Worker-3: Building] INFO  o.e.m.c.i.l.LifecycleMappingFactory - Using org.eclipse.m2e.jdt.JarLifecycleMapping lifecycle mapping for MavenProject: com.openclassroom:webapp:0.0.1-SNAPSHOT @ /home/diamanka/eclipse-workspace /webapp/pom.xml.
2025-09-15 12:16:33,416 [Worker-3: Building] INFO  o.e.m.c.i.p.WorkspaceClassifierResolverManager - Resolving P/api: com.openclassroom:api:0.0.1-SNAPSHOT with classifier  to /api/target/classes
2025-09-15 12:16:33,538 [Worker-3: Building] INFO  o.a.m.s.f.DefaultMavenResourcesFiltering - Copying 0 resource from src/main/resources to target/classes
2025-09-15 12:16:33,539 [Worker-3: Building] INFO  o.a.m.s.f.DefaultMavenResourcesFiltering - Copying 0 resource from src/main/resources to target/classes
2025-09-15 12:16:33,544 [Worker-3: Building] INFO  o.a.m.s.f.DefaultMavenResourcesFiltering - skip non existing resourceDirectory /home/diamanka/eclipse-workspace /webapp/src/test/resources
2025-09-15 12:18:13,044 [Worker-30: Building] INFO  o.a.m.s.f.DefaultMavenResourcesFiltering - Copying 1 resource from src/main/resources to target/classes
2025-09-15 12:18:13,066 [Worker-30: Building] INFO  o.a.m.s.f.DefaultMavenResourcesFiltering - Copying 4 resources from src/main/resources to target/classes
2025-09-15 12:18:13,072 [Worker-30: Building] INFO  o.a.m.s.f.DefaultMavenResourcesFiltering - skip non existing resourceDirectory /home/diamanka/eclipse-workspace /webapp/src/test/resources
2025-09-15 12:54:15,953 [Worker-5: Building] INFO  o.a.m.s.f.DefaultMavenResourcesFiltering - Copying 1 resource from src/main/resources to target/classes
2025-09-15 12:54:15,959 [Worker-5: Building] INFO  o.a.m.s.f.DefaultMavenResourcesFiltering - Copying 2 resources from src/main/resources to target/classes
2025-09-15 12:54:15,962 [Worker-5: Building] INFO  o.a.m.s.f.DefaultMavenResourcesFiltering - skip non existing resourceDirectory /home/diamanka/eclipse-workspace /api/src/test/resources
2025-09-15 12:54:28,775 [Worker-17: Building] INFO  o.a.m.s.f.DefaultMavenResourcesFiltering - Copying 1 resource from src/main/resources to target/classes
2025-09-15 12:54:28,780 [Worker-17: Building] INFO  o.a.m.s.f.DefaultMavenResourcesFiltering - Copying 2 resources from src/main/resources to target/classes
2025-09-15 12:54:28,783 [Worker-17: Building] INFO  o.a.m.s.f.DefaultMavenResourcesFiltering - skip non existing resourceDirectory /home/diamanka/eclipse-workspace /api/src/test/resources
2025-09-15 12:55:52,614 [Worker-1: Building] INFO  o.a.m.s.f.DefaultMavenResourcesFiltering - Copying 1 resource from src/main/resources to target/classes
2025-09-15 12:55:52,618 [Worker-1: Building] INFO  o.a.m.s.f.DefaultMavenResourcesFiltering - Copying 2 resources from src/main/resources to target/classes
2025-09-15 12:55:52,620 [Worker-1: Building] INFO  o.a.m.s.f.DefaultMavenResourcesFiltering - skip non existing resourceDirectory /home/diamanka/eclipse-workspace /api/src/test/resources
2025-09-15 13:00:31,025 [Worker-32: Building] INFO  o.a.m.s.f.DefaultMavenResourcesFiltering - Copying 1 resource from src/main/resources to target/classes
2025-09-15 13:00:31,028 [Worker-32: Building] INFO  o.a.m.s.f.DefaultMavenResourcesFiltering - Copying 2 resources from src/main/resources to target/classes
2025-09-15 13:00:31,030 [Worker-32: Building] INFO  o.a.m.s.f.DefaultMavenResourcesFiltering - skip non existing resourceDirectory /home/diamanka/eclipse-workspace /api/src/test/resources
2025-09-16 11:04:09,322 [Worker-7: Loading available Gradle versions] INFO  o.e.b.c.i.u.g.PublishedGradleVersions - Gradle version information cache is out-of-date. Trying to update.
2025-09-16 11:08:24,251 [ModalContext] INFO  o.e.m.c.i.p.WorkspaceClassifierResolverManager - Resolving P/api: com.openclassroom:api:0.0.1-SNAPSHOT with classifier  to /api/target/classes
2025-09-16 11:08:24,330 [ModalContext] INFO  o.e.m.c.i.p.WorkspaceClassifierResolverManager - Resolving P/api: com.openclassroom:api:0.0.1-SNAPSHOT with classifier null to /api/target/classes
2025-09-16 11:08:24,386 [ModalContext] INFO  o.e.m.c.i.p.WorkspaceClassifierResolverManager - Resolving P/api: com.openclassroom:api:0.0.1-SNAPSHOT with classifier null to /api/target/classes
2025-09-16 11:08:24,412 [ModalContext] INFO  o.e.m.c.i.p.WorkspaceClassifierResolverManager - Resolving P/api: com.openclassroom:api:0.0.1-SNAPSHOT with classifier null to /api/target/classes
2025-09-16 23:18:08,438 [Worker-19: Building] INFO  o.a.m.s.f.DefaultMavenResourcesFiltering - Copying 1 resource from src/main/resources to target/classes
2025-09-16 23:18:08,468 [Worker-19: Building] INFO  o.a.m.s.f.DefaultMavenResourcesFiltering - Copying 2 resources from src/main/resources to target/classes
2025-09-16 23:18:08,478 [Worker-19: Building] INFO  o.a.m.s.f.DefaultMavenResourcesFiltering - skip non existing resourceDirectory /home/diamanka/eclipse-workspace /api/src/test/resources
2025-09-17 11:03:46,990 [Worker-6: Loading available Gradle versions] INFO  o.e.b.c.i.u.g.PublishedGradleVersions - Gradle version information cache is up-to-date. Trying to read.
2025-09-17 17:24:41,320 [Worker-17: Building] INFO  o.a.m.s.f.DefaultMavenResourcesFiltering - Copying 1 resource from src/main/resources to target/classes
2025-09-17 17:24:41,351 [Worker-17: Building] INFO  o.a.m.s.f.DefaultMavenResourcesFiltering - Copying 2 resources from src/main/resources to target/classes
2025-09-17 17:24:41,359 [Worker-17: Building] INFO  o.a.m.s.f.DefaultMavenResourcesFiltering - skip non existing resourceDirectory /home/diamanka/eclipse-workspace /api/src/test/resources
2025-09-17 17:29:16,483 [Worker-17: Building] INFO  o.a.m.s.f.DefaultMavenResourcesFiltering - Copying 0 resource from src/main/resources to target/classes
2025-09-17 17:29:16,484 [Worker-17: Building] INFO  o.a.m.s.f.DefaultMavenResourcesFiltering - Copying 1 resource from src/main/resources to target/classes
2025-09-17 17:29:16,486 [Worker-17: Building] INFO  o.a.m.s.f.DefaultMavenResourcesFiltering - skip non existing resourceDirectory /home/diamanka/eclipse-workspace /api/src/test/resources
2025-09-17 17:29:55,594 [Worker-27: Building] INFO  o.a.m.s.f.DefaultMavenResourcesFiltering - Copying 0 resource from src/main/resources to target/classes
2025-09-17 17:29:55,595 [Worker-27: Building] INFO  o.a.m.s.f.DefaultMavenResourcesFiltering - Copying 1 resource from src/main/resources to target/classes
2025-09-17 17:29:55,598 [Worker-27: Building] INFO  o.a.m.s.f.DefaultMavenResourcesFiltering - skip non existing resourceDirectory /home/diamanka/eclipse-workspace /api/src/test/resources
2025-09-17 23:43:59,138 [Worker-18: Building] INFO  o.a.m.s.f.DefaultMavenResourcesFiltering - Copying 1 resource from src/main/resources to target/classes
2025-09-17 23:43:59,169 [Worker-18: Building] INFO  o.a.m.s.f.DefaultMavenResourcesFiltering - Copying 2 resources from src/main/resources to target/classes
2025-09-17 23:43:59,175 [Worker-18: Building] INFO  o.a.m.s.f.DefaultMavenResourcesFiltering - skip non existing resourceDirectory /home/diamanka/eclipse-workspace /api/src/test/resources
2025-09-18 00:24:42,924 [Worker-2: Loading available Gradle versions] INFO  o.e.b.c.i.u.g.PublishedGradleVersions - Gradle version information cache is out-of-date. Trying to update.
2025-09-18 00:24:55,668 [Worker-4: Launching ApiApplication] INFO  o.a.m.s.f.DefaultMavenResourcesFiltering - Copying 1 resource from src/main/resources to target/classes
2025-09-18 00:24:55,703 [Worker-4: Launching ApiApplication] INFO  o.a.m.s.f.DefaultMavenResourcesFiltering - Copying 2 resources from src/main/resources to target/classes
2025-09-18 00:24:55,721 [Worker-4: Launching ApiApplication] INFO  o.a.m.s.f.DefaultMavenResourcesFiltering - skip non existing resourceDirectory /home/diamanka/eclipse-workspace /api/src/test/resources
2025-09-18 00:24:58,765 [Worker-20: Building] INFO  o.e.m.c.i.p.WorkspaceClassifierResolverManager - Resolving P/api: com.openclassroom:api:0.0.1-SNAPSHOT with classifier  to /api/target/classes
2025-09-18 00:24:59,019 [Worker-20: Building] INFO  o.a.m.s.f.DefaultMavenResourcesFiltering - Copying 1 resource from src/main/resources to target/classes
2025-09-18 00:24:59,044 [Worker-20: Building] INFO  o.a.m.s.f.DefaultMavenResourcesFiltering - Copying 4 resources from src/main/resources to target/classes
2025-09-18 00:24:59,061 [Worker-20: Building] INFO  o.a.m.s.f.DefaultMavenResourcesFiltering - skip non existing resourceDirectory /home/diamanka/eclipse-workspace /webapp/src/test/resources
2025-09-18 00:31:39,206 [Worker-6: Loading available Gradle versions] INFO  o.e.b.c.i.u.g.PublishedGradleVersions - Gradle version information cache is up-to-date. Trying to read.
2025-09-18 00:37:13,047 [Worker-19: Building] INFO  o.a.m.s.f.DefaultMavenResourcesFiltering - Copying 1 resource from src/main/resources to target/classes
2025-09-18 00:37:13,066 [Worker-19: Building] INFO  o.a.m.s.f.DefaultMavenResourcesFiltering - Copying 2 resources from src/main/resources to target/classes
2025-09-18 00:37:13,071 [Worker-19: Building] INFO  o.a.m.s.f.DefaultMavenResourcesFiltering - skip non existing resourceDirectory /home/diamanka/eclipse-workspace /api/src/test/resources
2025-09-18 00:40:10,625 [Worker-15: Building] INFO  o.a.m.s.f.DefaultMavenResourcesFiltering - Copying 1 resource from src/main/resources to target/classes
2025-09-18 00:40:10,630 [Worker-15: Building] INFO  o.a.m.s.f.DefaultMavenResourcesFiltering - Copying 2 resources from src/main/resources to target/classes
2025-09-18 00:40:10,634 [Worker-15: Building] INFO  o.a.m.s.f.DefaultMavenResourcesFiltering - skip non existing resourceDirectory /home/diamanka/eclipse-workspace /api/src/test/resources
2025-09-18 00:40:22,621 [Worker-10: Building] INFO  o.a.m.s.f.DefaultMavenResourcesFiltering - Copying 1 resource from src/main/resources to target/classes
2025-09-18 00:40:22,627 [Worker-10: Building] INFO  o.a.m.s.f.DefaultMavenResourcesFiltering - Copying 2 resources from src/main/resources to target/classes
2025-09-18 00:40:22,630 [Worker-10: Building] INFO  o.a.m.s.f.DefaultMavenResourcesFiltering - skip non existing resourceDirectory /home/diamanka/eclipse-workspace /api/src/test/resources
2025-09-19 22:04:52,180 [Worker-2: Loading available Gradle versions] INFO  o.e.b.c.i.u.g.PublishedGradleVersions - Gradle version information cache is out-of-date. Trying to update.
2025-09-19 22:04:52,479 [Worker-2: Loading available Gradle versions] INFO  o.e.b.c.i.u.g.PublishedGradleVersions - Updating Gradle version information cache failed. Using outdated cache.
2025-09-19 22:05:51,053 [Worker-9: Building] INFO  o.a.m.s.f.DefaultMavenResourcesFiltering - Copying 1 resource from src/main/resources to target/classes
2025-09-19 22:05:51,098 [Worker-9: Building] INFO  o.a.m.s.f.DefaultMavenResourcesFiltering - Copying 2 resources from src/main/resources to target/classes
2025-09-19 22:05:51,114 [Worker-9: Building] INFO  o.a.m.s.f.DefaultMavenResourcesFiltering - skip non existing resourceDirectory /home/diamanka/eclipse-workspace /api/src/test/resources
2025-09-19 22:06:18,522 [Worker-15: Building] INFO  o.a.m.s.f.DefaultMavenResourcesFiltering - Copying 1 resource from src/main/resources to target/classes
2025-09-19 22:06:18,533 [Worker-15: Building] INFO  o.a.m.s.f.DefaultMavenResourcesFiltering - Copying 2 resources from src/main/resources to target/classes
2025-09-19 22:06:18,540 [Worker-15: Building] INFO  o.a.m.s.f.DefaultMavenResourcesFiltering - skip non existing resourceDirectory /home/diamanka/eclipse-workspace /api/src/test/resources
2025-09-19 22:14:27,998 [Worker-1: Building] INFO  o.a.m.s.f.DefaultMavenResourcesFiltering - Copying 1 resource from src/main/resources to target/classes
2025-09-19 22:14:28,007 [Worker-1: Building] INFO  o.a.m.s.f.DefaultMavenResourcesFiltering - Copying 2 resources from src/main/resources to target/classes
2025-09-19 22:14:28,013 [Worker-1: Building] INFO  o.a.m.s.f.DefaultMavenResourcesFiltering - skip non existing resourceDirectory /home/diamanka/eclipse-workspace /api/src/test/resources
2025-09-19 22:19:01,278 [Worker-21: Building] INFO  o.a.m.s.f.DefaultMavenResourcesFiltering - Copying 1 resource from src/main/resources to target/classes
2025-09-19 22:19:01,283 [Worker-21: Building] INFO  o.a.m.s.f.DefaultMavenResourcesFiltering - Copying 2 resources from src/main/resources to target/classes
2025-09-19 22:19:01,287 [Worker-21: Building] INFO  o.a.m.s.f.DefaultMavenResourcesFiltering - skip non existing resourceDirectory /home/diamanka/eclipse-workspace /api/src/test/resources
2025-09-19 22:19:29,023 [Worker-2: Building] INFO  o.a.m.s.f.DefaultMavenResourcesFiltering - Copying 1 resource from src/main/resources to target/classes
2025-09-19 22:19:29,028 [Worker-2: Building] INFO  o.a.m.s.f.DefaultMavenResourcesFiltering - Copying 2 resources from src/main/resources to target/classes
2025-09-19 22:19:29,032 [Worker-2: Building] INFO  o.a.m.s.f.DefaultMavenResourcesFiltering - skip non existing resourceDirectory /home/diamanka/eclipse-workspace /api/src/test/resources
2025-09-19 22:25:59,840 [Worker-20: Building] INFO  o.a.m.s.f.DefaultMavenResourcesFiltering - Copying 1 resource from src/main/resources to target/classes
2025-09-19 22:25:59,866 [Worker-20: Building] INFO  o.a.m.s.f.DefaultMavenResourcesFiltering - Copying 0 resource from src/main/resources to target/classes
2025-09-19 22:25:59,880 [Worker-20: Building] INFO  o.a.m.s.f.DefaultMavenResourcesFiltering - skip non existing resourceDirectory /home/diamanka/eclipse-workspace /api/src/test/resources
2025-09-19 22:28:48,617 [Worker-18: Building] INFO  o.a.m.s.f.DefaultMavenResourcesFiltering - Copying 1 resource from src/main/resources to target/classes
2025-09-19 22:28:48,624 [Worker-18: Building] INFO  o.a.m.s.f.DefaultMavenResourcesFiltering - Copying 2 resources from src/main/resources to target/classes
2025-09-19 22:28:48,627 [Worker-18: Building] INFO  o.a.m.s.f.DefaultMavenResourcesFiltering - skip non existing resourceDirectory /home/diamanka/eclipse-workspace /api/src/test/resources
2025-09-19 22:31:41,387 [Worker-30: Building] INFO  o.a.m.s.f.DefaultMavenResourcesFiltering - Copying 1 resource from src/main/resources to target/classes
2025-09-19 22:31:41,393 [Worker-30: Building] INFO  o.a.m.s.f.DefaultMavenResourcesFiltering - Copying 0 resource from src/main/resources to target/classes
2025-09-19 22:31:41,397 [Worker-30: Building] INFO  o.a.m.s.f.DefaultMavenResourcesFiltering - skip non existing resourceDirectory /home/diamanka/eclipse-workspace /api/src/test/resources
2025-09-19 22:32:37,018 [Worker-11: Building] INFO  o.a.m.s.f.DefaultMavenResourcesFiltering - Copying 1 resource from src/main/resources to target/classes
2025-09-19 22:32:37,022 [Worker-11: Building] INFO  o.a.m.s.f.DefaultMavenResourcesFiltering - Copying 0 resource from src/main/resources to target/classes
2025-09-19 22:32:37,025 [Worker-11: Building] INFO  o.a.m.s.f.DefaultMavenResourcesFiltering - skip non existing resourceDirectory /home/diamanka/eclipse-workspace /api/src/test/resources
2025-09-19 22:34:49,878 [Worker-17: Building] INFO  o.a.m.s.f.DefaultMavenResourcesFiltering - Copying 0 resource from src/main/resources to target/classes
2025-09-19 22:34:49,878 [Worker-17: Building] INFO  o.a.m.s.f.DefaultMavenResourcesFiltering - Copying 1 resource from src/main/resources to target/classes
2025-09-19 22:34:49,882 [Worker-17: Building] INFO  o.a.m.s.f.DefaultMavenResourcesFiltering - skip non existing resourceDirectory /home/diamanka/eclipse-workspace /api/src/test/resources
2025-09-19 22:38:34,873 [Worker-15: Building] INFO  o.a.m.s.f.DefaultMavenResourcesFiltering - Copying 1 resource from src/main/resources to target/classes
2025-09-19 22:38:34,880 [Worker-15: Building] INFO  o.a.m.s.f.DefaultMavenResourcesFiltering - Copying 0 resource from src/main/resources to target/classes
2025-09-19 22:38:34,885 [Worker-15: Building] INFO  o.a.m.s.f.DefaultMavenResourcesFiltering - skip non existing resourceDirectory /home/diamanka/eclipse-workspace /api/src/test/resources
2025-09-19 22:39:00,779 [Worker-15: Building] INFO  o.a.m.s.f.DefaultMavenResourcesFiltering - Copying 1 resource from src/main/resources to target/classes
2025-09-19 22:39:00,791 [Worker-15: Building] INFO  o.a.m.s.f.DefaultMavenResourcesFiltering - Copying 0 resource from src/main/resources to target/classes
2025-09-19 22:39:00,801 [Worker-15: Building] INFO  o.a.m.s.f.DefaultMavenResourcesFiltering - skip non existing resourceDirectory /home/diamanka/eclipse-workspace /api/src/test/resources
2025-09-19 23:08:17,884 [Worker-33: Building] INFO  o.a.m.s.f.DefaultMavenResourcesFiltering - Copying 1 resource from src/main/resources to target/classes
2025-09-19 23:08:17,891 [Worker-33: Building] INFO  o.a.m.s.f.DefaultMavenResourcesFiltering - Copying 2 resources from src/main/resources to target/classes
2025-09-19 23:08:17,896 [Worker-33: Building] INFO  o.a.m.s.f.DefaultMavenResourcesFiltering - skip non existing resourceDirectory /home/diamanka/eclipse-workspace /api/src/test/resources
2025-09-19 23:10:36,968 [Worker-33: Building] INFO  o.a.m.s.f.DefaultMavenResourcesFiltering - Copying 1 resource from src/main/resources to target/classes
2025-09-19 23:10:36,973 [Worker-33: Building] INFO  o.a.m.s.f.DefaultMavenResourcesFiltering - Copying 2 resources from src/main/resources to target/classes
2025-09-19 23:10:36,976 [Worker-33: Building] INFO  o.a.m.s.f.DefaultMavenResourcesFiltering - skip non existing resourceDirectory /home/diamanka/eclipse-workspace /api/src/test/resources
2025-09-19 23:10:52,095 [Worker-34: Building] INFO  o.a.m.s.f.DefaultMavenResourcesFiltering - Copying 1 resource from src/main/resources to target/classes
2025-09-19 23:10:52,099 [Worker-34: Building] INFO  o.a.m.s.f.DefaultMavenResourcesFiltering - Copying 2 resources from src/main/resources to target/classes
2025-09-19 23:10:52,101 [Worker-34: Building] INFO  o.a.m.s.f.DefaultMavenResourcesFiltering - skip non existing resourceDirectory /home/diamanka/eclipse-workspace /api/src/test/resources
2025-09-19 23:13:28,184 [Worker-33: Building] INFO  o.a.m.s.f.DefaultMavenResourcesFiltering - Copying 1 resource from src/main/resources to target/classes
2025-09-19 23:13:28,189 [Worker-33: Building] INFO  o.a.m.s.f.DefaultMavenResourcesFiltering - Copying 2 resources from src/main/resources to target/classes
2025-09-19 23:13:28,192 [Worker-33: Building] INFO  o.a.m.s.f.DefaultMavenResourcesFiltering - skip non existing resourceDirectory /home/diamanka/eclipse-workspace /api/src/test/resources
2025-09-19 23:38:00,071 [Worker-34: Building] INFO  o.a.m.s.f.DefaultMavenResourcesFiltering - Copying 1 resource from src/main/resources to target/classes
2025-09-19 23:38:00,104 [Worker-34: Building] INFO  o.a.m.s.f.DefaultMavenResourcesFiltering - Copying 0 resource from src/main/resources to target/classes
2025-09-19 23:38:00,114 [Worker-34: Building] INFO  o.a.m.s.f.DefaultMavenResourcesFiltering - skip non existing resourceDirectory /home/diamanka/eclipse-workspace /api/src/test/resources
2025-09-19 23:38:44,768 [Worker-2: Building] INFO  o.e.m.c.i.l.LifecycleMappingFactory - Using org.eclipse.m2e.jdt.JarLifecycleMapping lifecycle mapping for MavenProject: com.openclassroom:api:0.0.1-SNAPSHOT @ /home/diamanka/eclipse-workspace /api/pom.xml.
2025-09-19 23:38:45,992 [Worker-2: Building] INFO  o.e.m.c.i.e.AbstractTransferListenerAdapter - Downloading https://repo.maven.apache.org/maven2/org/postgresql/postgresql/42.7.7/postgresql-42.7.7.pom
2025-09-19 23:38:46,022 [Worker-2: Building] INFO  o.e.m.c.i.e.AbstractTransferListenerAdapter - Downloaded https://repo.maven.apache.org/maven2/org/postgresql/postgresql/42.7.7/postgresql-42.7.7.pom
2025-09-19 23:38:46,279 [Worker-2: Building] INFO  o.e.m.c.i.e.AbstractTransferListenerAdapter - Downloading https://repo.maven.apache.org/maven2/org/checkerframework/checker-qual/3.49.3/checker-qual-3.49.3.pom
2025-09-19 23:38:46,283 [Worker-2: Building] INFO  o.e.m.c.i.e.AbstractTransferListenerAdapter - Downloaded https://repo.maven.apache.org/maven2/org/checkerframework/checker-qual/3.49.3/checker-qual-3.49.3.pom
2025-09-19 23:38:46,586 [Worker-2: Building] INFO  o.e.m.c.i.e.AbstractTransferListenerAdapter - Downloading https://repo.maven.apache.org/maven2/org/postgresql/postgresql/42.7.7/postgresql-42.7.7.jar
2025-09-19 23:38:47,165 [Worker-2: Building] INFO  o.e.m.c.i.e.AbstractTransferListenerAdapter - Downloaded https://repo.maven.apache.org/maven2/org/postgresql/postgresql/42.7.7/postgresql-42.7.7.jar
2025-09-19 23:38:47,227 [BasicRepositoryConnector-repo.maven.apache.org-0-0] INFO  o.e.m.c.i.e.AbstractTransferListenerAdapter - Downloading https://repo.maven.apache.org/maven2/org/checkerframework/checker-qual/3.49.3/checker-qual-3.49.3.jar
2025-09-19 23:38:47,268 [BasicRepositoryConnector-repo.maven.apache.org-0-0] INFO  o.e.m.c.i.e.AbstractTransferListenerAdapter - Downloaded https://repo.maven.apache.org/maven2/org/checkerframework/checker-qual/3.49.3/checker-qual-3.49.3.jar
2025-09-19 23:38:47,680 [Worker-2: Building] INFO  o.e.m.c.i.p.WorkspaceClassifierResolverManager - Resolving P/api: com.openclassroom:api:0.0.1-SNAPSHOT with classifier  to /api/target/classes
2025-09-19 23:38:47,703 [Worker-2: Building] INFO  o.e.m.c.i.l.LifecycleMappingFactory - Using org.eclipse.m2e.jdt.JarLifecycleMapping lifecycle mapping for MavenProject: com.openclassroom:webapp:0.0.1-SNAPSHOT @ /home/diamanka/eclipse-workspace /webapp/pom.xml.
2025-09-19 23:38:47,713 [Worker-2: Building] INFO  o.e.m.c.i.p.WorkspaceClassifierResolverManager - Resolving P/api: com.openclassroom:api:0.0.1-SNAPSHOT with classifier  to /api/target/classes
2025-09-19 23:38:48,128 [Worker-2: Building] INFO  o.a.m.s.f.DefaultMavenResourcesFiltering - Copying 0 resource from src/main/resources to target/classes
2025-09-19 23:38:48,129 [Worker-2: Building] INFO  o.a.m.s.f.DefaultMavenResourcesFiltering - Copying 0 resource from src/main/resources to target/classes
2025-09-19 23:38:48,133 [Worker-2: Building] INFO  o.a.m.s.f.DefaultMavenResourcesFiltering - skip non existing resourceDirectory /home/diamanka/eclipse-workspace /api/src/test/resources
2025-09-19 23:38:48,582 [Worker-32: Building] INFO  o.a.m.s.f.DefaultMavenResourcesFiltering - Copying 1 resource from src/main/resources to target/classes
2025-09-19 23:38:48,604 [Worker-32: Building] INFO  o.a.m.s.f.DefaultMavenResourcesFiltering - Copying 2 resources from src/main/resources to target/classes
2025-09-19 23:38:48,610 [Worker-32: Building] INFO  o.a.m.s.f.DefaultMavenResourcesFiltering - skip non existing resourceDirectory /home/diamanka/eclipse-workspace /api/src/test/resources
2025-09-19 23:38:48,736 [Worker-32: Building] INFO  o.a.m.s.f.DefaultMavenResourcesFiltering - Copying 1 resource from src/main/resources to target/classes
2025-09-19 23:38:48,761 [Worker-32: Building] INFO  o.a.m.s.f.DefaultMavenResourcesFiltering - Copying 4 resources from src/main/resources to target/classes
2025-09-19 23:38:48,768 [Worker-32: Building] INFO  o.a.m.s.f.DefaultMavenResourcesFiltering - skip non existing resourceDirectory /home/diamanka/eclipse-workspace /webapp/src/test/resources
2025-09-19 23:38:49,142 [Worker-33: Download sources and javadoc] INFO  o.e.m.c.i.e.AbstractTransferListenerAdapter - Downloading https://repo.maven.apache.org/maven2/org/postgresql/postgresql/42.7.7/postgresql-42.7.7-sources.jar
2025-09-19 23:38:49,532 [Worker-33: Download sources and javadoc] INFO  o.e.m.c.i.e.AbstractTransferListenerAdapter - Downloaded https://repo.maven.apache.org/maven2/org/postgresql/postgresql/42.7.7/postgresql-42.7.7-sources.jar
2025-09-19 23:38:49,534 [Worker-33: Download sources and javadoc] INFO  o.e.m.j.internal.DownloadSourcesJob - Downloaded sources for org.postgresql:postgresql:42.7.7
2025-09-19 23:38:49,666 [Worker-33: Download sources and javadoc] INFO  o.e.m.c.i.e.AbstractTransferListenerAdapter - Downloading https://repo.maven.apache.org/maven2/org/checkerframework/checker-qual/3.49.3/checker-qual-3.49.3-sources.jar
2025-09-19 23:38:49,788 [Worker-33: Download sources and javadoc] INFO  o.e.m.c.i.e.AbstractTransferListenerAdapter - Downloaded https://repo.maven.apache.org/maven2/org/checkerframework/checker-qual/3.49.3/checker-qual-3.49.3-sources.jar
2025-09-19 23:38:49,790 [Worker-33: Download sources and javadoc] INFO  o.e.m.j.internal.DownloadSourcesJob - Downloaded sources for org.checkerframework:checker-qual:3.49.3
2025-09-19 23:38:49,793 [Worker-33: Download sources and javadoc] INFO  o.e.m.j.internal.DownloadSourcesJob - Downloaded sources for org.postgresql:postgresql:42.7.7
2025-09-19 23:38:49,795 [Worker-33: Download sources and javadoc] INFO  o.e.m.j.internal.DownloadSourcesJob - Downloaded sources for org.checkerframework:checker-qual:3.49.3
2025-09-19 23:38:56,581 [main] INFO  o.e.m2e.actions.ExecutePomAction - Creating new launch configuration
2025-09-19 23:39:00,875 [Worker-32: Launching api (1)] INFO  o.eclipse.m2e.core.internal.Bundles - getClasspathEntries(Bundle=org.eclipse.m2e.maven.runtime_3.9.900.20240824-1409 [297])
2025-09-19 23:39:00,877 [Worker-32: Launching api (1)] INFO  o.eclipse.m2e.core.internal.Bundles - 	Entry: /home/diamanka/.p2/pool/plugins/org.eclipse.m2e.maven.runtime_3.9.900.20240824-1409
2025-09-19 23:39:00,878 [Worker-32: Launching api (1)] INFO  o.eclipse.m2e.core.internal.Bundles - 	Entry: /home/diamanka/.p2/pool/plugins/org.eclipse.m2e.maven.runtime_3.9.900.20240824-1409/jars/aopalliance-1.0.jar
2025-09-19 23:39:00,878 [Worker-32: Launching api (1)] INFO  o.eclipse.m2e.core.internal.Bundles - 	Entry: /home/diamanka/.p2/pool/plugins/org.eclipse.m2e.maven.runtime_3.9.900.20240824-1409/jars/guice-5.1.0.jar
2025-09-19 23:39:00,878 [Worker-32: Launching api (1)] INFO  o.eclipse.m2e.core.internal.Bundles - 	Entry: /home/diamanka/.p2/pool/plugins/org.eclipse.m2e.maven.runtime_3.9.900.20240824-1409/jars/httpclient-4.5.14.jar
2025-09-19 23:39:00,878 [Worker-32: Launching api (1)] INFO  o.eclipse.m2e.core.internal.Bundles - 	Entry: /home/diamanka/.p2/pool/plugins/org.eclipse.m2e.maven.runtime_3.9.900.20240824-1409/jars/httpcore-4.4.16.jar
2025-09-19 23:39:00,878 [Worker-32: Launching api (1)] INFO  o.eclipse.m2e.core.internal.Bundles - 	Entry: /home/diamanka/.p2/pool/plugins/org.eclipse.m2e.maven.runtime_3.9.900.20240824-1409/jars/jansi-2.4.1.jar
2025-09-19 23:39:00,878 [Worker-32: Launching api (1)] INFO  o.eclipse.m2e.core.internal.Bundles - 	Entry: /home/diamanka/.p2/pool/plugins/org.eclipse.m2e.maven.runtime_3.9.900.20240824-1409/jars/jcl-over-slf4j-1.7.36.jar
2025-09-19 23:39:00,878 [Worker-32: Launching api (1)] INFO  o.eclipse.m2e.core.internal.Bundles - 	Entry: /home/diamanka/.p2/pool/plugins/org.eclipse.m2e.maven.runtime_3.9.900.20240824-1409/jars/maven-artifact-3.9.9.jar
2025-09-19 23:39:00,878 [Worker-32: Launching api (1)] INFO  o.eclipse.m2e.core.internal.Bundles - 	Entry: /home/diamanka/.p2/pool/plugins/org.eclipse.m2e.maven.runtime_3.9.900.20240824-1409/jars/maven-builder-support-3.9.9.jar
2025-09-19 23:39:00,879 [Worker-32: Launching api (1)] INFO  o.eclipse.m2e.core.internal.Bundles - 	Entry: /home/diamanka/.p2/pool/plugins/org.eclipse.m2e.maven.runtime_3.9.900.20240824-1409/jars/maven-compat-3.9.9.jar
2025-09-19 23:39:00,879 [Worker-32: Launching api (1)] INFO  o.eclipse.m2e.core.internal.Bundles - 	Entry: /home/diamanka/.p2/pool/plugins/org.eclipse.m2e.maven.runtime_3.9.900.20240824-1409/jars/maven-core-3.9.9.jar
2025-09-19 23:39:00,879 [Worker-32: Launching api (1)] INFO  o.eclipse.m2e.core.internal.Bundles - 	Entry: /home/diamanka/.p2/pool/plugins/org.eclipse.m2e.maven.runtime_3.9.900.20240824-1409/jars/maven-embedder-3.9.9.jar
2025-09-19 23:39:00,879 [Worker-32: Launching api (1)] INFO  o.eclipse.m2e.core.internal.Bundles - 	Entry: /home/diamanka/.p2/pool/plugins/org.eclipse.m2e.maven.runtime_3.9.900.20240824-1409/jars/maven-model-3.9.9.jar
2025-09-19 23:39:00,879 [Worker-32: Launching api (1)] INFO  o.eclipse.m2e.core.internal.Bundles - 	Entry: /home/diamanka/.p2/pool/plugins/org.eclipse.m2e.maven.runtime_3.9.900.20240824-1409/jars/maven-model-builder-3.9.9.jar
2025-09-19 23:39:00,879 [Worker-32: Launching api (1)] INFO  o.eclipse.m2e.core.internal.Bundles - 	Entry: /home/diamanka/.p2/pool/plugins/org.eclipse.m2e.maven.runtime_3.9.900.20240824-1409/jars/maven-plugin-api-3.9.9.jar
2025-09-19 23:39:00,879 [Worker-32: Launching api (1)] INFO  o.eclipse.m2e.core.internal.Bundles - 	Entry: /home/diamanka/.p2/pool/plugins/org.eclipse.m2e.maven.runtime_3.9.900.20240824-1409/jars/maven-repository-metadata-3.9.9.jar
2025-09-19 23:39:00,879 [Worker-32: Launching api (1)] INFO  o.eclipse.m2e.core.internal.Bundles - 	Entry: /home/diamanka/.p2/pool/plugins/org.eclipse.m2e.maven.runtime_3.9.900.20240824-1409/jars/maven-resolver-api-1.9.22.jar
2025-09-19 23:39:00,879 [Worker-32: Launching api (1)] INFO  o.eclipse.m2e.core.internal.Bundles - 	Entry: /home/diamanka/.p2/pool/plugins/org.eclipse.m2e.maven.runtime_3.9.900.20240824-1409/jars/maven-resolver-connector-basic-1.9.22.jar
2025-09-19 23:39:00,879 [Worker-32: Launching api (1)] INFO  o.eclipse.m2e.core.internal.Bundles - 	Entry: /home/diamanka/.p2/pool/plugins/org.eclipse.m2e.maven.runtime_3.9.900.20240824-1409/jars/maven-resolver-impl-1.9.22.jar
2025-09-19 23:39:00,879 [Worker-32: Launching api (1)] INFO  o.eclipse.m2e.core.internal.Bundles - 	Entry: /home/diamanka/.p2/pool/plugins/org.eclipse.m2e.maven.runtime_3.9.900.20240824-1409/jars/maven-resolver-named-locks-1.9.22.jar
2025-09-19 23:39:00,879 [Worker-32: Launching api (1)] INFO  o.eclipse.m2e.core.internal.Bundles - 	Entry: /home/diamanka/.p2/pool/plugins/org.eclipse.m2e.maven.runtime_3.9.900.20240824-1409/jars/maven-resolver-provider-3.9.9.jar
2025-09-19 23:39:00,879 [Worker-32: Launching api (1)] INFO  o.eclipse.m2e.core.internal.Bundles - 	Entry: /home/diamanka/.p2/pool/plugins/org.eclipse.m2e.maven.runtime_3.9.900.20240824-1409/jars/maven-resolver-spi-1.9.22.jar
2025-09-19 23:39:00,879 [Worker-32: Launching api (1)] INFO  o.eclipse.m2e.core.internal.Bundles - 	Entry: /home/diamanka/.p2/pool/plugins/org.eclipse.m2e.maven.runtime_3.9.900.20240824-1409/jars/maven-resolver-transport-file-1.9.22.jar
2025-09-19 23:39:00,879 [Worker-32: Launching api (1)] INFO  o.eclipse.m2e.core.internal.Bundles - 	Entry: /home/diamanka/.p2/pool/plugins/org.eclipse.m2e.maven.runtime_3.9.900.20240824-1409/jars/maven-resolver-transport-http-1.9.22.jar
2025-09-19 23:39:00,879 [Worker-32: Launching api (1)] INFO  o.eclipse.m2e.core.internal.Bundles - 	Entry: /home/diamanka/.p2/pool/plugins/org.eclipse.m2e.maven.runtime_3.9.900.20240824-1409/jars/maven-resolver-transport-wagon-1.9.22.jar
2025-09-19 23:39:00,879 [Worker-32: Launching api (1)] INFO  o.eclipse.m2e.core.internal.Bundles - 	Entry: /home/diamanka/.p2/pool/plugins/org.eclipse.m2e.maven.runtime_3.9.900.20240824-1409/jars/maven-resolver-util-1.9.22.jar
2025-09-19 23:39:00,879 [Worker-32: Launching api (1)] INFO  o.eclipse.m2e.core.internal.Bundles - 	Entry: /home/diamanka/.p2/pool/plugins/org.eclipse.m2e.maven.runtime_3.9.900.20240824-1409/jars/maven-settings-3.9.9.jar
2025-09-19 23:39:00,879 [Worker-32: Launching api (1)] INFO  o.eclipse.m2e.core.internal.Bundles - 	Entry: /home/diamanka/.p2/pool/plugins/org.eclipse.m2e.maven.runtime_3.9.900.20240824-1409/jars/maven-settings-builder-3.9.9.jar
2025-09-19 23:39:00,879 [Worker-32: Launching api (1)] INFO  o.eclipse.m2e.core.internal.Bundles - 	Entry: /home/diamanka/.p2/pool/plugins/org.eclipse.m2e.maven.runtime_3.9.900.20240824-1409/jars/maven-shared-utils-3.4.2.jar
2025-09-19 23:39:00,879 [Worker-32: Launching api (1)] INFO  o.eclipse.m2e.core.internal.Bundles - 	Entry: /home/diamanka/.p2/pool/plugins/org.eclipse.m2e.maven.runtime_3.9.900.20240824-1409/jars/org.eclipse.sisu.inject-0.9.0.M3.jar
2025-09-19 23:39:00,879 [Worker-32: Launching api (1)] INFO  o.eclipse.m2e.core.internal.Bundles - 	Entry: /home/diamanka/.p2/pool/plugins/org.eclipse.m2e.maven.runtime_3.9.900.20240824-1409/jars/org.eclipse.sisu.plexus-0.9.0.M3.jar
2025-09-19 23:39:00,879 [Worker-32: Launching api (1)] INFO  o.eclipse.m2e.core.internal.Bundles - 	Entry: /home/diamanka/.p2/pool/plugins/org.eclipse.m2e.maven.runtime_3.9.900.20240824-1409/jars/plexus-build-api-0.0.7.jar
2025-09-19 23:39:00,879 [Worker-32: Launching api (1)] INFO  o.eclipse.m2e.core.internal.Bundles - 	Entry: /home/diamanka/.p2/pool/plugins/org.eclipse.m2e.maven.runtime_3.9.900.20240824-1409/jars/plexus-build-api-1.2.0.jar
2025-09-19 23:39:00,879 [Worker-32: Launching api (1)] INFO  o.eclipse.m2e.core.internal.Bundles - 	Entry: /home/diamanka/.p2/pool/plugins/org.eclipse.m2e.maven.runtime_3.9.900.20240824-1409/jars/plexus-cipher-2.0.jar
2025-09-19 23:39:00,879 [Worker-32: Launching api (1)] INFO  o.eclipse.m2e.core.internal.Bundles - 	Entry: /home/diamanka/.p2/pool/plugins/org.eclipse.m2e.maven.runtime_3.9.900.20240824-1409/jars/plexus-classworlds-2.8.0.jar
2025-09-19 23:39:00,879 [Worker-32: Launching api (1)] INFO  o.eclipse.m2e.core.internal.Bundles - 	Entry: /home/diamanka/.p2/pool/plugins/org.eclipse.m2e.maven.runtime_3.9.900.20240824-1409/jars/plexus-component-annotations-2.1.0.jar
2025-09-19 23:39:00,879 [Worker-32: Launching api (1)] INFO  o.eclipse.m2e.core.internal.Bundles - 	Entry: /home/diamanka/.p2/pool/plugins/org.eclipse.m2e.maven.runtime_3.9.900.20240824-1409/jars/plexus-interpolation-1.27.jar
2025-09-19 23:39:00,879 [Worker-32: Launching api (1)] INFO  o.eclipse.m2e.core.internal.Bundles - 	Entry: /home/diamanka/.p2/pool/plugins/org.eclipse.m2e.maven.runtime_3.9.900.20240824-1409/jars/plexus-sec-dispatcher-2.0.jar
2025-09-19 23:39:00,879 [Worker-32: Launching api (1)] INFO  o.eclipse.m2e.core.internal.Bundles - 	Entry: /home/diamanka/.p2/pool/plugins/org.eclipse.m2e.maven.runtime_3.9.900.20240824-1409/jars/plexus-utils-3.5.1.jar
2025-09-19 23:39:00,879 [Worker-32: Launching api (1)] INFO  o.eclipse.m2e.core.internal.Bundles - 	Entry: /home/diamanka/.p2/pool/plugins/org.eclipse.m2e.maven.runtime_3.9.900.20240824-1409/jars/plexus-xml-3.0.1.jar
2025-09-19 23:39:00,879 [Worker-32: Launching api (1)] INFO  o.eclipse.m2e.core.internal.Bundles - 	Entry: /home/diamanka/.p2/pool/plugins/org.eclipse.m2e.maven.runtime_3.9.900.20240824-1409/jars/wagon-file-3.5.3.jar
2025-09-19 23:39:00,879 [Worker-32: Launching api (1)] INFO  o.eclipse.m2e.core.internal.Bundles - 	Entry: /home/diamanka/.p2/pool/plugins/org.eclipse.m2e.maven.runtime_3.9.900.20240824-1409/jars/wagon-http-3.5.3.jar
2025-09-19 23:39:00,880 [Worker-32: Launching api (1)] INFO  o.eclipse.m2e.core.internal.Bundles - 	Entry: /home/diamanka/.p2/pool/plugins/org.eclipse.m2e.maven.runtime_3.9.900.20240824-1409/jars/wagon-http-shared-3.5.3.jar
2025-09-19 23:39:00,880 [Worker-32: Launching api (1)] INFO  o.eclipse.m2e.core.internal.Bundles - 	Entry: /home/diamanka/.p2/pool/plugins/org.eclipse.m2e.maven.runtime_3.9.900.20240824-1409/jars/wagon-provider-api-3.5.3.jar
2025-09-19 23:39:00,881 [Worker-32: Launching api (1)] INFO  o.eclipse.m2e.core.internal.Bundles - getClasspathEntries(Bundle=com.google.guava_33.3.1.jre [10])
2025-09-19 23:39:00,881 [Worker-32: Launching api (1)] INFO  o.eclipse.m2e.core.internal.Bundles - 	Entry: /home/diamanka/.p2/pool/plugins/com.google.guava_33.3.1.jre.jar
2025-09-19 23:39:00,881 [Worker-32: Launching api (1)] INFO  o.eclipse.m2e.core.internal.Bundles - getClasspathEntries(Bundle=slf4j.api_2.0.16 [520])
2025-09-19 23:39:00,881 [Worker-32: Launching api (1)] INFO  o.eclipse.m2e.core.internal.Bundles - 	Entry: /home/diamanka/.p2/pool/plugins/slf4j.api_2.0.16.jar
2025-09-19 23:39:00,881 [Worker-32: Launching api (1)] INFO  o.eclipse.m2e.core.internal.Bundles - getClasspathEntries(Bundle=jakarta.inject.jakarta.inject-api_1.0.5 [22])
2025-09-19 23:39:00,881 [Worker-32: Launching api (1)] INFO  o.eclipse.m2e.core.internal.Bundles - 	Entry: /home/diamanka/.p2/pool/plugins/jakarta.inject.jakarta.inject-api_1.0.5.jar
2025-09-19 23:39:00,881 [Worker-32: Launching api (1)] INFO  o.eclipse.m2e.core.internal.Bundles - getClasspathEntries(Bundle=jakarta.annotation-api_1.3.5 [20])
2025-09-19 23:39:00,881 [Worker-32: Launching api (1)] INFO  o.eclipse.m2e.core.internal.Bundles - 	Entry: /home/diamanka/.p2/pool/plugins/jakarta.annotation-api_1.3.5.jar
2025-09-19 23:39:00,881 [Worker-32: Launching api (1)] INFO  o.eclipse.m2e.core.internal.Bundles - getClasspathEntries(Bundle=org.apache.commons.cli_1.9.0 [47])
2025-09-19 23:39:00,881 [Worker-32: Launching api (1)] INFO  o.eclipse.m2e.core.internal.Bundles - 	Entry: /home/diamanka/.p2/pool/plugins/org.apache.commons.cli_1.9.0.jar
2025-09-19 23:39:00,881 [Worker-32: Launching api (1)] INFO  o.eclipse.m2e.core.internal.Bundles - getClasspathEntries(Bundle=org.apache.commons.commons-codec_1.16.0 [50])
2025-09-19 23:39:00,881 [Worker-32: Launching api (1)] INFO  o.eclipse.m2e.core.internal.Bundles - 	Entry: /home/diamanka/.p2/pool/plugins/org.apache.commons.commons-codec_1.16.0.jar
2025-09-19 23:39:00,881 [Worker-32: Launching api (1)] INFO  o.eclipse.m2e.core.internal.Bundles - getClasspathEntries(Bundle=com.google.guava.failureaccess_1.0.2 [11])
2025-09-19 23:39:00,881 [Worker-32: Launching api (1)] INFO  o.eclipse.m2e.core.internal.Bundles - 	Entry: /home/diamanka/.p2/pool/plugins/com.google.guava.failureaccess_1.0.2.jar
2025-09-19 23:39:00,883 [Worker-32: Launching api (1)] INFO  o.e.m.i.launch.MavenLaunchDelegate - Run build in "/home/diamanka/eclipse-workspace /api":
2025-09-19 23:39:00,884 [Worker-32: Launching api (1)] INFO  o.e.m.i.launch.MavenLaunchDelegate -  mvn  -B -Dstyle.color=always 
2025-09-19 23:41:41,806 [Worker-32: Building] INFO  o.a.m.s.f.DefaultMavenResourcesFiltering - Copying 1 resource from src/main/resources to target/classes
2025-09-19 23:41:41,815 [Worker-32: Building] INFO  o.a.m.s.f.DefaultMavenResourcesFiltering - Copying 0 resource from src/main/resources to target/classes
2025-09-19 23:41:41,821 [Worker-32: Building] INFO  o.a.m.s.f.DefaultMavenResourcesFiltering - skip non existing resourceDirectory /home/diamanka/eclipse-workspace /api/src/test/resources
2025-09-20 11:22:15,515 [Worker-2: Building] INFO  o.a.m.s.f.DefaultMavenResourcesFiltering - Copying 1 resource from src/main/resources to target/classes
2025-09-20 11:22:15,521 [Worker-2: Building] INFO  o.a.m.s.f.DefaultMavenResourcesFiltering - Copying 0 resource from src/main/resources to target/classes
2025-09-20 11:22:15,524 [Worker-2: Building] INFO  o.a.m.s.f.DefaultMavenResourcesFiltering - skip non existing resourceDirectory /home/diamanka/eclipse-workspace /api/src/test/resources
2025-09-21 01:39:43,465 [Worker-32: Building] INFO  o.a.m.s.f.DefaultMavenResourcesFiltering - Copying 0 resource from src/main/resources to target/classes
2025-09-21 01:39:43,467 [Worker-32: Building] INFO  o.a.m.s.f.DefaultMavenResourcesFiltering - Copying 1 resource from src/main/resources to target/classes
2025-09-21 01:39:43,474 [Worker-32: Building] INFO  o.a.m.s.f.DefaultMavenResourcesFiltering - skip non existing resourceDirectory /home/diamanka/eclipse-workspace /api/src/test/resources
2025-09-21 01:48:47,125 [Worker-40: Building] INFO  o.a.m.s.f.DefaultMavenResourcesFiltering - Copying 1 resource from src/main/resources to target/classes
2025-09-21 01:48:47,137 [Worker-40: Building] INFO  o.a.m.s.f.DefaultMavenResourcesFiltering - Copying 3 resources from src/main/resources to target/classes
2025-09-21 01:48:47,142 [Worker-40: Building] INFO  o.a.m.s.f.DefaultMavenResourcesFiltering - skip non existing resourceDirectory /home/diamanka/eclipse-workspace /api/src/test/resources
2025-09-21 01:49:23,204 [Worker-38: Building] INFO  o.a.m.s.f.DefaultMavenResourcesFiltering - Copying 1 resource from src/main/resources to target/classes
2025-09-21 01:49:23,210 [Worker-38: Building] INFO  o.a.m.s.f.DefaultMavenResourcesFiltering - Copying 3 resources from src/main/resources to target/classes
2025-09-21 01:49:23,214 [Worker-38: Building] INFO  o.a.m.s.f.DefaultMavenResourcesFiltering - skip non existing resourceDirectory /home/diamanka/eclipse-workspace /api/src/test/resources
2025-09-21 01:51:40,216 [Worker-39: Building] INFO  o.a.m.s.f.DefaultMavenResourcesFiltering - Copying 0 resource from src/main/resources to target/classes
2025-09-21 01:51:40,217 [Worker-39: Building] INFO  o.a.m.s.f.DefaultMavenResourcesFiltering - Copying 1 resource from src/main/resources to target/classes
2025-09-21 01:51:40,223 [Worker-39: Building] INFO  o.a.m.s.f.DefaultMavenResourcesFiltering - skip non existing resourceDirectory /home/diamanka/eclipse-workspace /api/src/test/resources
2025-09-21 01:54:40,194 [Worker-40: Building] INFO  o.e.m.c.i.l.LifecycleMappingFactory - Using org.eclipse.m2e.jdt.JarLifecycleMapping lifecycle mapping for MavenProject: com.openclassroom:api:0.0.1-SNAPSHOT @ /home/diamanka/eclipse-workspace /api/pom.xml.
2025-09-21 01:54:40,815 [Worker-40: Building] INFO  o.e.m.c.i.l.LifecycleMappingFactory - Using org.eclipse.m2e.jdt.JarLifecycleMapping lifecycle mapping for MavenProject: com.openclassroom:webapp:0.0.1-SNAPSHOT @ /home/diamanka/eclipse-workspace /webapp/pom.xml.
2025-09-21 01:54:40,918 [Worker-40: Building] INFO  o.e.m.c.i.p.WorkspaceClassifierResolverManager - Resolving P/api: com.openclassroom:api:0.0.1-SNAPSHOT with classifier  to /api/target/classes
2025-09-21 01:54:41,359 [Worker-40: Building] INFO  o.a.m.s.f.DefaultMavenResourcesFiltering - Copying 0 resource from src/main/resources to target/classes
2025-09-21 01:54:41,359 [Worker-40: Building] INFO  o.a.m.s.f.DefaultMavenResourcesFiltering - Copying 0 resource from src/main/resources to target/classes
2025-09-21 01:54:41,366 [Worker-40: Building] INFO  o.a.m.s.f.DefaultMavenResourcesFiltering - skip non existing resourceDirectory /home/diamanka/eclipse-workspace /api/src/test/resources
2025-09-21 01:54:42,607 [Worker-39: Building] INFO  o.a.m.s.f.DefaultMavenResourcesFiltering - Copying 1 resource from src/main/resources to target/classes
2025-09-21 01:54:42,621 [Worker-39: Building] INFO  o.a.m.s.f.DefaultMavenResourcesFiltering - Copying 3 resources from src/main/resources to target/classes
2025-09-21 01:54:42,624 [Worker-39: Building] INFO  o.a.m.s.f.DefaultMavenResourcesFiltering - skip non existing resourceDirectory /home/diamanka/eclipse-workspace /api/src/test/resources
2025-09-21 01:55:53,543 [Worker-37: Building] INFO  o.a.m.s.f.DefaultMavenResourcesFiltering - Copying 0 resource from src/main/resources to target/classes
2025-09-21 01:55:53,543 [Worker-37: Building] INFO  o.a.m.s.f.DefaultMavenResourcesFiltering - Copying 1 resource from src/main/resources to target/classes
2025-09-21 01:55:53,546 [Worker-37: Building] INFO  o.a.m.s.f.DefaultMavenResourcesFiltering - skip non existing resourceDirectory /home/diamanka/eclipse-workspace /api/src/test/resources
2025-09-21 02:00:42,964 [Worker-39: Building] INFO  o.a.m.s.f.DefaultMavenResourcesFiltering - Copying 1 resource from src/main/resources to target/classes
2025-09-21 02:00:42,976 [Worker-39: Building] INFO  o.a.m.s.f.DefaultMavenResourcesFiltering - Copying 3 resources from src/main/resources to target/classes
2025-09-21 02:00:42,983 [Worker-39: Building] INFO  o.a.m.s.f.DefaultMavenResourcesFiltering - skip non existing resourceDirectory /home/diamanka/eclipse-workspace /api/src/test/resources
2025-09-21 02:01:25,890 [Worker-32: Building] INFO  o.a.m.s.f.DefaultMavenResourcesFiltering - Copying 1 resource from src/main/resources to target/classes
2025-09-21 02:01:25,901 [Worker-32: Building] INFO  o.a.m.s.f.DefaultMavenResourcesFiltering - Copying 3 resources from src/main/resources to target/classes
2025-09-21 02:01:25,904 [Worker-32: Building] INFO  o.a.m.s.f.DefaultMavenResourcesFiltering - skip non existing resourceDirectory /home/diamanka/eclipse-workspace /api/src/test/resources
2025-09-21 02:02:02,364 [Worker-32: Building] INFO  o.a.m.s.f.DefaultMavenResourcesFiltering - Copying 1 resource from src/main/resources to target/classes
2025-09-21 02:02:02,374 [Worker-32: Building] INFO  o.a.m.s.f.DefaultMavenResourcesFiltering - Copying 3 resources from src/main/resources to target/classes
2025-09-21 02:02:02,381 [Worker-32: Building] INFO  o.a.m.s.f.DefaultMavenResourcesFiltering - skip non existing resourceDirectory /home/diamanka/eclipse-workspace /api/src/test/resources
2025-09-21 02:04:19,093 [Worker-40: Building] INFO  o.a.m.s.f.DefaultMavenResourcesFiltering - Copying 1 resource from src/main/resources to target/classes
2025-09-21 02:04:19,106 [Worker-40: Building] INFO  o.a.m.s.f.DefaultMavenResourcesFiltering - Copying 3 resources from src/main/resources to target/classes
2025-09-21 02:04:19,114 [Worker-40: Building] INFO  o.a.m.s.f.DefaultMavenResourcesFiltering - skip non existing resourceDirectory /home/diamanka/eclipse-workspace /api/src/test/resources
2025-09-21 02:04:34,577 [Worker-2: Building] INFO  o.a.m.s.f.DefaultMavenResourcesFiltering - Copying 1 resource from src/main/resources to target/classes
2025-09-21 02:04:34,582 [Worker-2: Building] INFO  o.a.m.s.f.DefaultMavenResourcesFiltering - Copying 3 resources from src/main/resources to target/classes
2025-09-21 02:04:34,585 [Worker-2: Building] INFO  o.a.m.s.f.DefaultMavenResourcesFiltering - skip non existing resourceDirectory /home/diamanka/eclipse-workspace /api/src/test/resources
2025-09-21 02:04:50,283 [Worker-32: Building] INFO  o.a.m.s.f.DefaultMavenResourcesFiltering - Copying 1 resource from src/main/resources to target/classes
2025-09-21 02:04:50,288 [Worker-32: Building] INFO  o.a.m.s.f.DefaultMavenResourcesFiltering - Copying 3 resources from src/main/resources to target/classes
2025-09-21 02:04:50,292 [Worker-32: Building] INFO  o.a.m.s.f.DefaultMavenResourcesFiltering - skip non existing resourceDirectory /home/diamanka/eclipse-workspace /api/src/test/resources
2025-09-21 02:05:08,545 [Worker-32: Building] INFO  o.a.m.s.f.DefaultMavenResourcesFiltering - Copying 1 resource from src/main/resources to target/classes
2025-09-21 02:05:08,552 [Worker-32: Building] INFO  o.a.m.s.f.DefaultMavenResourcesFiltering - Copying 3 resources from src/main/resources to target/classes
2025-09-21 02:05:08,555 [Worker-32: Building] INFO  o.a.m.s.f.DefaultMavenResourcesFiltering - skip non existing resourceDirectory /home/diamanka/eclipse-workspace /api/src/test/resources
2025-09-21 02:12:28,563 [Worker-2: Building] INFO  o.a.m.s.f.DefaultMavenResourcesFiltering - Copying 1 resource from src/main/resources to target/classes
2025-09-21 02:12:28,568 [Worker-2: Building] INFO  o.a.m.s.f.DefaultMavenResourcesFiltering - Copying 3 resources from src/main/resources to target/classes
2025-09-21 02:12:28,571 [Worker-2: Building] INFO  o.a.m.s.f.DefaultMavenResourcesFiltering - skip non existing resourceDirectory /home/diamanka/eclipse-workspace /api/src/test/resources
2025-09-21 02:12:39,841 [Worker-38: Building] INFO  o.a.m.s.f.DefaultMavenResourcesFiltering - Copying 1 resource from src/main/resources to target/classes
2025-09-21 02:12:39,846 [Worker-38: Building] INFO  o.a.m.s.f.DefaultMavenResourcesFiltering - Copying 3 resources from src/main/resources to target/classes
2025-09-21 02:12:39,849 [Worker-38: Building] INFO  o.a.m.s.f.DefaultMavenResourcesFiltering - skip non existing resourceDirectory /home/diamanka/eclipse-workspace /api/src/test/resources
2025-09-21 02:13:20,557 [Worker-37: Building] INFO  o.a.m.s.f.DefaultMavenResourcesFiltering - Copying 1 resource from src/main/resources to target/classes
2025-09-21 02:13:20,568 [Worker-37: Building] INFO  o.a.m.s.f.DefaultMavenResourcesFiltering - Copying 3 resources from src/main/resources to target/classes
2025-09-21 02:13:20,575 [Worker-37: Building] INFO  o.a.m.s.f.DefaultMavenResourcesFiltering - skip non existing resourceDirectory /home/diamanka/eclipse-workspace /api/src/test/resources
2025-09-21 02:14:07,015 [Worker-2: Building] INFO  o.a.m.s.f.DefaultMavenResourcesFiltering - Copying 1 resource from src/main/resources to target/classes
2025-09-21 02:14:07,022 [Worker-2: Building] INFO  o.a.m.s.f.DefaultMavenResourcesFiltering - Copying 3 resources from src/main/resources to target/classes
2025-09-21 02:14:07,026 [Worker-2: Building] INFO  o.a.m.s.f.DefaultMavenResourcesFiltering - skip non existing resourceDirectory /home/diamanka/eclipse-workspace /api/src/test/resources
2025-09-21 02:14:27,210 [Worker-2: Building] INFO  o.a.m.s.f.DefaultMavenResourcesFiltering - Copying 1 resource from src/main/resources to target/classes
2025-09-21 02:14:27,217 [Worker-2: Building] INFO  o.a.m.s.f.DefaultMavenResourcesFiltering - Copying 3 resources from src/main/resources to target/classes
2025-09-21 02:14:27,222 [Worker-2: Building] INFO  o.a.m.s.f.DefaultMavenResourcesFiltering - skip non existing resourceDirectory /home/diamanka/eclipse-workspace /api/src/test/resources
2025-09-21 02:15:52,025 [Worker-2: Building] INFO  o.a.m.s.f.DefaultMavenResourcesFiltering - Copying 1 resource from src/main/resources to target/classes
2025-09-21 02:15:52,032 [Worker-2: Building] INFO  o.a.m.s.f.DefaultMavenResourcesFiltering - Copying 3 resources from src/main/resources to target/classes
2025-09-21 02:15:52,036 [Worker-2: Building] INFO  o.a.m.s.f.DefaultMavenResourcesFiltering - skip non existing resourceDirectory /home/diamanka/eclipse-workspace /api/src/test/resources
2025-09-21 02:18:21,550 [Worker-38: Building] INFO  o.a.m.s.f.DefaultMavenResourcesFiltering - Copying 1 resource from src/main/resources to target/classes
2025-09-21 02:18:21,558 [Worker-38: Building] INFO  o.a.m.s.f.DefaultMavenResourcesFiltering - Copying 3 resources from src/main/resources to target/classes
2025-09-21 02:18:21,563 [Worker-38: Building] INFO  o.a.m.s.f.DefaultMavenResourcesFiltering - skip non existing resourceDirectory /home/diamanka/eclipse-workspace /api/src/test/resources
2025-09-21 02:25:37,108 [Worker-38: Building] INFO  o.a.m.s.f.DefaultMavenResourcesFiltering - Copying 1 resource from src/main/resources to target/classes
2025-09-21 02:25:37,122 [Worker-38: Building] INFO  o.a.m.s.f.DefaultMavenResourcesFiltering - Copying 3 resources from src/main/resources to target/classes
2025-09-21 02:25:37,129 [Worker-38: Building] INFO  o.a.m.s.f.DefaultMavenResourcesFiltering - skip non existing resourceDirectory /home/diamanka/eclipse-workspace /api/src/test/resources
2025-09-21 02:29:15,163 [Worker-38: Building] INFO  o.a.m.s.f.DefaultMavenResourcesFiltering - Copying 0 resource from src/main/resources to target/classes
2025-09-21 02:29:15,163 [Worker-38: Building] INFO  o.a.m.s.f.DefaultMavenResourcesFiltering - Copying 1 resource from src/main/resources to target/classes
2025-09-21 02:29:15,166 [Worker-38: Building] INFO  o.a.m.s.f.DefaultMavenResourcesFiltering - skip non existing resourceDirectory /home/diamanka/eclipse-workspace /api/src/test/resources
2025-09-21 02:29:50,077 [Worker-2: Building] INFO  o.a.m.s.f.DefaultMavenResourcesFiltering - Copying 0 resource from src/main/resources to target/classes
2025-09-21 02:29:50,078 [Worker-2: Building] INFO  o.a.m.s.f.DefaultMavenResourcesFiltering - Copying 1 resource from src/main/resources to target/classes
2025-09-21 02:29:50,080 [Worker-2: Building] INFO  o.a.m.s.f.DefaultMavenResourcesFiltering - skip non existing resourceDirectory /home/diamanka/eclipse-workspace /api/src/test/resources
2025-09-21 02:30:57,263 [Worker-2: Building] INFO  o.a.m.s.f.DefaultMavenResourcesFiltering - Copying 0 resource from src/main/resources to target/classes
2025-09-21 02:30:57,263 [Worker-2: Building] INFO  o.a.m.s.f.DefaultMavenResourcesFiltering - Copying 1 resource from src/main/resources to target/classes
2025-09-21 02:30:57,265 [Worker-2: Building] INFO  o.a.m.s.f.DefaultMavenResourcesFiltering - skip non existing resourceDirectory /home/diamanka/eclipse-workspace /api/src/test/resources
2025-09-21 02:31:27,121 [Worker-37: Building] INFO  o.a.m.s.f.DefaultMavenResourcesFiltering - Copying 0 resource from src/main/resources to target/classes
2025-09-21 02:31:27,122 [Worker-37: Building] INFO  o.a.m.s.f.DefaultMavenResourcesFiltering - Copying 1 resource from src/main/resources to target/classes
2025-09-21 02:31:27,126 [Worker-37: Building] INFO  o.a.m.s.f.DefaultMavenResourcesFiltering - skip non existing resourceDirectory /home/diamanka/eclipse-workspace /api/src/test/resources
2025-09-21 12:01:55,772 [Worker-1: Loading available Gradle versions] INFO  o.e.b.c.i.u.g.PublishedGradleVersions - Gradle version information cache is out-of-date. Trying to update.
2025-09-21 12:03:46,882 [Worker-13: Building] INFO  o.a.m.s.f.DefaultMavenResourcesFiltering - Copying 1 resource from src/main/resources to target/classes
2025-09-21 12:03:46,914 [Worker-13: Building] INFO  o.a.m.s.f.DefaultMavenResourcesFiltering - Copying 4 resources from src/main/resources to target/classes
2025-09-21 12:03:46,932 [Worker-13: Building] INFO  o.a.m.s.f.DefaultMavenResourcesFiltering - skip non existing resourceDirectory /home/diamanka/eclipse-workspace /api/src/test/resources
2025-09-21 12:04:59,782 [Worker-13: Building] INFO  o.a.m.s.f.DefaultMavenResourcesFiltering - Copying 0 resource from src/main/resources to target/classes
2025-09-21 12:04:59,786 [Worker-13: Building] INFO  o.a.m.s.f.DefaultMavenResourcesFiltering - Copying 1 resource from src/main/resources to target/classes
2025-09-21 12:04:59,796 [Worker-13: Building] INFO  o.a.m.s.f.DefaultMavenResourcesFiltering - skip non existing resourceDirectory /home/diamanka/eclipse-workspace /api/src/test/resources
2025-09-21 12:05:02,504 [Worker-18: Building] INFO  o.a.m.s.f.DefaultMavenResourcesFiltering - Copying 0 resource from src/main/resources to target/classes
2025-09-21 12:05:02,506 [Worker-18: Building] INFO  o.a.m.s.f.DefaultMavenResourcesFiltering - Copying 1 resource from src/main/resources to target/classes
2025-09-21 12:05:02,513 [Worker-18: Building] INFO  o.a.m.s.f.DefaultMavenResourcesFiltering - skip non existing resourceDirectory /home/diamanka/eclipse-workspace /api/src/test/resources
2025-09-21 12:08:40,805 [Worker-35: Building] INFO  o.a.m.s.f.DefaultMavenResourcesFiltering - Copying 0 resource from src/main/resources to target/classes
2025-09-21 12:08:40,806 [Worker-35: Building] INFO  o.a.m.s.f.DefaultMavenResourcesFiltering - Copying 1 resource from src/main/resources to target/classes
2025-09-21 12:08:40,810 [Worker-35: Building] INFO  o.a.m.s.f.DefaultMavenResourcesFiltering - skip non existing resourceDirectory /home/diamanka/eclipse-workspace /api/src/test/resources
2025-09-21 12:10:38,906 [Worker-18: Building] INFO  o.a.m.s.f.DefaultMavenResourcesFiltering - Copying 0 resource from src/main/resources to target/classes
2025-09-21 12:10:38,907 [Worker-18: Building] INFO  o.a.m.s.f.DefaultMavenResourcesFiltering - Copying 1 resource from src/main/resources to target/classes
2025-09-21 12:10:38,910 [Worker-18: Building] INFO  o.a.m.s.f.DefaultMavenResourcesFiltering - skip non existing resourceDirectory /home/diamanka/eclipse-workspace /api/src/test/resources
2025-09-21 12:11:53,318 [Worker-18: Building] INFO  o.a.m.s.f.DefaultMavenResourcesFiltering - Copying 0 resource from src/main/resources to target/classes
2025-09-21 12:11:53,319 [Worker-18: Building] INFO  o.a.m.s.f.DefaultMavenResourcesFiltering - Copying 1 resource from src/main/resources to target/classes
2025-09-21 12:11:53,322 [Worker-18: Building] INFO  o.a.m.s.f.DefaultMavenResourcesFiltering - skip non existing resourceDirectory /home/diamanka/eclipse-workspace /api/src/test/resources
2025-09-21 12:12:39,925 [Worker-35: Building] INFO  o.a.m.s.f.DefaultMavenResourcesFiltering - Copying 0 resource from src/main/resources to target/classes
2025-09-21 12:12:39,925 [Worker-35: Building] INFO  o.a.m.s.f.DefaultMavenResourcesFiltering - Copying 1 resource from src/main/resources to target/classes
2025-09-21 12:12:39,930 [Worker-35: Building] INFO  o.a.m.s.f.DefaultMavenResourcesFiltering - skip non existing resourceDirectory /home/diamanka/eclipse-workspace /api/src/test/resources
2025-09-21 12:13:07,452 [Worker-18: Building] INFO  o.a.m.s.f.DefaultMavenResourcesFiltering - Copying 0 resource from src/main/resources to target/classes
2025-09-21 12:13:07,453 [Worker-18: Building] INFO  o.a.m.s.f.DefaultMavenResourcesFiltering - Copying 1 resource from src/main/resources to target/classes
2025-09-21 12:13:07,456 [Worker-18: Building] INFO  o.a.m.s.f.DefaultMavenResourcesFiltering - skip non existing resourceDirectory /home/diamanka/eclipse-workspace /api/src/test/resources
2025-09-21 12:14:12,171 [Worker-34: Building] INFO  o.a.m.s.f.DefaultMavenResourcesFiltering - Copying 0 resource from src/main/resources to target/classes
2025-09-21 12:14:12,172 [Worker-34: Building] INFO  o.a.m.s.f.DefaultMavenResourcesFiltering - Copying 1 resource from src/main/resources to target/classes
2025-09-21 12:14:12,176 [Worker-34: Building] INFO  o.a.m.s.f.DefaultMavenResourcesFiltering - skip non existing resourceDirectory /home/diamanka/eclipse-workspace /api/src/test/resources
2025-09-21 12:14:18,121 [Worker-34: Building] INFO  o.a.m.s.f.DefaultMavenResourcesFiltering - Copying 0 resource from src/main/resources to target/classes
2025-09-21 12:14:18,122 [Worker-34: Building] INFO  o.a.m.s.f.DefaultMavenResourcesFiltering - Copying 1 resource from src/main/resources to target/classes
2025-09-21 12:14:18,126 [Worker-34: Building] INFO  o.a.m.s.f.DefaultMavenResourcesFiltering - skip non existing resourceDirectory /home/diamanka/eclipse-workspace /api/src/test/resources
2025-09-21 12:15:09,935 [Worker-18: Building] INFO  o.a.m.s.f.DefaultMavenResourcesFiltering - Copying 0 resource from src/main/resources to target/classes
2025-09-21 12:15:09,936 [Worker-18: Building] INFO  o.a.m.s.f.DefaultMavenResourcesFiltering - Copying 1 resource from src/main/resources to target/classes
2025-09-21 12:15:09,940 [Worker-18: Building] INFO  o.a.m.s.f.DefaultMavenResourcesFiltering - skip non existing resourceDirectory /home/diamanka/eclipse-workspace /api/src/test/resources
2025-09-21 12:15:49,916 [Worker-35: Building] INFO  o.a.m.s.f.DefaultMavenResourcesFiltering - Copying 0 resource from src/main/resources to target/classes
2025-09-21 12:15:49,916 [Worker-35: Building] INFO  o.a.m.s.f.DefaultMavenResourcesFiltering - Copying 1 resource from src/main/resources to target/classes
2025-09-21 12:15:49,919 [Worker-35: Building] INFO  o.a.m.s.f.DefaultMavenResourcesFiltering - skip non existing resourceDirectory /home/diamanka/eclipse-workspace /api/src/test/resources
2025-09-21 12:16:13,456 [Worker-18: Building] INFO  o.a.m.s.f.DefaultMavenResourcesFiltering - Copying 0 resource from src/main/resources to target/classes
2025-09-21 12:16:13,457 [Worker-18: Building] INFO  o.a.m.s.f.DefaultMavenResourcesFiltering - Copying 1 resource from src/main/resources to target/classes
2025-09-21 12:16:13,460 [Worker-18: Building] INFO  o.a.m.s.f.DefaultMavenResourcesFiltering - skip non existing resourceDirectory /home/diamanka/eclipse-workspace /api/src/test/resources
2025-09-21 12:16:21,937 [Worker-35: Building] INFO  o.a.m.s.f.DefaultMavenResourcesFiltering - Copying 0 resource from src/main/resources to target/classes
2025-09-21 12:16:21,937 [Worker-35: Building] INFO  o.a.m.s.f.DefaultMavenResourcesFiltering - Copying 1 resource from src/main/resources to target/classes
2025-09-21 12:16:21,941 [Worker-35: Building] INFO  o.a.m.s.f.DefaultMavenResourcesFiltering - skip non existing resourceDirectory /home/diamanka/eclipse-workspace /api/src/test/resources
2025-09-21 12:18:17,058 [Worker-18: Building] INFO  o.a.m.s.f.DefaultMavenResourcesFiltering - Copying 0 resource from src/main/resources to target/classes
2025-09-21 12:18:17,058 [Worker-18: Building] INFO  o.a.m.s.f.DefaultMavenResourcesFiltering - Copying 1 resource from src/main/resources to target/classes
2025-09-21 12:18:17,061 [Worker-18: Building] INFO  o.a.m.s.f.DefaultMavenResourcesFiltering - skip non existing resourceDirectory /home/diamanka/eclipse-workspace /api/src/test/resources
2025-09-21 12:19:10,456 [Worker-18: Building] INFO  o.a.m.s.f.DefaultMavenResourcesFiltering - Copying 0 resource from src/main/resources to target/classes
2025-09-21 12:19:10,457 [Worker-18: Building] INFO  o.a.m.s.f.DefaultMavenResourcesFiltering - Copying 1 resource from src/main/resources to target/classes
2025-09-21 12:19:10,460 [Worker-18: Building] INFO  o.a.m.s.f.DefaultMavenResourcesFiltering - skip non existing resourceDirectory /home/diamanka/eclipse-workspace /api/src/test/resources
2025-09-21 12:21:36,584 [Worker-37: Building] INFO  o.a.m.s.f.DefaultMavenResourcesFiltering - Copying 0 resource from src/main/resources to target/classes
2025-09-21 12:21:36,584 [Worker-37: Building] INFO  o.a.m.s.f.DefaultMavenResourcesFiltering - Copying 1 resource from src/main/resources to target/classes
2025-09-21 12:21:36,587 [Worker-37: Building] INFO  o.a.m.s.f.DefaultMavenResourcesFiltering - skip non existing resourceDirectory /home/diamanka/eclipse-workspace /api/src/test/resources
2025-09-21 12:22:16,733 [Worker-40: Building] INFO  o.a.m.s.f.DefaultMavenResourcesFiltering - Copying 0 resource from src/main/resources to target/classes
2025-09-21 12:22:16,734 [Worker-40: Building] INFO  o.a.m.s.f.DefaultMavenResourcesFiltering - Copying 1 resource from src/main/resources to target/classes
2025-09-21 12:22:16,737 [Worker-40: Building] INFO  o.a.m.s.f.DefaultMavenResourcesFiltering - skip non existing resourceDirectory /home/diamanka/eclipse-workspace /api/src/test/resources
2025-09-21 12:23:01,123 [Worker-34: Building] INFO  o.a.m.s.f.DefaultMavenResourcesFiltering - Copying 0 resource from src/main/resources to target/classes
2025-09-21 12:23:01,123 [Worker-34: Building] INFO  o.a.m.s.f.DefaultMavenResourcesFiltering - Copying 1 resource from src/main/resources to target/classes
2025-09-21 12:23:01,130 [Worker-34: Building] INFO  o.a.m.s.f.DefaultMavenResourcesFiltering - skip non existing resourceDirectory /home/diamanka/eclipse-workspace /api/src/test/resources
2025-09-21 12:23:36,665 [Worker-35: Building] INFO  o.a.m.s.f.DefaultMavenResourcesFiltering - Copying 0 resource from src/main/resources to target/classes
2025-09-21 12:23:36,666 [Worker-35: Building] INFO  o.a.m.s.f.DefaultMavenResourcesFiltering - Copying 1 resource from src/main/resources to target/classes
2025-09-21 12:23:36,668 [Worker-35: Building] INFO  o.a.m.s.f.DefaultMavenResourcesFiltering - skip non existing resourceDirectory /home/diamanka/eclipse-workspace /api/src/test/resources
2025-09-21 12:23:56,823 [Worker-34: Building] INFO  o.a.m.s.f.DefaultMavenResourcesFiltering - Copying 0 resource from src/main/resources to target/classes
2025-09-21 12:23:56,824 [Worker-34: Building] INFO  o.a.m.s.f.DefaultMavenResourcesFiltering - Copying 1 resource from src/main/resources to target/classes
2025-09-21 12:23:56,829 [Worker-34: Building] INFO  o.a.m.s.f.DefaultMavenResourcesFiltering - skip non existing resourceDirectory /home/diamanka/eclipse-workspace /api/src/test/resources
2025-09-21 12:24:35,437 [Worker-18: Building] INFO  o.a.m.s.f.DefaultMavenResourcesFiltering - Copying 0 resource from src/main/resources to target/classes
2025-09-21 12:24:35,437 [Worker-18: Building] INFO  o.a.m.s.f.DefaultMavenResourcesFiltering - Copying 1 resource from src/main/resources to target/classes
2025-09-21 12:24:35,441 [Worker-18: Building] INFO  o.a.m.s.f.DefaultMavenResourcesFiltering - skip non existing resourceDirectory /home/diamanka/eclipse-workspace /api/src/test/resources
2025-09-21 12:25:20,930 [Worker-35: Building] INFO  o.a.m.s.f.DefaultMavenResourcesFiltering - Copying 0 resource from src/main/resources to target/classes
2025-09-21 12:25:20,931 [Worker-35: Building] INFO  o.a.m.s.f.DefaultMavenResourcesFiltering - Copying 1 resource from src/main/resources to target/classes
2025-09-21 12:25:20,936 [Worker-35: Building] INFO  o.a.m.s.f.DefaultMavenResourcesFiltering - skip non existing resourceDirectory /home/diamanka/eclipse-workspace /api/src/test/resources
2025-09-21 12:25:39,673 [Worker-36: Building] INFO  o.a.m.s.f.DefaultMavenResourcesFiltering - Copying 0 resource from src/main/resources to target/classes
2025-09-21 12:25:39,674 [Worker-36: Building] INFO  o.a.m.s.f.DefaultMavenResourcesFiltering - Copying 1 resource from src/main/resources to target/classes
2025-09-21 12:25:39,678 [Worker-36: Building] INFO  o.a.m.s.f.DefaultMavenResourcesFiltering - skip non existing resourceDirectory /home/diamanka/eclipse-workspace /api/src/test/resources
2025-09-21 12:26:11,107 [Worker-38: Building] INFO  o.a.m.s.f.DefaultMavenResourcesFiltering - Copying 0 resource from src/main/resources to target/classes
2025-09-21 12:26:11,108 [Worker-38: Building] INFO  o.a.m.s.f.DefaultMavenResourcesFiltering - Copying 1 resource from src/main/resources to target/classes
2025-09-21 12:26:11,112 [Worker-38: Building] INFO  o.a.m.s.f.DefaultMavenResourcesFiltering - skip non existing resourceDirectory /home/diamanka/eclipse-workspace /api/src/test/resources
2025-09-21 12:26:38,692 [Worker-36: Building] INFO  o.a.m.s.f.DefaultMavenResourcesFiltering - Copying 0 resource from src/main/resources to target/classes
2025-09-21 12:26:38,693 [Worker-36: Building] INFO  o.a.m.s.f.DefaultMavenResourcesFiltering - Copying 1 resource from src/main/resources to target/classes
2025-09-21 12:26:38,697 [Worker-36: Building] INFO  o.a.m.s.f.DefaultMavenResourcesFiltering - skip non existing resourceDirectory /home/diamanka/eclipse-workspace /api/src/test/resources
2025-09-21 12:26:52,329 [Worker-35: Building] INFO  o.a.m.s.f.DefaultMavenResourcesFiltering - Copying 0 resource from src/main/resources to target/classes
2025-09-21 12:26:52,330 [Worker-35: Building] INFO  o.a.m.s.f.DefaultMavenResourcesFiltering - Copying 1 resource from src/main/resources to target/classes
2025-09-21 12:26:52,333 [Worker-35: Building] INFO  o.a.m.s.f.DefaultMavenResourcesFiltering - skip non existing resourceDirectory /home/diamanka/eclipse-workspace /api/src/test/resources
2025-09-21 12:27:16,389 [Worker-35: Building] INFO  o.a.m.s.f.DefaultMavenResourcesFiltering - Copying 0 resource from src/main/resources to target/classes
2025-09-21 12:27:16,389 [Worker-35: Building] INFO  o.a.m.s.f.DefaultMavenResourcesFiltering - Copying 1 resource from src/main/resources to target/classes
2025-09-21 12:27:16,393 [Worker-35: Building] INFO  o.a.m.s.f.DefaultMavenResourcesFiltering - skip non existing resourceDirectory /home/diamanka/eclipse-workspace /api/src/test/resources
2025-09-21 12:29:32,524 [Worker-34: Building] INFO  o.a.m.s.f.DefaultMavenResourcesFiltering - Copying 0 resource from src/main/resources to target/classes
2025-09-21 12:29:32,525 [Worker-34: Building] INFO  o.a.m.s.f.DefaultMavenResourcesFiltering - Copying 1 resource from src/main/resources to target/classes
2025-09-21 12:29:32,529 [Worker-34: Building] INFO  o.a.m.s.f.DefaultMavenResourcesFiltering - skip non existing resourceDirectory /home/diamanka/eclipse-workspace /api/src/test/resources
2025-09-21 12:30:21,736 [Worker-36: Building] INFO  o.a.m.s.f.DefaultMavenResourcesFiltering - Copying 0 resource from src/main/resources to target/classes
2025-09-21 12:30:21,736 [Worker-36: Building] INFO  o.a.m.s.f.DefaultMavenResourcesFiltering - Copying 1 resource from src/main/resources to target/classes
2025-09-21 12:30:21,739 [Worker-36: Building] INFO  o.a.m.s.f.DefaultMavenResourcesFiltering - skip non existing resourceDirectory /home/diamanka/eclipse-workspace /api/src/test/resources
2025-09-21 12:30:43,692 [Worker-36: Building] INFO  o.a.m.s.f.DefaultMavenResourcesFiltering - Copying 0 resource from src/main/resources to target/classes
2025-09-21 12:30:43,693 [Worker-36: Building] INFO  o.a.m.s.f.DefaultMavenResourcesFiltering - Copying 1 resource from src/main/resources to target/classes
2025-09-21 12:30:43,695 [Worker-36: Building] INFO  o.a.m.s.f.DefaultMavenResourcesFiltering - skip non existing resourceDirectory /home/diamanka/eclipse-workspace /api/src/test/resources
2025-09-21 12:30:56,042 [Worker-40: Building] INFO  o.a.m.s.f.DefaultMavenResourcesFiltering - Copying 0 resource from src/main/resources to target/classes
2025-09-21 12:30:56,042 [Worker-40: Building] INFO  o.a.m.s.f.DefaultMavenResourcesFiltering - Copying 1 resource from src/main/resources to target/classes
2025-09-21 12:30:56,046 [Worker-40: Building] INFO  o.a.m.s.f.DefaultMavenResourcesFiltering - skip non existing resourceDirectory /home/diamanka/eclipse-workspace /api/src/test/resources
2025-09-21 12:31:58,903 [Worker-38: Building] INFO  o.a.m.s.f.DefaultMavenResourcesFiltering - Copying 1 resource from src/main/resources to target/classes
2025-09-21 12:31:58,910 [Worker-38: Building] INFO  o.a.m.s.f.DefaultMavenResourcesFiltering - Copying 4 resources from src/main/resources to target/classes
2025-09-21 12:31:58,913 [Worker-38: Building] INFO  o.a.m.s.f.DefaultMavenResourcesFiltering - skip non existing resourceDirectory /home/diamanka/eclipse-workspace /api/src/test/resources
2025-09-22 11:33:17,998 [Worker-6: Loading available Gradle versions] INFO  o.e.b.c.i.u.g.PublishedGradleVersions - Gradle version information cache is up-to-date. Trying to read.
2025-09-22 11:35:31,303 [Worker-5: Launching ApiApplication] INFO  o.a.m.s.f.DefaultMavenResourcesFiltering - Copying 1 resource from src/main/resources to target/classes
2025-09-22 11:35:31,328 [Worker-5: Launching ApiApplication] INFO  o.a.m.s.f.DefaultMavenResourcesFiltering - Copying 4 resources from src/main/resources to target/classes
2025-09-22 11:35:31,340 [Worker-5: Launching ApiApplication] INFO  o.a.m.s.f.DefaultMavenResourcesFiltering - skip non existing resourceDirectory /home/diamanka/eclipse-workspace /api/src/test/resources
2025-09-22 11:35:33,042 [Worker-28: Building] INFO  o.e.m.c.i.p.WorkspaceClassifierResolverManager - Resolving P/api: com.openclassroom:api:0.0.1-SNAPSHOT with classifier  to /api/target/classes
2025-09-22 11:35:33,141 [Worker-28: Building] INFO  o.a.m.s.f.DefaultMavenResourcesFiltering - Copying 1 resource from src/main/resources to target/classes
2025-09-22 11:35:33,154 [Worker-28: Building] INFO  o.a.m.s.f.DefaultMavenResourcesFiltering - Copying 4 resources from src/main/resources to target/classes
2025-09-22 11:35:33,161 [Worker-28: Building] INFO  o.a.m.s.f.DefaultMavenResourcesFiltering - skip non existing resourceDirectory /home/diamanka/eclipse-workspace /webapp/src/test/resources
2025-09-22 12:27:26,632 [Worker-34: Building] INFO  o.a.m.s.f.DefaultMavenResourcesFiltering - Copying 1 resource from src/main/resources to target/classes
2025-09-22 12:27:26,645 [Worker-34: Building] INFO  o.a.m.s.f.DefaultMavenResourcesFiltering - Copying 4 resources from src/main/resources to target/classes
2025-09-22 12:27:26,655 [Worker-34: Building] INFO  o.a.m.s.f.DefaultMavenResourcesFiltering - skip non existing resourceDirectory /home/diamanka/eclipse-workspace /api/src/test/resources
2025-09-22 12:30:23,449 [Worker-23: Building] INFO  o.a.m.s.f.DefaultMavenResourcesFiltering - Copying 1 resource from src/main/resources to target/classes
2025-09-22 12:30:23,466 [Worker-23: Building] INFO  o.a.m.s.f.DefaultMavenResourcesFiltering - Copying 4 resources from src/main/resources to target/classes
2025-09-22 12:30:23,475 [Worker-23: Building] INFO  o.a.m.s.f.DefaultMavenResourcesFiltering - skip non existing resourceDirectory /home/diamanka/eclipse-workspace /api/src/test/resources
2025-09-22 12:31:24,255 [Worker-4: Building] INFO  o.a.m.s.f.DefaultMavenResourcesFiltering - Copying 1 resource from src/main/resources to target/classes
2025-09-22 12:31:24,264 [Worker-4: Building] INFO  o.a.m.s.f.DefaultMavenResourcesFiltering - Copying 4 resources from src/main/resources to target/classes
2025-09-22 12:31:24,273 [Worker-4: Building] INFO  o.a.m.s.f.DefaultMavenResourcesFiltering - skip non existing resourceDirectory /home/diamanka/eclipse-workspace /api/src/test/resources
2025-09-22 12:37:30,757 [Worker-4: Building] INFO  o.a.m.s.f.DefaultMavenResourcesFiltering - Copying 1 resource from src/main/resources to target/classes
2025-09-22 12:37:30,763 [Worker-4: Building] INFO  o.a.m.s.f.DefaultMavenResourcesFiltering - Copying 4 resources from src/main/resources to target/classes
2025-09-22 12:37:30,767 [Worker-4: Building] INFO  o.a.m.s.f.DefaultMavenResourcesFiltering - skip non existing resourceDirectory /home/diamanka/eclipse-workspace /api/src/test/resources
2025-09-22 12:44:02,870 [Worker-33: Building] INFO  o.a.m.s.f.DefaultMavenResourcesFiltering - Copying 1 resource from src/main/resources to target/classes
2025-09-22 12:44:02,876 [Worker-33: Building] INFO  o.a.m.s.f.DefaultMavenResourcesFiltering - Copying 4 resources from src/main/resources to target/classes
2025-09-22 12:44:02,881 [Worker-33: Building] INFO  o.a.m.s.f.DefaultMavenResourcesFiltering - skip non existing resourceDirectory /home/diamanka/eclipse-workspace /api/src/test/resources
2025-09-22 12:47:08,187 [Worker-28: Building] INFO  o.a.m.s.f.DefaultMavenResourcesFiltering - Copying 1 resource from src/main/resources to target/classes
2025-09-22 12:47:08,200 [Worker-28: Building] INFO  o.a.m.s.f.DefaultMavenResourcesFiltering - Copying 4 resources from src/main/resources to target/classes
2025-09-22 12:47:08,208 [Worker-28: Building] INFO  o.a.m.s.f.DefaultMavenResourcesFiltering - skip non existing resourceDirectory /home/diamanka/eclipse-workspace /api/src/test/resources
2025-09-22 18:26:50,318 [Worker-33: Building] INFO  o.a.m.s.f.DefaultMavenResourcesFiltering - Copying 1 resource from src/main/resources to target/classes
2025-09-22 18:26:50,325 [Worker-33: Building] INFO  o.a.m.s.f.DefaultMavenResourcesFiltering - Copying 4 resources from src/main/resources to target/classes
2025-09-22 18:26:50,330 [Worker-33: Building] INFO  o.a.m.s.f.DefaultMavenResourcesFiltering - skip non existing resourceDirectory /home/diamanka/eclipse-workspace /api/src/test/resources
2025-09-22 18:40:05,834 [Worker-23: Building] INFO  o.a.m.s.f.DefaultMavenResourcesFiltering - Copying 1 resource from src/main/resources to target/classes
2025-09-22 18:40:05,839 [Worker-23: Building] INFO  o.a.m.s.f.DefaultMavenResourcesFiltering - Copying 4 resources from src/main/resources to target/classes
2025-09-22 18:40:05,843 [Worker-23: Building] INFO  o.a.m.s.f.DefaultMavenResourcesFiltering - skip non existing resourceDirectory /home/diamanka/eclipse-workspace /api/src/test/resources
2025-09-22 18:40:24,156 [Worker-33: Building] INFO  o.a.m.s.f.DefaultMavenResourcesFiltering - Copying 1 resource from src/main/resources to target/classes
2025-09-22 18:40:24,159 [Worker-33: Building] INFO  o.a.m.s.f.DefaultMavenResourcesFiltering - Copying 4 resources from src/main/resources to target/classes
2025-09-22 18:40:24,161 [Worker-33: Building] INFO  o.a.m.s.f.DefaultMavenResourcesFiltering - skip non existing resourceDirectory /home/diamanka/eclipse-workspace /api/src/test/resources
2025-09-22 18:40:58,884 [Worker-33: Building] INFO  o.a.m.s.f.DefaultMavenResourcesFiltering - Copying 1 resource from src/main/resources to target/classes
2025-09-22 18:40:58,889 [Worker-33: Building] INFO  o.a.m.s.f.DefaultMavenResourcesFiltering - Copying 4 resources from src/main/resources to target/classes
2025-09-22 18:40:58,893 [Worker-33: Building] INFO  o.a.m.s.f.DefaultMavenResourcesFiltering - skip non existing resourceDirectory /home/diamanka/eclipse-workspace /api/src/test/resources
2025-09-23 00:56:33,171 [Worker-37: Launching ApiApplication] INFO  o.a.m.s.f.DefaultMavenResourcesFiltering - Copying 1 resource from src/main/resources to target/classes
2025-09-23 00:56:33,223 [Worker-37: Launching ApiApplication] INFO  o.a.m.s.f.DefaultMavenResourcesFiltering - Copying 4 resources from src/main/resources to target/classes
2025-09-23 00:56:33,233 [Worker-37: Launching ApiApplication] INFO  o.a.m.s.f.DefaultMavenResourcesFiltering - skip non existing resourceDirectory /home/diamanka/eclipse-workspace /api/src/test/resources
2025-09-23 00:56:49,252 [Worker-35: Building] INFO  o.a.m.s.f.DefaultMavenResourcesFiltering - Copying 1 resource from src/main/resources to target/classes
2025-09-23 00:56:49,255 [Worker-35: Building] INFO  o.a.m.s.f.DefaultMavenResourcesFiltering - Copying 4 resources from src/main/resources to target/classes
2025-09-23 00:56:49,257 [Worker-35: Building] INFO  o.a.m.s.f.DefaultMavenResourcesFiltering - skip non existing resourceDirectory /home/diamanka/eclipse-workspace /api/src/test/resources
2025-09-23 01:03:00,547 [Worker-23: Building] INFO  o.a.m.s.f.DefaultMavenResourcesFiltering - Copying 1 resource from src/main/resources to target/classes
2025-09-23 01:03:00,551 [Worker-23: Building] INFO  o.a.m.s.f.DefaultMavenResourcesFiltering - Copying 0 resource from src/main/resources to target/classes
2025-09-23 01:03:00,553 [Worker-23: Building] INFO  o.a.m.s.f.DefaultMavenResourcesFiltering - skip non existing resourceDirectory /home/diamanka/eclipse-workspace /api/src/test/resources
2025-09-23 01:06:40,462 [Worker-28: Building] INFO  o.e.m.c.i.l.LifecycleMappingFactory - Using org.eclipse.m2e.jdt.JarLifecycleMapping lifecycle mapping for MavenProject: com.openclassroom:api:0.0.1-SNAPSHOT @ /home/diamanka/eclipse-workspace /api/pom.xml.
2025-09-23 01:06:40,726 [Worker-28: Building] INFO  o.a.m.s.f.DefaultMavenResourcesFiltering - Copying 0 resource from src/main/resources to target/classes
2025-09-23 01:06:40,726 [Worker-28: Building] INFO  o.a.m.s.f.DefaultMavenResourcesFiltering - Copying 0 resource from src/main/resources to target/classes
2025-09-23 01:06:40,729 [Worker-28: Building] INFO  o.a.m.s.f.DefaultMavenResourcesFiltering - skip non existing resourceDirectory /home/diamanka/eclipse-workspace /api/src/test/resources
2025-09-23 01:11:23,842 [Worker-38: Building] INFO  o.e.m.c.i.l.LifecycleMappingFactory - Using org.eclipse.m2e.jdt.JarLifecycleMapping lifecycle mapping for MavenProject: com.openclassroom:api:0.0.1-SNAPSHOT @ /home/diamanka/eclipse-workspace /api/pom.xml.
2025-09-23 01:11:24,456 [Worker-38: Building] INFO  o.e.m.c.i.e.AbstractTransferListenerAdapter - Downloading https://repo.maven.apache.org/maven2/org/postgresql/postgresql/42.2.1/postgresql-42.2.1.pom
2025-09-23 01:11:24,496 [Worker-38: Building] INFO  o.e.m.c.i.e.AbstractTransferListenerAdapter - Downloaded https://repo.maven.apache.org/maven2/org/postgresql/postgresql/42.2.1/postgresql-42.2.1.pom
2025-09-23 01:11:24,684 [Worker-38: Building] INFO  o.e.m.c.i.e.AbstractTransferListenerAdapter - Downloading https://repo.maven.apache.org/maven2/org/postgresql/pgjdbc-core-parent/1.1.3/pgjdbc-core-parent-1.1.3.pom
2025-09-23 01:11:24,693 [Worker-38: Building] INFO  o.e.m.c.i.e.AbstractTransferListenerAdapter - Downloaded https://repo.maven.apache.org/maven2/org/postgresql/pgjdbc-core-parent/1.1.3/pgjdbc-core-parent-1.1.3.pom
2025-09-23 01:11:24,963 [Worker-38: Building] INFO  o.e.m.c.i.e.AbstractTransferListenerAdapter - Downloading https://repo.maven.apache.org/maven2/org/postgresql/pgjdbc-versions/1.1.3/pgjdbc-versions-1.1.3.pom
2025-09-23 01:11:24,969 [Worker-38: Building] INFO  o.e.m.c.i.e.AbstractTransferListenerAdapter - Downloaded https://repo.maven.apache.org/maven2/org/postgresql/pgjdbc-versions/1.1.3/pgjdbc-versions-1.1.3.pom
2025-09-23 01:11:25,154 [Worker-38: Building] INFO  o.e.m.c.i.e.AbstractTransferListenerAdapter - Downloading https://repo.maven.apache.org/maven2/org/postgresql/postgresql/42.2.1/postgresql-42.2.1.jar
2025-09-23 01:11:25,770 [Worker-38: Building] INFO  o.e.m.c.i.e.AbstractTransferListenerAdapter - Downloaded https://repo.maven.apache.org/maven2/org/postgresql/postgresql/42.2.1/postgresql-42.2.1.jar
2025-09-23 01:11:25,959 [Worker-38: Building] INFO  o.e.m.c.i.l.LifecycleMappingFactory - Using org.eclipse.m2e.jdt.JarLifecycleMapping lifecycle mapping for MavenProject: com.openclassroom:webapp:0.0.1-SNAPSHOT @ /home/diamanka/eclipse-workspace /webapp/pom.xml.
2025-09-23 01:11:26,027 [Worker-38: Building] INFO  o.e.m.c.i.p.WorkspaceClassifierResolverManager - Resolving P/api: com.openclassroom:api:0.0.1-SNAPSHOT with classifier  to /api/target/classes
2025-09-23 01:11:26,310 [Worker-38: Building] INFO  o.a.m.s.f.DefaultMavenResourcesFiltering - Copying 0 resource from src/main/resources to target/classes
2025-09-23 01:11:26,312 [Worker-38: Building] INFO  o.a.m.s.f.DefaultMavenResourcesFiltering - Copying 0 resource from src/main/resources to target/classes
2025-09-23 01:11:26,318 [Worker-38: Building] INFO  o.a.m.s.f.DefaultMavenResourcesFiltering - skip non existing resourceDirectory /home/diamanka/eclipse-workspace /api/src/test/resources
2025-09-23 01:11:26,662 [Worker-38: Building] INFO  o.a.m.s.f.DefaultMavenResourcesFiltering - Copying 1 resource from src/main/resources to target/classes
2025-09-23 01:11:26,674 [Worker-38: Building] INFO  o.a.m.s.f.DefaultMavenResourcesFiltering - Copying 4 resources from src/main/resources to target/classes
2025-09-23 01:11:26,678 [Worker-38: Building] INFO  o.a.m.s.f.DefaultMavenResourcesFiltering - skip non existing resourceDirectory /home/diamanka/eclipse-workspace /api/src/test/resources
2025-09-23 01:11:26,696 [Worker-38: Building] INFO  o.a.m.s.f.DefaultMavenResourcesFiltering - Copying 1 resource from src/main/resources to target/classes
2025-09-23 01:11:26,698 [Worker-38: Building] INFO  o.a.m.s.f.DefaultMavenResourcesFiltering - Copying 4 resources from src/main/resources to target/classes
2025-09-23 01:11:26,705 [Worker-38: Building] INFO  o.a.m.s.f.DefaultMavenResourcesFiltering - skip non existing resourceDirectory /home/diamanka/eclipse-workspace /webapp/src/test/resources
2025-09-23 01:11:27,390 [Worker-5: Download sources and javadoc] INFO  o.e.m.c.i.e.AbstractTransferListenerAdapter - Downloading https://repo.maven.apache.org/maven2/org/postgresql/postgresql/42.2.1/postgresql-42.2.1-sources.jar
2025-09-23 01:11:27,675 [Worker-5: Download sources and javadoc] INFO  o.e.m.c.i.e.AbstractTransferListenerAdapter - Downloaded https://repo.maven.apache.org/maven2/org/postgresql/postgresql/42.2.1/postgresql-42.2.1-sources.jar
2025-09-23 01:11:27,677 [Worker-5: Download sources and javadoc] INFO  o.e.m.j.internal.DownloadSourcesJob - Downloaded sources for org.postgresql:postgresql:42.2.1
2025-09-23 01:15:11,905 [Worker-4: Building] INFO  o.a.m.s.f.DefaultMavenResourcesFiltering - Copying 1 resource from src/main/resources to target/classes
2025-09-23 01:15:11,909 [Worker-4: Building] INFO  o.a.m.s.f.DefaultMavenResourcesFiltering - Copying 0 resource from src/main/resources to target/classes
2025-09-23 01:15:11,912 [Worker-4: Building] INFO  o.a.m.s.f.DefaultMavenResourcesFiltering - skip non existing resourceDirectory /home/diamanka/eclipse-workspace /api/src/test/resources
2025-09-23 01:15:49,746 [Worker-28: Building] INFO  o.a.m.s.f.DefaultMavenResourcesFiltering - Copying 1 resource from src/main/resources to target/classes
2025-09-23 01:15:49,760 [Worker-28: Building] INFO  o.a.m.s.f.DefaultMavenResourcesFiltering - Copying 0 resource from src/main/resources to target/classes
2025-09-23 01:15:49,770 [Worker-28: Building] INFO  o.a.m.s.f.DefaultMavenResourcesFiltering - skip non existing resourceDirectory /home/diamanka/eclipse-workspace /api/src/test/resources
2025-09-23 01:16:03,891 [Worker-28: Building] INFO  o.a.m.s.f.DefaultMavenResourcesFiltering - Copying 1 resource from src/main/resources to target/classes
2025-09-23 01:16:03,896 [Worker-28: Building] INFO  o.a.m.s.f.DefaultMavenResourcesFiltering - Copying 0 resource from src/main/resources to target/classes
2025-09-23 01:16:03,900 [Worker-28: Building] INFO  o.a.m.s.f.DefaultMavenResourcesFiltering - skip non existing resourceDirectory /home/diamanka/eclipse-workspace /api/src/test/resources
2025-09-23 12:19:54,876 [Worker-7: Loading available Gradle versions] INFO  o.e.b.c.i.u.g.PublishedGradleVersions - Gradle version information cache is out-of-date. Trying to update.
2025-09-23 12:28:53,364 [Worker-6: Building] INFO  o.a.m.s.f.DefaultMavenResourcesFiltering - Copying 1 resource from src/main/resources to target/classes
2025-09-23 12:28:53,419 [Worker-6: Building] INFO  o.a.m.s.f.DefaultMavenResourcesFiltering - Copying 4 resources from src/main/resources to target/classes
2025-09-23 12:28:53,442 [Worker-6: Building] INFO  o.a.m.s.f.DefaultMavenResourcesFiltering - skip non existing resourceDirectory /home/diamanka/eclipse-workspace /api/src/test/resources
2025-09-23 12:41:26,488 [Worker-29: Building] INFO  o.a.m.s.f.DefaultMavenResourcesFiltering - Copying 1 resource from src/main/resources to target/classes
2025-09-23 12:41:26,494 [Worker-29: Building] INFO  o.a.m.s.f.DefaultMavenResourcesFiltering - Copying 0 resource from src/main/resources to target/classes
2025-09-23 12:41:26,498 [Worker-29: Building] INFO  o.a.m.s.f.DefaultMavenResourcesFiltering - skip non existing resourceDirectory /home/diamanka/eclipse-workspace /api/src/test/resources
2025-09-23 12:41:42,481 [Worker-1: Building] INFO  o.a.m.s.f.DefaultMavenResourcesFiltering - Copying 1 resource from src/main/resources to target/classes
2025-09-23 12:41:42,487 [Worker-1: Building] INFO  o.a.m.s.f.DefaultMavenResourcesFiltering - Copying 0 resource from src/main/resources to target/classes
2025-09-23 12:41:42,491 [Worker-1: Building] INFO  o.a.m.s.f.DefaultMavenResourcesFiltering - skip non existing resourceDirectory /home/diamanka/eclipse-workspace /api/src/test/resources
2025-09-23 20:36:46,892 [Worker-25: Building] INFO  o.a.m.s.f.DefaultMavenResourcesFiltering - Copying 1 resource from src/main/resources to target/classes
2025-09-23 20:36:46,913 [Worker-25: Building] INFO  o.a.m.s.f.DefaultMavenResourcesFiltering - Copying 0 resource from src/main/resources to target/classes
2025-09-23 20:36:46,920 [Worker-25: Building] INFO  o.a.m.s.f.DefaultMavenResourcesFiltering - skip non existing resourceDirectory /home/diamanka/eclipse-workspace /api/src/test/resources
2025-09-23 20:40:33,988 [Worker-6: Building] INFO  o.a.m.s.f.DefaultMavenResourcesFiltering - Copying 0 resource from src/main/resources to target/classes
2025-09-23 20:40:33,988 [Worker-6: Building] INFO  o.a.m.s.f.DefaultMavenResourcesFiltering - Copying 1 resource from src/main/resources to target/classes
2025-09-23 20:40:33,993 [Worker-6: Building] INFO  o.a.m.s.f.DefaultMavenResourcesFiltering - skip non existing resourceDirectory /home/diamanka/eclipse-workspace /api/src/test/resources
2025-09-23 20:42:37,063 [Worker-25: Building] INFO  o.a.m.s.f.DefaultMavenResourcesFiltering - Copying 0 resource from src/main/resources to target/classes
2025-09-23 20:42:37,064 [Worker-25: Building] INFO  o.a.m.s.f.DefaultMavenResourcesFiltering - Copying 1 resource from src/main/resources to target/classes
2025-09-23 20:42:37,068 [Worker-25: Building] INFO  o.a.m.s.f.DefaultMavenResourcesFiltering - skip non existing resourceDirectory /home/diamanka/eclipse-workspace /api/src/test/resources
2025-09-23 20:45:59,056 [Worker-31: Building] INFO  o.a.m.s.f.DefaultMavenResourcesFiltering - Copying 0 resource from src/main/resources to target/classes
2025-09-23 20:45:59,056 [Worker-31: Building] INFO  o.a.m.s.f.DefaultMavenResourcesFiltering - Copying 1 resource from src/main/resources to target/classes
2025-09-23 20:45:59,060 [Worker-31: Building] INFO  o.a.m.s.f.DefaultMavenResourcesFiltering - skip non existing resourceDirectory /home/diamanka/eclipse-workspace /api/src/test/resources
2025-09-23 20:46:36,619 [Worker-28: Building] INFO  o.a.m.s.f.DefaultMavenResourcesFiltering - Copying 1 resource from src/main/resources to target/classes
2025-09-23 20:46:36,649 [Worker-28: Building] INFO  o.a.m.s.f.DefaultMavenResourcesFiltering - Copying 0 resource from src/main/resources to target/classes
2025-09-23 20:46:36,659 [Worker-28: Building] INFO  o.a.m.s.f.DefaultMavenResourcesFiltering - skip non existing resourceDirectory /home/diamanka/eclipse-workspace /api/src/test/resources
2025-09-23 20:50:09,599 [Worker-33: Building] INFO  o.a.m.s.f.DefaultMavenResourcesFiltering - Copying 1 resource from src/main/resources to target/classes
2025-09-23 20:50:09,604 [Worker-33: Building] INFO  o.a.m.s.f.DefaultMavenResourcesFiltering - Copying 0 resource from src/main/resources to target/classes
2025-09-23 20:50:09,608 [Worker-33: Building] INFO  o.a.m.s.f.DefaultMavenResourcesFiltering - skip non existing resourceDirectory /home/diamanka/eclipse-workspace /api/src/test/resources
2025-09-23 20:51:34,699 [Worker-31: Building] INFO  o.a.m.s.f.DefaultMavenResourcesFiltering - Copying 1 resource from src/main/resources to target/classes
2025-09-23 20:51:34,721 [Worker-31: Building] INFO  o.a.m.s.f.DefaultMavenResourcesFiltering - Copying 0 resource from src/main/resources to target/classes
2025-09-23 20:51:34,734 [Worker-31: Building] INFO  o.a.m.s.f.DefaultMavenResourcesFiltering - skip non existing resourceDirectory /home/diamanka/eclipse-workspace /api/src/test/resources
2025-09-24 11:19:08,523 [Worker-6: Loading available Gradle versions] INFO  o.e.b.c.i.u.g.PublishedGradleVersions - Gradle version information cache is up-to-date. Trying to read.
2025-09-24 11:53:58,151 [Worker-35: Building] INFO  o.a.m.s.f.DefaultMavenResourcesFiltering - Copying 1 resource from src/main/resources to target/classes
2025-09-24 11:53:58,172 [Worker-35: Building] INFO  o.a.m.s.f.DefaultMavenResourcesFiltering - Copying 4 resources from src/main/resources to target/classes
2025-09-24 11:53:58,184 [Worker-35: Building] INFO  o.a.m.s.f.DefaultMavenResourcesFiltering - skip non existing resourceDirectory /home/diamanka/eclipse-workspace /api/src/test/resources
2025-09-24 11:58:46,885 [Worker-5: Loading available Gradle versions] INFO  o.e.b.c.i.u.g.PublishedGradleVersions - Gradle version information cache is up-to-date. Trying to read.
2025-09-24 11:58:54,923 [Worker-7: Building] INFO  o.a.m.s.f.DefaultMavenResourcesFiltering - Copying 1 resource from src/main/resources to target/classes
2025-09-24 11:58:54,948 [Worker-7: Building] INFO  o.a.m.s.f.DefaultMavenResourcesFiltering - Copying 4 resources from src/main/resources to target/classes
2025-09-24 11:58:54,958 [Worker-7: Building] INFO  o.a.m.s.f.DefaultMavenResourcesFiltering - skip non existing resourceDirectory /home/diamanka/eclipse-workspace /api/src/test/resources
2025-09-24 12:06:38,171 [Worker-32: Building] INFO  o.a.m.s.f.DefaultMavenResourcesFiltering - Copying 1 resource from src/main/resources to target/classes
2025-09-24 12:06:38,185 [Worker-32: Building] INFO  o.a.m.s.f.DefaultMavenResourcesFiltering - Copying 0 resource from src/main/resources to target/classes
2025-09-24 12:06:38,190 [Worker-32: Building] INFO  o.a.m.s.f.DefaultMavenResourcesFiltering - skip non existing resourceDirectory /home/diamanka/eclipse-workspace /api/src/test/resources
2025-09-24 12:27:17,481 [Worker-35: Building] INFO  o.a.m.s.f.DefaultMavenResourcesFiltering - Copying 1 resource from src/main/resources to target/classes
2025-09-24 12:27:17,499 [Worker-35: Building] INFO  o.a.m.s.f.DefaultMavenResourcesFiltering - skip non existing resourceDirectory /home/diamanka/eclipse-workspace /api/src/test/resources
2025-09-24 14:16:37,979 [Worker-34: Building] INFO  o.a.m.s.f.DefaultMavenResourcesFiltering - Copying 1 resource from src/main/resources to target/classes
2025-09-24 14:16:37,984 [Worker-34: Building] INFO  o.a.m.s.f.DefaultMavenResourcesFiltering - skip non existing resourceDirectory /home/diamanka/eclipse-workspace /api/src/test/resources
2025-09-24 15:07:37,791 [Worker-38: Building] INFO  o.a.m.s.f.DefaultMavenResourcesFiltering - Copying 1 resource from src/main/resources to target/classes
2025-09-24 15:07:37,800 [Worker-38: Building] INFO  o.a.m.s.f.DefaultMavenResourcesFiltering - skip non existing resourceDirectory /home/diamanka/eclipse-workspace /api/src/test/resources
2025-09-24 16:02:09,869 [Worker-35: Building] INFO  o.a.m.s.f.DefaultMavenResourcesFiltering - Copying 1 resource from src/main/resources to target/classes
2025-09-24 16:02:09,876 [Worker-35: Building] INFO  o.a.m.s.f.DefaultMavenResourcesFiltering - Copying 0 resource from src/main/resources to target/classes
2025-09-24 16:02:09,879 [Worker-35: Building] INFO  o.a.m.s.f.DefaultMavenResourcesFiltering - skip non existing resourceDirectory /home/diamanka/eclipse-workspace /api/src/test/resources
2025-09-24 16:02:20,212 [Worker-38: Building] INFO  o.a.m.s.f.DefaultMavenResourcesFiltering - Copying 1 resource from src/main/resources to target/classes
2025-09-24 16:02:20,219 [Worker-38: Building] INFO  o.a.m.s.f.DefaultMavenResourcesFiltering - Copying 0 resource from src/main/resources to target/classes
2025-09-24 16:02:20,221 [Worker-38: Building] INFO  o.a.m.s.f.DefaultMavenResourcesFiltering - skip non existing resourceDirectory /home/diamanka/eclipse-workspace /api/src/test/resources
2025-09-24 16:09:46,702 [Worker-39: Building] INFO  o.a.m.s.f.DefaultMavenResourcesFiltering - Copying 0 resource from src/main/resources to target/classes
2025-09-24 16:09:46,703 [Worker-39: Building] INFO  o.a.m.s.f.DefaultMavenResourcesFiltering - Copying 0 resource from src/main/resources to target/classes
2025-09-24 16:09:46,705 [Worker-39: Building] INFO  o.a.m.s.f.DefaultMavenResourcesFiltering - skip non existing resourceDirectory /home/diamanka/eclipse-workspace /api/src/test/resources
2025-09-24 16:12:26,492 [Worker-34: Building] INFO  o.a.m.s.f.DefaultMavenResourcesFiltering - Copying 1 resource from src/main/resources to target/classes
2025-09-24 16:12:26,521 [Worker-34: Building] INFO  o.a.m.s.f.DefaultMavenResourcesFiltering - Copying 0 resource from src/main/resources to target/classes
2025-09-24 16:12:26,529 [Worker-34: Building] INFO  o.a.m.s.f.DefaultMavenResourcesFiltering - skip non existing resourceDirectory /home/diamanka/eclipse-workspace /api/src/test/resources
2025-09-24 17:18:15,176 [Worker-37: Building] INFO  o.a.m.s.f.DefaultMavenResourcesFiltering - Copying 1 resource from src/main/resources to target/classes
2025-09-24 17:18:15,190 [Worker-37: Building] INFO  o.a.m.s.f.DefaultMavenResourcesFiltering - Copying 4 resources from src/main/resources to target/classes
2025-09-24 17:18:15,199 [Worker-37: Building] INFO  o.a.m.s.f.DefaultMavenResourcesFiltering - skip non existing resourceDirectory /home/diamanka/eclipse-workspace /api/src/test/resources
2025-09-24 17:25:17,113 [Worker-37: Building] INFO  o.a.m.s.f.DefaultMavenResourcesFiltering - Copying 1 resource from src/main/resources to target/classes
2025-09-24 17:25:17,123 [Worker-37: Building] INFO  o.a.m.s.f.DefaultMavenResourcesFiltering - Copying 4 resources from src/main/resources to target/classes
2025-09-24 17:25:17,131 [Worker-37: Building] INFO  o.a.m.s.f.DefaultMavenResourcesFiltering - skip non existing resourceDirectory /home/diamanka/eclipse-workspace /api/src/test/resources
2025-10-13 14:38:07,217 [Worker-6: Loading available Gradle versions] INFO  o.e.b.c.i.u.g.PublishedGradleVersions - Gradle version information cache is out-of-date. Trying to update.
2025-10-14 15:48:37,136 [Worker-125: Building] INFO  o.a.m.s.f.DefaultMavenResourcesFiltering - Copying 1 resource from src/main/resources to target/classes
2025-10-14 15:48:37,159 [Worker-125: Building] INFO  o.a.m.s.f.DefaultMavenResourcesFiltering - Copying 4 resources from src/main/resources to target/classes
2025-10-14 15:48:37,167 [Worker-125: Building] INFO  o.a.m.s.f.DefaultMavenResourcesFiltering - skip non existing resourceDirectory /home/diamanka/eclipse-workspace /api/src/test/resources
2025-10-14 15:50:09,946 [Worker-132: Building] INFO  o.a.m.s.f.DefaultMavenResourcesFiltering - Copying 1 resource from src/main/resources to target/classes
2025-10-14 15:50:09,955 [Worker-132: Building] INFO  o.a.m.s.f.DefaultMavenResourcesFiltering - Copying 4 resources from src/main/resources to target/classes
2025-10-14 15:50:09,960 [Worker-132: Building] INFO  o.a.m.s.f.DefaultMavenResourcesFiltering - skip non existing resourceDirectory /home/diamanka/eclipse-workspace /api/src/test/resources
2025-10-14 15:50:14,623 [Worker-125: Building] INFO  o.a.m.s.f.DefaultMavenResourcesFiltering - Copying 1 resource from src/main/resources to target/classes
2025-10-14 15:50:14,630 [Worker-125: Building] INFO  o.a.m.s.f.DefaultMavenResourcesFiltering - Copying 4 resources from src/main/resources to target/classes
2025-10-14 15:50:14,636 [Worker-125: Building] INFO  o.a.m.s.f.DefaultMavenResourcesFiltering - skip non existing resourceDirectory /home/diamanka/eclipse-workspace /api/src/test/resources
2025-10-14 15:50:56,945 [Worker-138: Building] INFO  o.a.m.s.f.DefaultMavenResourcesFiltering - Copying 1 resource from src/main/resources to target/classes
2025-10-14 15:50:56,959 [Worker-138: Building] INFO  o.a.m.s.f.DefaultMavenResourcesFiltering - Copying 4 resources from src/main/resources to target/classes
2025-10-14 15:50:56,969 [Worker-138: Building] INFO  o.a.m.s.f.DefaultMavenResourcesFiltering - skip non existing resourceDirectory /home/diamanka/eclipse-workspace /api/src/test/resources
2025-10-14 15:51:01,454 [Worker-137: Building] INFO  o.a.m.s.f.DefaultMavenResourcesFiltering - Copying 1 resource from src/main/resources to target/classes
2025-10-14 15:51:01,459 [Worker-137: Building] INFO  o.a.m.s.f.DefaultMavenResourcesFiltering - Copying 4 resources from src/main/resources to target/classes
2025-10-14 15:51:01,462 [Worker-137: Building] INFO  o.a.m.s.f.DefaultMavenResourcesFiltering - skip non existing resourceDirectory /home/diamanka/eclipse-workspace /api/src/test/resources
2025-10-14 15:51:09,660 [Worker-136: Building] INFO  o.a.m.s.f.DefaultMavenResourcesFiltering - Copying 1 resource from src/main/resources to target/classes
2025-10-14 15:51:09,668 [Worker-136: Building] INFO  o.a.m.s.f.DefaultMavenResourcesFiltering - Copying 4 resources from src/main/resources to target/classes
2025-10-14 15:51:09,674 [Worker-136: Building] INFO  o.a.m.s.f.DefaultMavenResourcesFiltering - skip non existing resourceDirectory /home/diamanka/eclipse-workspace /api/src/test/resources
2026-01-21 13:58:12,903 [Worker-6: Loading available Gradle versions] INFO  o.e.b.c.i.u.g.PublishedGradleVersions - Gradle version information cache is out-of-date. Trying to update.
2026-01-21 13:58:19,296 [Worker-14: Building] INFO  o.e.m.c.i.p.WorkspaceClassifierResolverManager - Resolving P/api: com.openclassroom:api:0.0.1-SNAPSHOT with classifier  to /api/target/classes
2026-01-22 21:23:40,537 [Worker-2: Loading available Gradle versions] INFO  o.e.b.c.i.u.g.PublishedGradleVersions - Gradle version information cache is out-of-date. Trying to update.
2026-01-22 21:29:12,534 [Worker-7: Loading available Gradle versions] INFO  o.e.b.c.i.u.g.PublishedGradleVersions - Gradle version information cache is up-to-date. Trying to read.
2026-01-22 21:29:42,328 [Worker-6: Loading available Gradle versions] INFO  o.e.b.c.i.u.g.PublishedGradleVersions - Gradle version information cache is up-to-date. Trying to read.
2026-01-22 21:32:59,475 [Worker-19: Loading available Gradle versions] INFO  o.e.b.c.i.u.g.PublishedGradleVersions - Gradle version information cache is up-to-date. Trying to read.
2026-01-22 21:34:07,817 [Worker-25: Building] INFO  o.a.m.s.f.DefaultMavenResourcesFiltering - Copying 1 resource from src/main/resources to target/classes
2026-01-22 21:34:07,853 [Worker-25: Building] INFO  o.a.m.s.f.DefaultMavenResourcesFiltering - Copying 4 resources from src/main/resources to target/classes
2026-01-22 21:34:07,866 [Worker-25: Building] INFO  o.a.m.s.f.DefaultMavenResourcesFiltering - skip non existing resourceDirectory /home/diamanka/eclipse-workspace /api/src/test/resources
2026-01-22 21:34:08,909 [Worker-25: Building] INFO  o.a.m.s.f.DefaultMavenResourcesFiltering - Copying 1 resource from src/main/resources to target/classes
2026-01-22 21:34:08,932 [Worker-25: Building] INFO  o.a.m.s.f.DefaultMavenResourcesFiltering - Copying 0 resource from src/main/resources to target/classes
2026-01-22 21:34:08,944 [Worker-25: Building] INFO  o.a.m.s.f.DefaultMavenResourcesFiltering - skip non existing resourceDirectory /home/diamanka/eclipse-workspace /helloworld/src/test/resources
2026-01-22 21:34:09,977 [Worker-25: Building] INFO  o.e.m.c.i.p.WorkspaceClassifierResolverManager - Resolving P/api: com.openclassroom:api:0.0.1-SNAPSHOT with classifier  to /api/target/classes
2026-01-22 21:34:10,167 [Worker-25: Building] INFO  o.a.m.s.f.DefaultMavenResourcesFiltering - Copying 1 resource from src/main/resources to target/classes
2026-01-22 21:34:10,181 [Worker-25: Building] INFO  o.a.m.s.f.DefaultMavenResourcesFiltering - Copying 4 resources from src/main/resources to target/classes
2026-01-22 21:34:10,188 [Worker-25: Building] INFO  o.a.m.s.f.DefaultMavenResourcesFiltering - skip non existing resourceDirectory /home/diamanka/eclipse-workspace /webapp/src/test/resources
2026-01-23 13:45:00,179 [Worker-7: Loading available Gradle versions] INFO  o.e.b.c.i.u.g.PublishedGradleVersions - Gradle version information cache is up-to-date. Trying to read.
2026-01-23 13:45:03,519 [Worker-7: Building] INFO  o.a.m.s.f.DefaultMavenResourcesFiltering - Copying 1 resource from src/main/resources to target/classes
2026-01-23 13:45:03,553 [Worker-7: Building] INFO  o.a.m.s.f.DefaultMavenResourcesFiltering - Copying 4 resources from src/main/resources to target/classes
2026-01-23 13:45:03,564 [Worker-7: Building] INFO  o.a.m.s.f.DefaultMavenResourcesFiltering - skip non existing resourceDirectory /home/diamanka/eclipse-workspace /api/src/test/resources
2026-01-23 13:45:04,584 [Worker-7: Building] INFO  o.a.m.s.f.DefaultMavenResourcesFiltering - Copying 1 resource from src/main/resources to target/classes
2026-01-23 13:45:04,603 [Worker-7: Building] INFO  o.a.m.s.f.DefaultMavenResourcesFiltering - Copying 0 resource from src/main/resources to target/classes
2026-01-23 13:45:04,609 [Worker-7: Building] INFO  o.a.m.s.f.DefaultMavenResourcesFiltering - skip non existing resourceDirectory /home/diamanka/eclipse-workspace /helloworld/src/test/resources
2026-01-23 13:45:05,446 [Worker-7: Building] INFO  o.e.m.c.i.p.WorkspaceClassifierResolverManager - Resolving P/api: com.openclassroom:api:0.0.1-SNAPSHOT with classifier  to /api/target/classes
2026-01-23 13:45:05,531 [Worker-7: Building] INFO  o.a.m.s.f.DefaultMavenResourcesFiltering - Copying 1 resource from src/main/resources to target/classes
2026-01-23 13:45:05,542 [Worker-7: Building] INFO  o.a.m.s.f.DefaultMavenResourcesFiltering - Copying 4 resources from src/main/resources to target/classes
2026-01-23 13:45:05,548 [Worker-7: Building] INFO  o.a.m.s.f.DefaultMavenResourcesFiltering - skip non existing resourceDirectory /home/diamanka/eclipse-workspace /webapp/src/test/resources
2026-01-27 22:06:21,167 [Worker-3: Loading available Gradle versions] INFO  o.e.b.c.i.u.g.PublishedGradleVersions - Gradle version information cache is out-of-date. Trying to update.
2026-01-27 22:07:48,480 [Worker-28: Building] INFO  o.a.m.s.f.DefaultMavenResourcesFiltering - Copying 1 resource from src/main/resources to target/classes
2026-01-27 22:07:48,501 [Worker-28: Building] INFO  o.a.m.s.f.DefaultMavenResourcesFiltering - Copying 4 resources from src/main/resources to target/classes
2026-01-27 22:07:48,509 [Worker-28: Building] INFO  o.a.m.s.f.DefaultMavenResourcesFiltering - skip non existing resourceDirectory /home/diamanka/eclipse-workspace /api/src/test/resources
2026-01-27 22:07:49,498 [Worker-28: Building] INFO  o.a.m.s.f.DefaultMavenResourcesFiltering - Copying 1 resource from src/main/resources to target/classes
2026-01-27 22:07:49,522 [Worker-28: Building] INFO  o.a.m.s.f.DefaultMavenResourcesFiltering - Copying 0 resource from src/main/resources to target/classes
2026-01-27 22:07:49,528 [Worker-28: Building] INFO  o.a.m.s.f.DefaultMavenResourcesFiltering - skip non existing resourceDirectory /home/diamanka/eclipse-workspace /helloworld/src/test/resources
2026-01-27 22:07:50,210 [Worker-28: Building] INFO  o.e.m.c.i.p.WorkspaceClassifierResolverManager - Resolving P/api: com.openclassroom:api:0.0.1-SNAPSHOT with classifier  to /api/target/classes
2026-01-27 22:07:50,305 [Worker-28: Building] INFO  o.a.m.s.f.DefaultMavenResourcesFiltering - Copying 1 resource from src/main/resources to target/classes
2026-01-27 22:07:50,324 [Worker-28: Building] INFO  o.a.m.s.f.DefaultMavenResourcesFiltering - Copying 4 resources from src/main/resources to target/classes
2026-01-27 22:07:50,330 [Worker-28: Building] INFO  o.a.m.s.f.DefaultMavenResourcesFiltering - skip non existing resourceDirectory /home/diamanka/eclipse-workspace /webapp/src/test/resources
2026-01-30 11:19:35,911 [Worker-6: Loading available Gradle versions] INFO  o.e.b.c.i.u.g.PublishedGradleVersions - Gradle version information cache is out-of-date. Trying to update.
2026-02-05 11:32:31,555 [Worker-5: Building] INFO  o.e.m.c.i.p.WorkspaceClassifierResolverManager - Resolving P/api: com.openclassroom:api:0.0.1-SNAPSHOT with classifier  to /api/target/classes
2026-02-05 11:32:37,789 [Worker-3: Loading available Gradle versions] INFO  o.e.b.c.i.u.g.PublishedGradleVersions - Gradle version information cache is out-of-date. Trying to update.
2026-02-06 13:43:28,917 [Worker-8: Loading available Gradle versions] INFO  o.e.b.c.i.u.g.PublishedGradleVersions - Gradle version information cache is out-of-date. Trying to update.
2026-02-11 10:45:12,632 [Worker-3: Loading available Gradle versions] INFO  o.e.b.c.i.u.g.PublishedGradleVersions - Gradle version information cache is out-of-date. Trying to update.
2026-02-19 12:52:42,577 [Worker-2: Loading available Gradle versions] INFO  o.e.b.c.i.u.g.PublishedGradleVersions - Gradle version information cache is out-of-date. Trying to update.
2026-02-24 15:35:31,906 [Worker-2: Loading available Gradle versions] INFO  o.e.b.c.i.u.g.PublishedGradleVersions - Gradle version information cache is out-of-date. Trying to update.
2026-02-25 11:10:46,877 [Worker-37: Loading available Gradle versions] INFO  o.e.b.c.i.u.g.PublishedGradleVersions - Gradle version information cache is up-to-date. Trying to read.
2026-02-27 23:15:13,531 [Worker-7: Loading available Gradle versions] INFO  o.e.b.c.i.u.g.PublishedGradleVersions - Gradle version information cache is out-of-date. Trying to update.
2026-03-08 13:37:55,944 [Worker-6: Loading available Gradle versions] INFO  o.e.b.c.i.u.g.PublishedGradleVersions - Gradle version information cache is out-of-date. Trying to update.
2026-03-10 01:09:40,584 [Worker-4: Loading available Gradle versions] INFO  o.e.b.c.i.u.g.PublishedGradleVersions - Gradle version information cache is out-of-date. Trying to update.
2026-03-12 11:55:28,110 [Worker-4: Loading available Gradle versions] INFO  o.e.b.c.i.u.g.PublishedGradleVersions - Gradle version information cache is out-of-date. Trying to update.
2026-03-12 12:15:57,137 [Worker-5: Loading available Gradle versions] INFO  o.e.b.c.i.u.g.PublishedGradleVersions - Gradle version information cache is up-to-date. Trying to read.
2026-03-12 22:57:21,435 [Worker-6: Loading available Gradle versions] INFO  o.e.b.c.i.u.g.PublishedGradleVersions - Gradle version information cache is up-to-date. Trying to read.
2026-03-18 10:58:41,669 [Worker-5: Loading available Gradle versions] INFO  o.e.b.c.i.u.g.PublishedGradleVersions - Gradle version information cache is out-of-date. Trying to update.
2026-03-19 21:15:41,965 [Worker-7: Loading available Gradle versions] INFO  o.e.b.c.i.u.g.PublishedGradleVersions - Gradle version information cache is out-of-date. Trying to update.
2026-03-19 23:04:07,986 [Worker-59: Building] INFO  o.a.m.s.f.DefaultMavenResourcesFiltering - Copying 1 resource from src/main/resources to target/classes
2026-03-19 23:04:08,019 [Worker-59: Building] INFO  o.a.m.s.f.DefaultMavenResourcesFiltering - Copying 4 resources from src/main/resources to target/classes
2026-03-19 23:04:08,031 [Worker-59: Building] INFO  o.a.m.s.f.DefaultMavenResourcesFiltering - skip non existing resourceDirectory /home/diamanka/eclipse-workspace /api/src/test/resources
2026-03-19 23:04:09,027 [Worker-59: Building] INFO  o.a.m.s.f.DefaultMavenResourcesFiltering - Copying 1 resource from src/main/resources to target/classes
2026-03-19 23:04:09,038 [Worker-59: Building] INFO  o.a.m.s.f.DefaultMavenResourcesFiltering - Copying 0 resource from src/main/resources to target/classes
2026-03-19 23:04:09,044 [Worker-59: Building] INFO  o.a.m.s.f.DefaultMavenResourcesFiltering - skip non existing resourceDirectory /home/diamanka/eclipse-workspace /helloworld/src/test/resources
2026-03-19 23:04:10,018 [Worker-59: Building] INFO  o.e.m.c.i.p.WorkspaceClassifierResolverManager - Resolving P/api: com.openclassroom:api:0.0.1-SNAPSHOT with classifier  to /api/target/classes
2026-03-19 23:04:10,154 [Worker-59: Building] INFO  o.a.m.s.f.DefaultMavenResourcesFiltering - Copying 1 resource from src/main/resources to target/classes
2026-03-19 23:04:10,177 [Worker-59: Building] INFO  o.a.m.s.f.DefaultMavenResourcesFiltering - Copying 4 resources from src/main/resources to target/classes
2026-03-19 23:04:10,184 [Worker-59: Building] INFO  o.a.m.s.f.DefaultMavenResourcesFiltering - skip non existing resourceDirectory /home/diamanka/eclipse-workspace /webapp/src/test/resources
2026-03-20 13:55:44,740 [Worker-6: Loading available Gradle versions] INFO  o.e.b.c.i.u.g.PublishedGradleVersions - Gradle version information cache is up-to-date. Trying to read.
2026-03-20 16:14:57,508 [Worker-71: Cleaning all projects] INFO  o.e.m.c.i.p.WorkspaceClassifierResolverManager - Resolving P/api: com.openclassroom:api:0.0.1-SNAPSHOT with classifier  to /api/target/classes
2026-03-20 16:14:58,820 [Worker-73: Building] INFO  o.a.m.s.f.DefaultMavenResourcesFiltering - Copying 1 resource from src/main/resources to target/classes
2026-03-20 16:14:58,844 [Worker-73: Building] INFO  o.a.m.s.f.DefaultMavenResourcesFiltering - Copying 4 resources from src/main/resources to target/classes
2026-03-20 16:14:58,852 [Worker-73: Building] INFO  o.a.m.s.f.DefaultMavenResourcesFiltering - skip non existing resourceDirectory /home/diamanka/eclipse-workspace /api/src/test/resources
2026-03-20 16:14:59,363 [Worker-73: Building] INFO  o.a.m.s.f.DefaultMavenResourcesFiltering - Copying 1 resource from src/main/resources to target/classes
2026-03-20 16:14:59,402 [Worker-73: Building] INFO  o.a.m.s.f.DefaultMavenResourcesFiltering - Copying 0 resource from src/main/resources to target/classes
2026-03-20 16:14:59,412 [Worker-73: Building] INFO  o.a.m.s.f.DefaultMavenResourcesFiltering - skip non existing resourceDirectory /home/diamanka/eclipse-workspace /helloworld/src/test/resources
2026-03-20 16:14:59,625 [Worker-73: Building] INFO  o.a.m.s.f.DefaultMavenResourcesFiltering - Copying 1 resource from src/main/resources to target/classes
2026-03-20 16:14:59,646 [Worker-73: Building] INFO  o.a.m.s.f.DefaultMavenResourcesFiltering - Copying 4 resources from src/main/resources to target/classes
2026-03-20 16:14:59,654 [Worker-73: Building] INFO  o.a.m.s.f.DefaultMavenResourcesFiltering - skip non existing resourceDirectory /home/diamanka/eclipse-workspace /webapp/src/test/resources
2026-03-24 09:29:43,343 [Worker-6: Loading available Gradle versions] INFO  o.e.b.c.i.u.g.PublishedGradleVersions - Gradle version information cache is out-of-date. Trying to update.
2026-03-24 09:37:26,417 [Worker-33: Building] INFO  o.a.m.s.f.DefaultMavenResourcesFiltering - Copying 1 resource from src/main/resources to target/classes
2026-03-24 09:37:26,441 [Worker-33: Building] INFO  o.a.m.s.f.DefaultMavenResourcesFiltering - Copying 4 resources from src/main/resources to target/classes
2026-03-24 09:37:26,449 [Worker-33: Building] INFO  o.a.m.s.f.DefaultMavenResourcesFiltering - skip non existing resourceDirectory /home/diamanka/eclipse-workspace /api/src/test/resources
2026-03-24 09:37:27,626 [Worker-33: Building] INFO  o.a.m.s.f.DefaultMavenResourcesFiltering - Copying 1 resource from src/main/resources to target/classes
2026-03-24 09:37:27,646 [Worker-33: Building] INFO  o.a.m.s.f.DefaultMavenResourcesFiltering - Copying 0 resource from src/main/resources to target/classes
2026-03-24 09:37:27,654 [Worker-33: Building] INFO  o.a.m.s.f.DefaultMavenResourcesFiltering - skip non existing resourceDirectory /home/diamanka/eclipse-workspace /helloworld/src/test/resources
2026-03-24 09:37:28,460 [Worker-33: Building] INFO  o.e.m.c.i.p.WorkspaceClassifierResolverManager - Resolving P/api: com.openclassroom:api:0.0.1-SNAPSHOT with classifier  to /api/target/classes
2026-03-24 09:37:28,599 [Worker-33: Building] INFO  o.a.m.s.f.DefaultMavenResourcesFiltering - Copying 1 resource from src/main/resources to target/classes
2026-03-24 09:37:28,623 [Worker-33: Building] INFO  o.a.m.s.f.DefaultMavenResourcesFiltering - Copying 4 resources from src/main/resources to target/classes
2026-03-24 09:37:28,631 [Worker-33: Building] INFO  o.a.m.s.f.DefaultMavenResourcesFiltering - skip non existing resourceDirectory /home/diamanka/eclipse-workspace /webapp/src/test/resources
2026-03-24 15:54:57,241 [Worker-10: Loading available Gradle versions] INFO  o.e.b.c.i.u.g.PublishedGradleVersions - Gradle version information cache is up-to-date. Trying to read.
2026-03-26 23:30:07,484 [Worker-2: Loading available Gradle versions] INFO  o.e.b.c.i.u.g.PublishedGradleVersions - Gradle version information cache is out-of-date. Trying to update.
2026-04-01 09:52:56,224 [Worker-2: Loading available Gradle versions] INFO  o.e.b.c.i.u.g.PublishedGradleVersions - Gradle version information cache is out-of-date. Trying to update.
2026-04-02 12:28:05,004 [Worker-1: Loading available Gradle versions] INFO  o.e.b.c.i.u.g.PublishedGradleVersions - Gradle version information cache is out-of-date. Trying to update.
2026-04-03 11:38:24,163 [Worker-7: Loading available Gradle versions] INFO  o.e.b.c.i.u.g.PublishedGradleVersions - Gradle version information cache is up-to-date. Trying to read.
2026-04-03 12:16:28,475 [Worker-37: Cleaning all projects] INFO  o.e.m.c.i.p.WorkspaceClassifierResolverManager - Resolving P/api: com.openclassroom:api:0.0.1-SNAPSHOT with classifier  to /api/target/classes
2026-04-03 12:16:29,862 [Worker-37: Building] INFO  o.a.m.s.f.DefaultMavenResourcesFiltering - Copying 1 resource from src/main/resources to target/classes
2026-04-03 12:16:29,880 [Worker-37: Building] INFO  o.a.m.s.f.DefaultMavenResourcesFiltering - Copying 4 resources from src/main/resources to target/classes
2026-04-03 12:16:29,886 [Worker-37: Building] INFO  o.a.m.s.f.DefaultMavenResourcesFiltering - skip non existing resourceDirectory /home/diamanka/eclipse-workspace /api/src/test/resources
2026-04-03 12:16:30,210 [Worker-37: Building] INFO  o.a.m.s.f.DefaultMavenResourcesFiltering - Copying 1 resource from src/main/resources to target/classes
2026-04-03 12:16:30,217 [Worker-37: Building] INFO  o.a.m.s.f.DefaultMavenResourcesFiltering - Copying 0 resource from src/main/resources to target/classes
2026-04-03 12:16:30,221 [Worker-37: Building] INFO  o.a.m.s.f.DefaultMavenResourcesFiltering - skip non existing resourceDirectory /home/diamanka/eclipse-workspace /helloworld/src/test/resources
2026-04-03 12:16:30,391 [Worker-37: Building] INFO  o.a.m.s.f.DefaultMavenResourcesFiltering - Copying 1 resource from src/main/resources to target/classes
2026-04-03 12:16:30,400 [Worker-37: Building] INFO  o.a.m.s.f.DefaultMavenResourcesFiltering - Copying 4 resources from src/main/resources to target/classes
2026-04-03 12:16:30,405 [Worker-37: Building] INFO  o.a.m.s.f.DefaultMavenResourcesFiltering - skip non existing resourceDirectory /home/diamanka/eclipse-workspace /webapp/src/test/resources
2026-04-03 12:51:48,620 [Worker-63: Building] INFO  o.a.m.s.f.DefaultMavenResourcesFiltering - Copying 1 resource from src/main/resources to target/classes
2026-04-03 12:51:48,624 [Worker-63: Building] INFO  o.a.m.s.f.DefaultMavenResourcesFiltering - Copying 4 resources from src/main/resources to target/classes
2026-04-03 12:51:48,630 [Worker-63: Building] INFO  o.a.m.s.f.DefaultMavenResourcesFiltering - skip non existing resourceDirectory /home/diamanka/eclipse-workspace /api/src/test/resources
2026-04-03 12:51:48,694 [Worker-63: Building] INFO  o.a.m.s.f.DefaultMavenResourcesFiltering - Copying 1 resource from src/main/resources to target/classes
2026-04-03 12:51:48,696 [Worker-63: Building] INFO  o.a.m.s.f.DefaultMavenResourcesFiltering - Copying 0 resource from src/main/resources to target/classes
2026-04-03 12:51:48,700 [Worker-63: Building] INFO  o.a.m.s.f.DefaultMavenResourcesFiltering - skip non existing resourceDirectory /home/diamanka/eclipse-workspace /helloworld/src/test/resources
2026-04-03 12:51:48,810 [Worker-63: Building] INFO  o.a.m.s.f.DefaultMavenResourcesFiltering - Copying 1 resource from src/main/resources to target/classes
2026-04-03 12:51:48,812 [Worker-63: Building] INFO  o.a.m.s.f.DefaultMavenResourcesFiltering - Copying 4 resources from src/main/resources to target/classes
2026-04-03 12:51:48,818 [Worker-63: Building] INFO  o.a.m.s.f.DefaultMavenResourcesFiltering - skip non existing resourceDirectory /home/diamanka/eclipse-workspace /webapp/src/test/resources
2026-04-07 12:59:34,569 [Worker-2: Loading available Gradle versions] INFO  o.e.b.c.i.u.g.PublishedGradleVersions - Gradle version information cache is out-of-date. Trying to update.
2026-04-08 11:36:22,799 [Worker-2: Loading available Gradle versions] INFO  o.e.b.c.i.u.g.PublishedGradleVersions - Gradle version information cache is up-to-date. Trying to read.
2026-04-29 16:20:07,977 [Worker-5: Loading available Gradle versions] INFO  o.e.b.c.i.u.g.PublishedGradleVersions - Gradle version information cache is out-of-date. Trying to update.
2026-04-30 15:04:48,275 [Worker-2: Loading available Gradle versions] INFO  o.e.b.c.i.u.g.PublishedGradleVersions - Gradle version information cache is up-to-date. Trying to read.
2026-04-30 16:08:29,517 [Worker-46: Building] INFO  o.a.m.s.f.DefaultMavenResourcesFiltering - Copying 1 resource from src/main/resources to target/classes
2026-04-30 16:08:29,536 [Worker-46: Building] INFO  o.a.m.s.f.DefaultMavenResourcesFiltering - Copying 4 resources from src/main/resources to target/classes
2026-04-30 16:08:29,544 [Worker-46: Building] INFO  o.a.m.s.f.DefaultMavenResourcesFiltering - skip non existing resourceDirectory /home/diamanka/eclipse-workspace /api/src/test/resources
2026-04-30 16:08:30,372 [Worker-46: Building] INFO  o.a.m.s.f.DefaultMavenResourcesFiltering - Copying 1 resource from src/main/resources to target/classes
2026-04-30 16:08:30,393 [Worker-46: Building] INFO  o.a.m.s.f.DefaultMavenResourcesFiltering - Copying 0 resource from src/main/resources to target/classes
2026-04-30 16:08:30,399 [Worker-46: Building] INFO  o.a.m.s.f.DefaultMavenResourcesFiltering - skip non existing resourceDirectory /home/diamanka/eclipse-workspace /helloworld/src/test/resources
2026-04-30 16:08:30,953 [Worker-46: Building] INFO  o.e.m.c.i.p.WorkspaceClassifierResolverManager - Resolving P/api: com.openclassroom:api:0.0.1-SNAPSHOT with classifier  to /api/target/classes
2026-04-30 16:08:31,013 [Worker-46: Building] INFO  o.a.m.s.f.DefaultMavenResourcesFiltering - Copying 1 resource from src/main/resources to target/classes
2026-04-30 16:08:31,021 [Worker-46: Building] INFO  o.a.m.s.f.DefaultMavenResourcesFiltering - Copying 4 resources from src/main/resources to target/classes
2026-04-30 16:08:31,032 [Worker-46: Building] INFO  o.a.m.s.f.DefaultMavenResourcesFiltering - skip non existing resourceDirectory /home/diamanka/eclipse-workspace /webapp/src/test/resources
2026-05-15 09:46:16,519 [Worker-6: Loading available Gradle versions] INFO  o.e.b.c.i.u.g.PublishedGradleVersions - Gradle version information cache is out-of-date. Trying to update.
2026-05-17 11:49:41,944 [Worker-6: Loading available Gradle versions] INFO  o.e.b.c.i.u.g.PublishedGradleVersions - Gradle version information cache is out-of-date. Trying to update.
